,,M_c,q,s1_z,s2_z,iota,d_L,t_c,psi,ra,dec,lambda_1,lambda_2,logL,logL_birth,nlive
labels,,$M_c$,$q$,$s_{1z}$,$s_{2z}$,$\iota$,$d_L$,$t_c$,$\psi$,$\alpha$,$\delta$,$\Lambda_1$,$\Lambda_2$,$\ln\mathcal{L}$,$\ln\mathcal{L}_\mathrm{birth}$,$n_\mathrm{live}$
,weights,,,,,,,,,,,,,,,
0,0.0,1.9043524487323433,0.7811180157637982,0.026407770095753166,-0.041837827787113695,0.2462407509110176,22.032180187888905,-2.1843901796797134,0.014385142194115278,6.198564977587949,-0.8153054253467532,2768.279417713657,3953.9986139430525,-1533.5742532118513,,500
1,0.0,1.5489991614538154,0.7915237284022815,-0.027940169688061234,-0.033157183771447205,0.594082941015388,21.863387982306683,-2.3129931670344135,2.936858136560464,5.905973826700728,-0.7447127034873139,349.4637342679219,1706.526924237175,-786.020962931047,,499
2,8.029318967077477e-226,1.569871532919012,0.764681695390159,-0.04309423607316687,0.03151747703880657,2.591214278804139,25.71603267226982,-0.9603976553900235,0.18350525476977686,5.613408619996796,-0.6969859397190543,1210.1649277118265,2665.1623763481603,-519.3756767013583,,498
3,1.5096927830740685e-165,1.4303215725342897,0.9660070609292615,0.03831461389157838,0.0018985500755700699,2.7763715563912905,34.06791950722495,-6.699662537304856,1.7024100153890411,5.97180923043113,-0.7928204363212285,1396.383533634753,2702.73063005061,-380.5891795668005,,497
4,6.792569267255537e-131,1.5830137990163302,0.47606086128381986,-0.044274059344022336,0.043092887306781666,2.6238411840275497,35.89313479784597,-2.0559681724205303,2.449955432502287,6.118663440205235,-0.6150668003082775,4783.17574378957,4859.161507117918,-300.79736332033735,,496
5,1.8808064263031798e-118,1.4725423391795205,0.3109586585137387,-0.018043048298651602,0.024613491510549187,0.7107345151812691,31.53652052054076,-4.6026062719455325,2.0084298306453947,5.859572300425615,-0.6687221231349452,1546.744162372178,413.710567513037,-272.1478857362593,,495
6,3.0667322966831166e-105,1.4341155057277593,0.13897396962785366,0.042449341918608385,-0.04244692401792854,0.9641977673895868,23.447270801940473,-0.5043261556956242,2.6528258817460926,5.830275741193748,-0.7250537059313803,2500.300838287669,1633.2458589821586,-241.72536756611674,,494
7,1.5528628705138668e-91,1.1824566784681187,0.763922257730399,0.012743295400130444,0.019874053224842883,2.5735886455736825,35.130991533326096,-2.048466101076185,2.892120212793679,6.105476843874,-0.7637002494131025,2944.2004552690837,2856.736209190454,-210.1696886199159,,493
8,8.494922959815389e-89,1.0862946828044795,0.5605821680261324,-0.01927073110994684,-0.013159249109575222,0.6614826666656535,29.821008295382534,-0.7596768589391623,0.2874360431292609,5.75320029474202,-0.6659114669022652,56.140541543316935,2378.647159773394,-203.86514998826522,,492
9,6.184696138524181e-81,1.1612421456595432,0.9830882425852606,-0.02468139367869944,-0.01979504793504505,0.23297217383324795,41.70430784463278,-0.14037392744475596,0.2070773839178391,6.155118010533412,-0.6993550088139824,3450.5659023860558,4073.764211517943,-185.76186005464768,,491
10,5.0612635980773935e-68,1.3866905876961866,0.36288205556896624,-0.046435638375830694,0.038916904560994836,0.2652177817020797,51.1026191671929,-1.313676991980195,2.8610367540729897,5.824786597356019,-0.6949343940539224,1363.1808853758498,2923.2237213864355,-156.0287155465233,,490
11,3.14126365909098e-67,1.5407263559767121,0.12856694131118315,0.047132941427845104,-0.0296884681848157,2.867134426924891,44.84619312835827,-9.648603401124376,2.718138588310497,5.677758013163113,-0.7452089168948016,1281.3661879997373,4000.829523986733,-154.203121470429,,489
12,3.7814231054985015e-66,1.8219641118028664,0.1841192745563386,-0.015590528658669882,0.014764585348115825,2.5236270051335596,45.53216529873247,-3.974916059554337,0.6909138618010117,6.0467520882405825,-0.7037097648599709,4013.1951881738005,2597.9976585867903,-151.71506111388345,,488
13,4.227233635234047e-46,1.515181367113617,0.8992436011924122,0.026486058068313306,0.006291712651724478,2.7698478008608483,63.167468347944585,-3.8315523241940745,2.9388633001747713,5.692051020673426,-0.711241245435344,2045.1943813977136,3891.182850589844,-105.55191188354512,,487
14,8.992834980024654e-45,1.7601952320254683,0.23739626275812278,-0.0037207695929595275,-0.02421258980570149,2.8853597932796697,69.25176378820343,-8.745310137570087,2.368644271675926,6.086389115647642,-0.5116319304361782,191.00342301346606,4009.896812825646,-102.49444643578512,,486
15,2.508006244364361e-44,1.7752066027004543,0.3182817745916503,0.03835324062914228,0.0013656250090802874,1.7883772322887252,34.352243882951996,-2.208175095985112,0.803174011271331,5.621150202262812,-0.6288330938294827,1870.531520162474,30.82345741666326,-101.46880137718416,,485
16,3.614150338325884e-43,1.2017248782742,0.5161855947762446,-0.035173225742436115,0.03580357008672329,1.303623229421329,32.61847069482482,-1.0763029640754276,2.267522828075238,6.198326845369743,-0.6728679713783791,902.8502051521903,1909.6432601456315,-98.80084760655862,,484
17,1.536069458254798e-38,1.6952577424676372,0.53286534168599,-0.030975401431439044,0.04413581570981129,0.6754230351766097,64.06205385096699,-1.0162123249008133,2.9294628525558695,5.8859002288864355,-0.6854287122009769,2394.688424897362,1945.723335405356,-88.14355207784489,,483
18,2.5884548005924566e-38,1.5006697939984237,0.7588179842419193,0.048142106523020575,-0.007751243822019395,0.9422305625169625,46.898571872557476,-8.085320160755153,1.3284214324883978,5.808156953766573,-0.6466140874395415,487.3254028226126,3476.260362357985,-87.62171783618017,,482
19,8.803609225841897e-38,1.0068331629694856,0.9647533400641203,-0.02846776753734419,0.04801338166197622,2.0197317839077154,24.938620485437966,-5.751469035878374,1.3500800370134,6.045171640644774,-0.7788861438683842,3610.9893840860173,864.0902137753403,-86.39761715506566,,481
20,5.679911262727886e-35,1.844330166574462,0.41453211003776913,-0.023392665071270226,-0.04313602139746706,1.4924170498056073,41.799254357646745,-9.187218043197984,0.7204497251370336,5.900572802424457,-0.6981263215751129,849.8290098195272,4931.908089835179,-79.92808804293189,,480
21,2.0414376776871522e-33,1.8494026262719312,0.5310644859880781,-0.02962966833399763,9.290138260355935e-05,0.7426753097248956,69.7829948076775,-8.132547812334794,2.871080121739455,6.048473801576636,-0.7885682382622108,4774.876904208027,1506.8441091031737,-76.34619916319068,,479
22,1.7112791710796363e-32,1.6677683450191265,0.9837798321193966,-0.028988118487851145,0.03276857118220977,2.1711332023097896,59.046490310087364,-8.390458272558273,2.236821701365276,6.23190037908861,-0.6267428590922479,102.22795017752695,1579.3093410158908,-74.22002722967649,,478
23,2.631445499547836e-29,1.9363859011363196,0.8609508151288419,-0.03857698008759465,0.04906407307879093,0.7587916981521826,77.36903809703693,-7.433005890810708,1.403343957288519,5.825333184514436,-0.673158145660995,188.00412906529783,745.2870936571466,-66.8819797800154,,477
24,3.2345978867106554e-28,1.7397778893395408,0.1781625103957066,-0.03703935941018097,-0.03941132552129432,2.043859705573285,42.42748133373611,-0.6475971438532451,1.263653582685735,5.753513993141932,-0.5762531755693876,4698.717439269544,4953.158617111595,-64.37302338246083,,476
25,1.4135638613433276e-23,1.9000090828849494,0.33056009725645863,-0.003731505638864839,-0.02812067371254048,2.5972858130369065,88.52919815478252,-7.115477125787304,1.7663993860829406,5.96015867382807,-0.6571867939132222,4230.442418156912,3167.941480148715,-53.68788846013932,,475
26,2.5282591705346759e-23,1.3836447515017218,0.6462186600263811,0.04781752676279298,0.03259962595877686,1.1600745776495391,36.90803210636943,-2.356174696867468,3.0058913391921163,5.999838887688216,-0.683586406160769,515.2161673544953,588.8473351454516,-53.10647154583543,,474
27,3.777243563730688e-21,1.6123567617435712,0.2029528447854097,0.005878883637074693,0.02441714171807026,1.7583888886278949,41.12214806892033,-5.48837842238759,2.2178028306119804,5.7996366021156325,-0.5115890804936504,4091.809286866056,4331.19419378989,-48.09983782318715,,473
28,4.657950029789259e-21,1.7183589451583847,0.7696184077539787,0.02819427894414843,-0.00790526190476968,1.7784185611570758,52.599413868593466,-6.178560242857827,0.4682084196310203,6.0207212815328575,-0.6569815256082798,2898.933772834653,88.5787417619821,-47.890256907287934,,472
29,4.869545146894526e-21,1.9647969590347072,0.5158475879006952,-0.013785151553736434,-0.012819301149675354,2.6880944539643936,112.45199766486479,-7.392754808303248,0.99373419553771,6.010149499542704,-0.6815134587396394,3721.0584826513405,3579.8145649423986,-47.84583181712954,,471
30,3.934485721178721e-20,1.2149136222199068,0.4899942686136842,0.03725357453365606,-0.009931543167253865,0.2980595022702697,88.51807563903661,-1.936532628624727,1.2156438456747538,6.181961451462019,-0.6912004835202562,3520.0587966121598,367.1926959445959,-45.75646707801913,,470
31,4.1287568618409374e-20,1.3728085503811518,0.552550931279947,0.04340808230523714,-0.0031996216012292397,2.341227583060322,67.53067147793794,-8.543418921544276,0.6744939660941659,5.819792409935916,-0.7224830465662909,1420.9419566412273,794.9787510871531,-45.70827089818589,,469
32,4.768934551608764e-20,1.5737821595030128,0.27734622385867164,-0.044251599337526475,0.04520943875030024,1.2812749029865564,30.08298765605788,-7.29894035656832,1.8207603668079637,5.820701002914897,-0.4868423533231103,2183.0069815081433,1686.871344076888,-45.56412434236499,,468
33,8.716687256206536e-16,1.3458206329629423,0.45759419630224346,-0.030282540904684276,-0.01765008713501122,1.4879699896210778,46.059615495403236,-0.07107799342824528,2.417514874711701,5.67209406276207,-0.7315560372191485,1308.0912248617337,4747.456837812683,-35.750667621968155,,467
34,2.860363766110441e-15,1.9708205486856984,0.5621403259831047,-0.041597401878490085,0.02857705078702928,2.2158935720207222,78.92632256197236,-5.523295453462085,2.5742478761024716,5.422259429396041,-0.4772140575287287,3066.3079632979707,1257.3732843590835,-34.562372985211475,,466
35,2.9988877720660686e-15,1.4627012621954936,0.24020868685963642,-0.019737905851955784,-0.043242700888272693,1.0608720294449272,59.62490744235536,-1.2123713553793891,0.8764972137338612,6.162032507406412,-0.7389244518113672,2702.4519669477854,23.36793591111497,-34.515080315621454,,465
36,4.440974135236355e-14,1.358918870655649,0.4761477281529292,0.0432814444348668,0.04282333892363199,2.8699172828560364,114.22935699614696,-4.622829786907863,1.1351902731416443,5.923063153212476,-0.6891587240973688,1189.3381202305109,2680.280307157361,-31.819862947701306,,464
37,5.147105483899925e-13,1.2056590558502625,0.18928374627769856,-0.0397883875454591,0.008183464283364028,2.5778677666038305,77.66247682751886,-6.069590748017422,0.9915454271537875,5.566645595369606,-0.7481542231300782,3826.6738538825484,2728.9361044601433,-29.369717092205107,,463
38,1.433318599473058e-12,1.1926200557327398,0.9886436333713475,-0.023890509517206837,0.04741818628471631,1.7945559346145006,28.489054825520608,-6.723469855148922,3.0205420255200472,5.908973546223441,-0.7372522939429235,1321.3941929856198,2662.8156467695053,-28.345574059379548,,462
39,1.4671700060809045e-12,1.0755143878075872,0.6948449949138039,-0.016003946741570865,-0.000944772523726399,2.117923297553681,53.1339373817174,-8.286710051337671,1.700364694274063,5.854949845700406,-0.7936774274713833,4634.460463721901,715.9271915630261,-28.32223113457518,,461
40,1.2998085198670638e-11,1.9610087995603098,0.3121158644415823,0.04728932551536551,0.0120629857492075,0.4411298675688722,140.38834497962645,-5.128106539916613,2.379003893795759,6.0203254424620996,-0.7732011473897045,502.03179145333013,2266.310430649516,-26.1407644597177,,460
41,2.2554690839623666e-11,1.1167507887371784,0.4771511014199379,-0.026660737306010308,-0.024849795924644025,2.631157606834977,81.90265359727846,-5.935908538967811,2.0201264086426094,5.6931316264664815,-0.4352770929621713,3686.6158055584096,1755.2048544732147,-25.58962345010957,,459
42,2.2588001225166756e-11,1.8750710198389613,0.38294033856573,0.01457139248092991,0.03433810063048119,2.7214007281904826,139.21997453745126,-6.82901682298199,1.113868897484821,6.124530928077685,-0.6960258023695617,4289.167280272942,3244.6817451741704,-25.588147667870395,,458
43,2.2653135656300008e-11,1.659300945068419,0.7683212690172021,0.012395953680099311,0.022949385064398448,0.5747768248156263,118.72281471678828,-8.368355948865485,0.2972273698569976,5.606812778480922,-0.7332453452861142,4271.525875611006,1866.528542821203,-25.585268232001777,,457
44,4.264862195703718e-11,1.3556428642094556,0.27353686191142557,0.027651363151776145,-0.0457630968340895,0.13275685575169144,117.67135787762942,-1.1783331397977328,0.7474462003417464,5.760889218886573,-0.7735295518190219,355.82807388113144,618.497974252491,-24.952571551008237,,456
45,1.38439975434376e-10,1.6189158942409776,0.2347124258609951,-0.028085721597903946,0.00080275544470991,2.571315817709694,116.4207009382594,-4.305509711342035,0.27236594400018505,5.899639464275028,-0.8782979360799684,2134.732387475445,1574.8798339601622,-23.77512967259956,,455
46,3.9037435218982885e-10,1.5351872150764554,0.6012391692694372,-0.011638841352976659,-0.04498650265865505,1.8462668158878084,34.563578654908326,-9.653892945837088,1.586659729196158,5.942695950150543,-0.6444008491193253,436.56554045128695,284.25661078591014,-22.738460357774937,,454
47,1.5793867562435949e-09,1.078854374155612,0.8578921011598699,0.019722774598746134,-0.019909853439612935,1.0390458116116092,69.26745738722147,-5.320313581576775,0.742566701123735,5.698664276149507,-0.691121553042251,2238.9114802615663,2158.21089067713,-21.340774592201,,453
48,5.513896535776984e-07,1.4377859039238923,0.8605508695170319,0.023777530945565423,-0.039302579626920214,1.3605159433966845,62.10935695752729,-3.500453508762618,2.7185918974401466,6.078441130924176,-0.6879026648711029,3708.9468719628194,3717.0151847158772,-15.485369500439127,,452
49,8.56410862997119e-07,1.6353891139789858,0.13005591804487782,-0.004474811627890429,-0.008884707202334766,1.0861738911383527,74.06377063768693,-7.214762309263847,0.3219765843663169,5.85408480127514,-0.6592513765794549,4198.971003745752,3888.345797860677,-15.045060993813609,,451
50,9.908517499432818e-07,1.844567669500086,0.6726146666750374,0.03038317785668547,-0.012001542917422371,2.3089076216492983,134.567413419405,-5.388307886438062,1.8865119675414723,5.643559100302772,-0.5964145348503592,2743.455443046726,4326.047688096915,-14.899246308223782,,450
51,1.0346145784304325e-06,1.5744270471125987,0.5615070925046094,0.03490239669871874,-0.004595585211671249,0.18034626690723324,183.1797229473869,-6.792347658928922,2.944595944489912,5.951243743800614,-0.5766123547355392,4612.892173838808,2388.1722992663204,-14.856026986582663,,449
52,6.267242652944079e-06,1.4355999191704836,0.1455923127655568,-0.017887180731264496,-0.02852710395396707,1.029091024767634,74.0069825359851,-9.941047266868154,0.4856754901655993,5.514249790278415,-0.685968632082437,656.4071371091873,291.9961147072392,-13.054719466308526,,448
53,7.512234038153318e-06,1.5404796568811694,0.5191686927314437,-0.026907451765073233,0.02135746721835527,1.1359051585311484,103.51155199256817,-6.0748471116408,2.742066489825557,5.698248478044667,-0.7830148718175513,1125.739846666385,2231.968696361315,-12.873523059297087,,447
54,3.8723977445252194e-05,1.9115603820508398,0.14647996255315365,-0.005596752678668174,-0.011287589141782427,0.6313971179348745,134.16880649549458,-9.437616181564206,2.6440131781424414,6.136096373212393,-0.6910694943180191,3928.160668021159,1098.6674582276823,-11.233596975547613,,446
55,7.282277174560893e-05,1.0660217900195723,0.2193008654604267,-0.010716292424984307,0.020356721915490164,1.1161172508148085,85.7131487430898,-7.884066910093599,2.192177013969318,5.99901115371203,-0.7703401985725832,1295.423854517177,3304.316185732962,-10.602027250961697,,445
56,0.00010630156949273185,1.020242459879534,0.7449522679912681,-0.01942093221057095,-0.01767443859449904,2.309343550656365,171.30605283904586,-6.445156675158827,1.4833954100252036,5.936881074386062,-0.7655828502472775,36.45563054635925,367.94311345148213,-10.223775905969344,,444
57,0.0001377883951713901,1.8543461218755624,0.9282480520898114,-0.04005019537713106,-0.04625667972841348,2.3620838924168446,181.69223762422317,-0.3199730528601741,2.8620481470365,5.914962636128921,-0.6614085899283197,4443.26855258066,3223.163982675674,-9.964336815934837,,443
58,0.0001620787909029825,1.1371981327785001,0.2777494497848695,0.03678272364874727,-0.02979015489071886,0.6815735359072483,113.96788088655398,-8.287835540830033,0.9458369133791936,5.760659277994412,-0.4924312400477143,1968.5976184128374,2620.3245329747338,-9.801973375361825,,442
59,0.0001722506843528842,1.7633130162630344,0.5839765161266461,0.026878667349474153,-0.04430652770162742,2.8500393917140108,220.3234467201564,-6.392689077560787,2.100219013575087,6.084053109496799,-0.5533416745815224,3449.7722383991513,2074.834262528855,-9.741105073049486,,441
60,0.00025738620588930237,1.7919883551744564,0.49704735543996115,0.020419939161893705,0.03804539461527334,0.8737975937576018,170.49974678795172,-8.28986659181508,1.0138711434266745,5.860570656775446,-0.5725942529015929,1578.4189286995909,2544.8874600991776,-9.339478252404088,,440
61,0.00027356438295670255,1.6998692758263432,0.16149349035734165,0.030774112527111805,0.014933329997172867,2.6965031947899676,192.9162949712162,-9.721651064165513,2.4636806110795204,6.048721014734515,-0.8030023822406044,4759.241269724632,3657.5115504514056,-9.278518957933912,,439
62,0.00035564709964788267,1.4722650500706806,0.13904528199366314,0.04135479338411799,0.015911314972297808,2.105028265551282,83.35259882987403,-2.5833554086953985,0.34018656934450103,5.951632705059368,-0.5193480261121126,3951.099156904384,3322.1984938735773,-9.016117009884304,,438
63,0.0003700687551686312,1.8983294349335962,0.21200825444230414,0.01858830786772632,0.02913816352033241,1.907122801281702,85.63166585519585,-8.624893180198736,3.076085810260881,5.809178250826729,-0.5821256245417867,2247.51253456434,1790.5670287623554,-8.976367142801358,,437
64,0.00040771450703168947,1.3346251011406844,0.4975697122713466,0.032578944746498695,-0.0037844741461900075,1.660697726149204,80.66017989145857,-7.676846160867649,1.9871480770883017,6.010679606144943,-0.7135067446890614,4823.947380423284,2232.38232786532,-8.87948876415037,,436
65,0.0004949989368502797,1.0373834844935161,0.604485582347893,-0.0410678076671771,-0.023006059513851353,2.2026856145163856,98.72042514487875,-5.2457119139521335,2.6075490978791125,5.513501981787618,-0.668798060529421,2079.189195196317,156.13010299164398,-8.685500341167288,,435
66,0.0005584068520921986,1.6004524053936402,0.38139198848847056,0.028917772498360694,-0.03977718044610634,1.0912056862414836,127.67150985828962,-4.992484596407165,3.0221515874160527,5.752325655518613,-0.8681418508375204,1711.0394115414008,210.38030157810917,-8.56496813364483,,434
67,0.0006791293642837096,1.695827707221821,0.5482466216000074,-0.023215777686379415,0.00179470410081628,2.160904442583083,140.6900898220099,-4.21697106358081,2.1799428017082483,6.0858584278041015,-0.5680165037582467,109.03199957742027,326.17298396955596,-8.36924432477194,,433
68,0.001019643464744515,1.1800602607657609,0.5676313099864623,-0.000544129093429005,0.03200625861764002,0.768148863520776,139.71841853460688,-2.5308608865666216,0.5499300760689916,5.778323702666981,-0.6377352634125311,1299.259476706003,1051.7007258210608,-7.962847655151104,,432
69,0.001033924624155584,1.2493753685111817,0.5003002613902685,0.03411790173987943,0.02933212957292919,1.3879905513452877,105.80888786472363,-0.1528671110482165,2.355496504634832,5.802585550282413,-0.8196735487351012,371.73421443390976,1042.3543975572093,-7.94893880088021,,431
70,0.0011820496671510901,1.611549146614308,0.7045355491722446,-0.010046712664458245,-0.02523281785001548,0.8476511856873027,169.4179051647709,-9.973055412905122,2.287695960116984,6.196120032484592,-0.6555856099335823,2218.262498645266,936.6530199142153,-7.8150507392868285,,430
71,0.0023600249785495305,1.9954852405564456,0.25001964404609633,0.0022072237709780188,-0.01392882352995313,1.9559842122846884,161.1809397863574,-3.8023911515358737,1.002637266527644,5.9396081595504295,-0.9141533189389226,4476.228367432421,1527.1123147450805,-7.123628473861658,,429
72,0.002511032185121279,1.7342822040504102,0.2964355478509404,0.004849474404698205,0.010187004125128317,2.776607446960095,261.5891003528063,-4.910624150613334,1.5685559120989514,5.80523864588128,-0.7230281577719514,1222.1809626767233,4108.027099673111,-7.061606779230167,,428
73,0.00312618493146221,1.4701187206293107,0.7780033179407995,-0.025098873531456345,0.027947310680255202,2.6684630354848435,212.28967249341815,-7.072962493252701,2.4417342949937297,6.14888107898941,-0.6467664818642772,3726.9335872252095,2206.7718038343532,-6.842487287587879,,427
74,0.003155665236575438,1.9113964547935596,0.8238959250109906,0.02412288048979752,-0.007386821354989581,0.811163503372852,168.18622715378206,-7.695749021829084,1.4774771550606134,5.594760201594676,-0.7045135518612379,3670.7440011500025,1828.5297334909744,-6.833101351677728,,426
75,0.004199405306825113,1.346803244842082,0.547216596961304,-0.009120216387777227,-0.04492673970987276,0.8165231850339959,154.5901160049025,-7.500823093788014,3.072280951098229,5.597031017590336,-0.5534000997139031,2715.8432838340063,4679.597304785594,-6.547357755323384,,425
76,0.004962072360841907,1.2092580996299092,0.7043022215853222,-0.012964733662842724,-0.032533063149434965,1.132654458549586,100.24162715328232,-4.258293989179047,0.4737111628814783,6.024250735881971,-0.7901045061132237,4666.343038020895,815.4958605719753,-6.380477208811859,,424
77,0.005469381308482274,1.7031115657083462,0.7525130902480714,-0.04833448678701755,-0.048227600888037396,0.39126012593554943,287.1819700345118,-9.57009073356767,0.86350818290197,5.927123881443084,-0.6462878270254413,261.17080890185827,1565.2216734870472,-6.283135173247796,,423
78,0.007962814274137774,1.9866913314314438,0.792619255504141,0.018973297395514815,-0.040926351263838416,0.933566326097161,152.89715277582684,-7.586160110968303,0.20492859202405592,5.778539488039717,-0.8481260745529917,4583.299151426266,4309.549972487667,-5.9075181875754454,,422
79,0.008680963746812733,1.985284545089529,0.41747984509699054,-0.015192042125807957,0.02874153818256782,1.8286708788866757,157.77241889150685,-6.57457590772256,1.0312367115299188,5.736279059761687,-0.717200635505893,4177.288141904652,3081.64746723252,-5.821168123726693,,421
80,0.00945520066381566,1.6299973457872134,0.6421290644173658,0.045633360782683915,0.018987077988731116,2.9058861834594283,297.2170218331504,-3.0580384823952933,2.2995170482597844,6.050167318764702,-0.7599925248628181,4316.100021350618,574.1884366665718,-5.735735752052003,,420
81,0.011797250676850769,1.5619148070792954,0.5638383104299309,0.035610117986658765,-0.04000052010787887,1.408149328809073,62.75647531179778,-7.9491725108916516,1.56921943631325,5.8010090630437805,-0.8156222560288398,1237.194928311608,4059.1890082905225,-5.514434166137102,,419
82,0.012282259072233117,1.3006515987775633,0.14179778178165633,-0.009027420034154646,-0.008656563152143651,2.434893172369992,175.50212439764272,-1.17807215469902,1.4910231562371485,5.747609219533283,-0.630243343025729,610.3278405660095,1093.1860868576537,-5.4741448076376225,,418
83,0.019366738555261574,1.6770983803710564,0.7525667597125945,0.0046897781577038625,0.04345615783529802,0.5586799726483292,273.8145521610665,-1.781060902782606,1.4939459980440728,5.726979303223611,-0.5208434466170412,2509.611890347555,224.52691851939767,-5.018743589815777,,417
84,0.02052297545363603,1.7603149052699858,0.2765825361920098,-0.049259309855170845,-0.01845379777332439,0.43052015272941013,265.57037992332596,-0.43038151001914926,2.14669810600045,5.82952888165373,-0.7954172083875882,4303.1103706635495,4083.362366917993,-4.960755664569748,,416
85,0.024142686964931624,1.8583899809980728,0.5109887144415419,0.03952943466218213,0.03898525573569327,1.6020280521062737,26.655215598395024,-4.098983867481262,0.021219673581516916,5.859354607972398,-0.6856897337007029,4846.280293948879,4050.9888669154757,-4.7983191599211965,,415
86,0.03333890827508568,1.5691976454223473,0.24528061521433503,0.0029937364574624814,0.03609627958335396,0.6820353184001374,245.63441746129098,-8.633337557554835,1.8173546430235277,5.89098813666716,-0.6674301819938995,341.83665495842064,1209.4165583891759,-4.475575545386166,,414
87,0.04197703399144961,1.879575117854589,0.2130041724296493,-0.0441117286650885,-0.0071133986369115165,0.9852955446602889,221.38725824662464,-6.519614261096505,1.1395384315231416,5.918455381551506,-0.6217542444156032,2227.366820985979,542.2432545148004,-4.24517801797329,,413
88,0.04564830557973006,1.9400713368154283,0.3106448217046077,-0.014259205139113697,0.0037788241883574686,1.7361082857311863,206.9200091150913,-2.1630794048181574,2.191848555856108,6.1458659257283,-0.8132612974203858,744.2125590189186,3619.925805793164,-4.161334188262298,,412
89,0.051318134370600725,1.625201607024472,0.3219556158094644,0.027870770003188272,0.030327627036995125,2.204551605705128,234.42049260950125,-3.879818359456248,0.6026796855174202,6.035417972676589,-0.7346766243739076,4958.860725496147,1705.057267827852,-4.0442564907598095,,411
90,0.053033162495552434,1.2606037888093269,0.5806656052917692,0.01959964225427384,-0.03751347183178788,0.6145077838567551,207.22529668188037,-6.091290528023519,1.2024753873546117,5.821987953217015,-0.6187224578307692,2923.545783210828,433.8059411564932,-4.011383251632223,,410
91,0.05336022681845206,1.919125517616564,0.6965442211616771,0.049924799242950346,-0.013854934418100553,0.21974387440336896,416.4470589467554,-9.31035854195996,0.5410549402430669,5.915142189028814,-0.5877622301977345,1640.3124954281857,1095.292199128697,-4.005235024655353,,409
92,0.05926582121199477,1.9525581962649827,0.1849458478656533,-0.02729616608382368,0.010356928858902673,2.4361893113584983,236.74791396360743,-5.123909018142035,1.7868316779666833,6.18081175644159,-0.6778116783029158,18.49376883312881,3954.9372466403242,-3.90026790792877,,408
93,0.0656170269311362,1.7289487000631494,0.19070309734642107,-0.019119497238964136,-0.04523983502919973,1.5740066839584048,164.9001665070048,-6.328238342538524,2.553167143409225,5.924056173075073,-0.7799324352496732,4115.516205384426,3137.262800990569,-3.7984654578262385,,407
94,0.06739219211607285,1.7943052967781674,0.6966424256772015,0.0022702425212690405,0.006832775341191068,0.9449269786700453,171.57962757655312,-6.123027602449296,1.4478570925836498,5.853633313356668,-0.6075828008371419,3387.4016244688632,4769.466048744884,-3.7717715097416606,,406
95,0.07123457172723777,1.238543902841672,0.8741837615951428,0.00990626116443645,-0.030780696655564224,2.497467494445967,177.98241429382617,-9.884610184580126,1.7973776482594732,6.014236970137917,-0.7768209419908645,395.22052431846697,4054.195639143241,-3.7163224184346726,,405
96,0.07167050947038414,1.2799830242335526,0.4724697135535476,-0.04806225425837747,0.014920035940407722,0.7257028841480317,192.11452228677703,-5.614165501984745,2.695990312893921,5.769452612905833,-0.619415842713402,4992.701864088423,3466.2231070420103,-3.7102213184352975,,404
97,0.07753428875594667,1.129143396260149,0.6688343106925442,0.005449354521056236,-0.034245339785457116,1.0619353914397944,161.94968285526704,-4.879670426071375,0.7253218517410702,5.642387398070135,-0.6447868031495964,185.96795319241744,2134.224549425178,-3.6315804029001533,,403
98,0.07796171838755149,1.050112276678447,0.9504656317023976,-0.03415963619245228,-0.026107831228013103,1.3345254116805951,96.63331174104609,-9.124933779899322,3.1260878931755505,5.489049723824743,-0.6251156026750287,4159.90679109575,2301.693902922731,-3.6260827606646906,,402
99,0.07905930392259929,1.4017539616864225,0.2952390360797743,0.04298777837282637,0.02377389307149899,2.3563891570478477,215.0783304632477,-2.4105721886159497,1.7586081691245827,6.106964816212291,-0.6804549883869329,1417.8685256159085,3265.610026740018,-3.6121024235639547,,401
100,0.08318993811688544,1.3474760974645792,0.31259669559256514,-0.0003113549925450182,-0.02586636412897088,0.7163304628579922,227.1703133771728,-4.888135952235211,1.5408053125876835,5.622748287621871,-0.5472156620889338,3153.816393136705,2046.9458897262127,-3.5611742725556077,,400
101,0.08746520760815175,1.870430689854932,0.8105797880376104,0.003496942225684238,0.00034370565526294083,0.40596680926858625,346.5843665920893,-7.673709801217994,0.4263056590113463,5.90437150544619,-0.6992973290548101,2193.926411811995,1100.8604766437713,-3.5110595900208543,,399
102,0.08988231123828166,1.7286898665981134,0.872599386517444,-0.0452312176175109,-0.024386356902338414,1.1060014667221856,266.0744987208086,-6.814835375498259,0.6697209244314947,6.054978467507625,-0.7657788904407776,1855.4847198123748,2638.4193778673916,-3.4837995152761567,,398
103,0.09351004177382391,1.9986020750559543,0.8468677738137727,-0.021320310538863588,0.045641721194690746,1.4676332023811955,206.73038873508062,-5.983492191351683,2.650090009458632,5.552218651782181,-0.6638452724698233,4453.622923413533,1812.426365673092,-3.444231847795944,,397
104,0.10209988546804678,1.8220907160015254,0.999626666832902,0.016824509856573203,-0.01908400572173541,2.478317137132708,306.72616481957766,-4.16594398145834,1.8757598743077997,6.1755750127980065,-0.7132481353418975,3680.4617764892887,3618.007072668683,-3.356349073566818,,396
105,0.1139369347943671,1.9849805935144809,0.3553668479946105,0.03277963823441417,-0.011518115524036497,1.3112519114312893,250.76093953370966,-0.34917230354067463,0.8276285641449214,5.882458223097956,-0.8929419306920566,1183.9754077569753,1645.7708795639437,-3.2466555852115198,,395
106,0.11881010700290583,1.9173338694960669,0.8335519030409552,-0.03968983504275667,-0.04904912610586287,1.9111270622157512,209.59249764056014,-0.5063804024136402,2.9105209826086775,5.725676792562617,-0.8214200075218462,1713.9068135191603,3378.78648617131,-3.2047741978824456,,394
107,0.1251523493479057,1.7318707563072402,0.5529526904889546,-0.049397436813964024,0.045298410074928616,2.928835501763962,277.30183318723147,-0.9143909783470683,1.3300950059190702,5.546210392876669,-0.6397499315341181,4842.593489887481,1195.263829870228,-3.1527688870161596,,393
108,0.1296657100384614,1.894064353434177,0.46378556961544526,0.010112864420919208,-0.043700530976138685,0.9205153206926737,250.55366053762538,-3.714399238776924,0.3605746635911877,5.687476111407232,-0.7447006874245544,250.08273531595736,4334.088449502117,-3.1173409996465815,,392
109,0.134969703829081,1.3479301478205779,0.7646799689197477,0.005610534442686263,-0.04700320279725648,2.469092235313525,255.37731954379038,-4.168588215650663,2.009246756314443,5.840203734433252,-0.7020130066746245,2505.358900601131,1330.5040066050622,-3.0772503398018025,,391
110,0.13623638763207221,1.8265650177138308,0.9716855846882201,-0.047766372066735265,-0.0043929238524783795,1.721453820686755,79.66594729421453,-0.5338174742892647,0.17167089929500914,5.882349119354665,-0.5659149270428812,1245.8393023825508,1834.5571337909928,-3.0679091557095752,,390
111,0.14438830183232515,1.4918845329020112,0.31597092065051413,0.014858229168899714,0.014178660676136004,1.6380266049222811,174.2191364877135,-3.3567196608349503,2.376244328624517,5.7834148582561,-0.863375560923459,563.064630263097,1163.2022142964292,-3.009794466038757,,389
112,0.15048399396143852,1.6178213249729134,0.9372506833096829,-0.042316396845858084,0.009517927709417659,1.8081174092389598,106.26339499470157,-9.202349661850226,0.2673309808579435,5.7535260954887795,-0.6090938857365344,4397.175283773613,4171.642463259595,-2.9684439508568925,,388
113,0.16664377614806966,1.5413879923371732,0.9908391173595078,-0.0018374269314574074,0.007947462457691581,2.8765571418469964,395.9711763480392,-4.2559153598597765,1.3223677706437602,5.768179306990774,-0.7225360496632063,404.07765376459406,4901.421685063429,-2.866442219764207,,387
114,0.16689602692237535,1.8929661757396448,0.8580562008762065,-0.032742985862103224,-0.048369906396210416,1.1357591536751033,219.19500609031334,-6.601740878680995,2.8710286850822144,6.064678368485139,-0.6460448909367068,3567.0220959647513,1826.754057924479,-2.8649296517284024,,386
115,0.17210510410114246,1.9722104532491826,0.44882898871707366,0.03819407166591704,-0.04790081620704556,2.164446869277993,257.70405156249495,-5.40341053146598,2.9619339662003905,5.780644567589526,-0.5365851555920347,226.88012744795927,4232.506723841192,-2.834195316432839,,385
116,0.17755729714262386,1.6546037698510945,0.6754410194497762,-0.014070921188167086,-0.042936217169282136,2.6068640016979288,341.6328309489788,-6.386135188184603,2.1149982942992973,5.971888433834911,-0.7045516848116472,1635.2993386688331,4633.650356570839,-2.803007319344288,,384
117,0.18846779726296095,1.6858923975674802,0.6396444623812219,0.014843257784842107,0.023471445203257585,0.3044663956486643,356.8217130631847,-8.686757143315171,2.9324894298669855,6.098889525337149,-0.7620191850491682,4607.707435526672,3938.6086170462063,-2.743373521481782,,383
118,0.19165891062627863,1.8741482592093794,0.4867650193931168,-0.03808985276477775,-0.041934589714721374,2.30031455351562,302.0055876488775,-4.182118785853959,2.9282487458191695,6.029372058778605,-0.6820519543409387,359.72089833113506,3392.425311998375,-2.726583391961525,,382
119,0.19803388548952697,1.617065166357138,0.5566991530232817,-0.01432821931008093,0.040187572389786944,2.667782901053496,375.4232022089973,-2.039712132455838,1.0535529843197475,6.168287110663217,-0.5035755992347901,2044.2631967734083,642.0611299320411,-2.6938625220863432,,381
120,0.20314907852799552,1.0317807994489805,0.7936584349549113,0.00854344330558112,0.04055668847039125,1.2637020573311175,141.36422951464252,-3.421630840142356,0.9782235431316263,6.036546392924098,-0.6384169767551335,3984.1817151064874,2903.3218329282918,-2.668360590470132,,380
121,0.23140598606854704,1.815901968290416,0.48537995361987973,0.04772790366979876,-0.038242743630680656,1.1546352829149513,244.5034104437808,-9.893123244022137,0.8319080408349069,5.697187092032433,-0.6848954355271156,3801.935177130743,917.8871701149982,-2.53812699362734,,379
122,0.2452617112819274,1.0054001498298915,0.9771727697491921,0.03197013495111767,0.01891832234963893,1.4602587563177767,153.96688889753938,-9.013646462854602,2.7549011355768243,6.050458705163049,-0.6798664892897828,1181.118300474544,454.5273724408327,-2.4799748272451945,,378
123,0.24918372548645748,1.9642635773104304,0.18355513660704714,-0.005850902304742653,0.038876041492894683,2.6715372059560014,379.5677128784449,-3.3279885636639577,3.1409316948711017,5.975959876789549,-0.6105027124278273,1627.9967470061497,3325.0687278335313,-2.4641101992303005,,377
124,0.25037995387104545,1.1790933295900983,0.38286698060169133,0.0007382094742441198,-0.03314921108446914,1.243566442426252,62.44970698321743,-4.574453668965535,0.2506395458663836,5.746109518995964,-0.5789021022591421,2235.623915739755,890.4873582677475,-2.45932109737858,,376
125,0.2504589872311535,1.429543493222214,0.448812668103017,0.04618757396317588,0.016219979436920398,1.460392575622229,200.76090869942243,-3.8210830808887675,2.372901609971525,5.792314841232362,-0.6954995702378918,3510.763128047165,1207.2227431114613,-2.459005493481675,,375
126,0.25525121288435604,1.8681642238059806,0.619460044977827,0.01084768318393399,-0.01914304168407699,2.0980477377079962,234.4978505766985,-0.3475134206002277,1.3162418047233087,6.1641612507581565,-0.566958819635319,4293.370556776348,2199.5299197124687,-2.4400524681901716,,374
127,0.2620111910259756,1.9690309405361957,0.8350608032470065,0.03629600284257217,-0.04347670018739398,0.5896287954285419,429.00350521094083,-7.110266113602066,0.7738385697735688,6.114091506302275,-0.6293336599997722,1364.9010724992738,2242.5062092753924,-2.413913460285819,,373
128,0.26416044330930005,1.9355836925308396,0.3044635122824474,-0.014579392541702423,-0.013739393378108387,3.044020284780074,468.2877440329724,-6.260398460849892,0.5167125750650533,5.563799431319788,-0.8657212849566012,4625.052715497183,3971.4242307524173,-2.40574401861908,,372
129,0.2658226893668598,1.4236165452243097,0.8280805212814044,-0.014856172568921758,-0.049233375006089514,2.1409144931754835,264.73742387257795,-9.87875268146217,2.3753775271144364,5.944470254415109,-0.5772377991146336,2513.934804313537,1579.8248330841202,-2.3994711717843273,,371
130,0.26727477144656,1.6708581231918758,0.1714466414792484,-0.03091596079761179,-0.006572131675802395,2.5849981458941924,307.1162795718288,-7.629586732544804,2.3381683981631833,5.749257499788748,-0.6140084806513935,4884.738923342612,3354.7253977699643,-2.3940234411997476,,370
131,0.28120340130519755,1.291687960746971,0.5082584834483038,-0.045603868199980614,0.04973849916879747,1.7754511646459386,100.50460622555109,-7.216794883497797,0.21166398027294767,6.002719486971658,-0.6284092334124973,1316.6816202165564,1865.842565300504,-2.343222421431001,,369
132,0.28281115413247937,1.540547978810912,0.8769648572235272,-0.04970042015400988,-0.04096521506754838,1.9918761867865369,211.98107341595065,-7.212377510108443,0.40880190339265604,5.807461706829438,-0.8242652845832512,2644.7443988276677,3791.8931220632066,-2.3375213019599483,,368
133,0.29070735039341167,1.5854466993917657,0.6043104235518149,-0.007379842662047761,0.020400177469509423,0.5902611632625236,410.17483514911316,-1.629414271078586,0.7861090116964335,5.873455271593258,-0.6758144743480724,4061.1288504770205,3571.3460401225693,-2.309983584578086,,367
134,0.2911411662567119,1.4985330901896918,0.48720844109933015,-0.0322530796939043,0.031455002443359234,2.0924650395351243,237.01594807542216,-1.3894904536785226,2.9056826698433653,5.695827127454908,-0.613026933783732,377.47207907406823,66.95444166181508,-2.3084924200180055,,366
135,0.3324057818183268,1.9885939844702467,0.18567406788821922,-0.014824016504132634,-0.03638787888198578,0.9552764977535024,324.7756364679501,-2.8775254245310133,2.4303936757326707,6.114081002042221,-0.8463280883694483,3369.2097119017217,3003.9312947687613,-2.175944219985664,,365
136,0.3340699033671005,1.4702038348763096,0.8486518243815732,0.047164177307472674,-0.001528741501455877,2.0099712279296025,201.04828309174428,-2.903997542695027,0.9293959960143062,5.677838221070674,-0.5714013929470859,2452.3367113480863,1764.2718130405055,-2.1709504143777485,,364
137,0.3356050400860125,1.9362143415486774,0.4156468454033393,-0.049461375824645895,0.020133858463707716,1.5033584459498162,279.81629206091685,-2.495795050957474,2.1207844287187974,6.055122542735604,-0.7138055906207179,879.8565232327527,717.4258488209484,-2.1663656843592975,,363
138,0.3417834189097271,1.4167727191474067,0.8156930858507163,0.007861295182099923,0.019558236403988544,2.2947433144196396,305.9203241313541,-2.480825927516223,1.2524400780754412,5.8395888003901755,-0.7360526153307716,2106.301849504757,4424.509523369834,-2.1481234185586784,,362
139,0.35451988286211045,1.881373547889233,0.3591537913539353,-0.03429890826451239,-0.0028179652979187786,0.6022713079361816,306.6896406472758,-7.652946958039983,0.523659144641623,5.798240198021397,-0.6495269988185352,2021.1390090910409,3908.6695251589977,-2.111536245516799,,361
140,0.36509858657851185,1.3871840996785927,0.882475644199121,0.03407036671088551,-0.015271322633133043,0.6726795471122435,356.2808870262854,-9.192875268299613,3.090115975258446,6.273998122686251,-0.5501868546901668,4601.199934630233,1071.2984632894384,-2.0821332596471964,,360
141,0.3737429628803843,1.7235220169144545,0.9422842659791819,0.030468043924183216,-0.04410251974213924,1.0838577617731233,308.03402022521465,-3.5713554932033915,0.9562727987762553,5.843243895390828,-0.6040229446495313,2127.6374329901414,3702.526577051447,-2.0587323808603473,,359
142,0.3740305533394262,1.591837316697531,0.41282390666502655,0.01404209629729851,-0.04101480648534215,2.3733582209027384,296.27900167523995,-9.253967894771387,1.5735189001475018,6.090513097643556,-0.5319229253865498,2686.661992045113,4756.888361250993,-2.0579631894755748,,358
143,0.3836075463395118,1.3929073578857423,0.911788270230304,-0.004375950348022739,-0.026343211307822714,1.6171874463227436,177.70646712710752,-6.875613743163997,2.599149588132833,6.076822196872168,-0.6030665602924039,2811.8565664447624,922.6504697435445,-2.0326806617406143,,357
144,0.3953670768451527,1.3492566477432966,0.5079678956758008,-0.04434402858585551,-0.02541195013360047,1.1638490356991293,179.92134662998012,-9.984030623625596,0.0027812491804780322,5.667638834968683,-0.7318536710513847,2939.4935377295074,4416.241917277761,-2.0024860351442157,,356
145,0.4035936164943537,1.705778080036999,0.9025569632072484,0.011690647317883787,0.04748916226693699,1.2710260905690174,280.274523354408,-6.319921435978369,0.6704460142355841,5.8913808674543295,-0.6677161836181925,2027.4546470195942,3361.2743580511574,-1.981892205036281,,355
146,0.407537958544365,1.6158583173998373,0.27056322503714947,-0.012239577441100914,-0.02674051307481422,0.8727959406076604,332.24051363681576,-3.2556373536978933,0.775452198240975,5.993671069651646,-0.5272231356891597,2233.0591040625936,703.6623806772701,-1.9721665988294557,,354
147,0.437280055758053,1.2292329832789395,0.5459878207616136,-0.016402536886629272,0.02897505296581669,2.2185701649035736,222.93670702170897,-5.046359948542911,0.9379124371473171,5.853523680707255,-0.46621096310737786,3600.940021667196,3180.2094338155853,-1.9017268272834642,,353
148,0.43766649182184725,1.3569888439785065,0.5402398584313688,-0.03316775889652217,-0.007886644461840064,1.0667968249732156,221.66096493123436,-8.327884213193553,2.3044490978405863,5.740879685947411,-0.6079501688856657,1311.4475037579166,4783.610134058389,-1.9008434908328073,,352
149,0.3876466203776383,1.895334755066533,0.3837897394362365,0.04762039612069573,0.04371090638141033,2.4070783770289044,387.4363348345104,-4.615724154607812,2.24012257172075,5.4497434031696965,-0.6423365723819656,4156.59717094248,2328.141482862044,-1.8600397697631286,,351
150,0.33298195944808917,1.3300462516081348,0.43238594074724085,0.019380117861601903,-0.040977746705030606,2.290757108517756,310.3546405680767,-6.853417381123812,0.5623434538717865,5.846409280364226,-0.7703948609375391,4323.134094200374,330.27406276108786,-1.8183924866739858,,500
151,0.3358736245276763,1.2163356228522215,0.19567164414895005,0.008610110885671728,-0.03027128917138689,0.6508416890591244,171.5358890079408,-1.3152651479012407,2.240508629328189,5.661277597327395,-0.5576894910235487,2599.4620328327333,1567.9587458828912,-1.8097458276191745,-1.8600397697631286,499
152,0.3461881893037056,1.7194903208486851,0.41782721547488755,-0.03338989988144099,0.01614547117283735,1.975024227026244,276.78658177014836,-8.273934542557527,2.657153841020078,6.122098780030985,-0.6914273323048163,297.4053026147161,4660.004002573166,-1.7794982724357307,,498
153,0.3557569766390967,1.61712332489871,0.45772239583010416,-0.03974617236580285,0.0003215907143523586,2.100962195949814,277.8325835137032,-7.05038157561328,1.097049118379667,6.0901836303369326,-0.678570580531595,4529.316801474636,4750.366720659418,-1.7522329515049955,,497
154,0.35727957710122615,1.367049532451887,0.8445970205940887,-0.049945788537932925,-0.02527416605517814,2.2835569869066874,318.1504869533005,-4.499516679657303,1.5271356089369923,5.800492713320669,-0.7143068908786163,977.8925587492648,1671.8057812658317,-1.747962194926203,,496
155,0.3632042381159628,1.029601315799232,0.6039336089506161,-0.007362081342558405,0.04609931826592088,0.6283806037667868,298.00848726015903,-5.615868223565075,2.833323166432353,5.817615421095264,-0.6576148240366888,3320.7555327240825,2512.3227119735157,-1.731515483874761,,495
156,0.3699232570691959,1.8700054078373094,0.6970421082911261,0.021571675732306422,0.02184190292443211,1.5817117453240357,99.65160643151519,-4.781367521967557,2.924187115300421,6.035099412251645,-0.6472610375996024,4785.685290353542,2032.5554438433026,-1.713185228556629,,494
157,0.3749367486126583,1.38893076841972,0.14190382910848498,0.011953955662815024,0.038234527236370656,0.3109227526737414,388.51713439215064,-7.428716819961504,2.0767760270219364,6.0670431836412595,-0.6466454035296121,1843.6495524879092,91.09343129770377,-1.6997234579775644,-1.8600397697631286,493
158,0.39023151340870194,1.1242198643897527,0.7944173979537104,-0.03727306619278943,0.03617999014752531,0.21550402453516093,396.3140304723667,-2.322189695816732,0.7377313950927722,5.772088315536772,-0.5973336259733871,4797.945168640907,4191.19095700222,-1.6597406122318434,,492
159,0.39120009861767574,1.5825671646023218,0.27732895492721504,-0.03768325735066225,0.01642581978066507,2.651957380642803,431.8712787556474,-3.4149147538597577,0.13527311666796474,6.258106180490747,-0.6474283771436422,205.1662414709515,3491.8165715505525,-1.6572616091045198,-1.8600397697631286,491
160,0.39129025657593874,1.723195284924661,0.3967376151774875,-0.007826286702318996,0.03362212170509814,1.2234600894524217,242.84407937832447,-8.239816948050604,2.211787556535076,6.015325713057387,-0.862128637350262,1670.352901214095,3865.405642921763,-1.6570311705871257,,490
161,0.39294854416996877,1.9157507129774383,0.6321672880706606,0.04922862242376076,-0.0032365813282984462,2.8108870842051763,623.5596336614193,-1.5710688567184317,0.6918928476430345,5.761347785663977,-0.7137645020180456,37.56170476638454,4628.581031902347,-1.65280212692344,,489
162,0.39432832889338976,1.0013713077385429,0.42757687347658213,-0.037835110091652614,-8.042814147699723e-05,2.625042692959423,294.76149328315006,-8.928506470564406,1.3589119724210321,5.697215176542365,-0.6697075606653737,351.2334355399016,1969.178089030681,-1.6492969150129626,,488
163,0.3989883644372725,1.9562807039981334,0.21374628743122956,-0.03416686196522576,-0.009594329677327228,0.893678027626965,347.0296418692431,-8.836603784207535,2.0353579901587056,5.935440797785986,-0.804009954901743,1569.6943785469887,182.9074979684653,-1.6375485447019889,,487
164,0.40005867778373705,1.6380274725935842,0.7019676503490161,0.008777401803337345,-0.0067541341419362425,1.6249526535791594,221.6101595983346,-8.279403177717937,2.2298418250537075,5.807404935242434,-0.7335544338324943,1819.7134502935241,4573.495202503525,-1.634869568546573,,486
165,0.4030775022032327,1.6437830687427812,0.14039928267996685,-0.010859837569114636,-0.007986448128200981,0.31985037788148185,251.19920438358892,-0.4642968439395246,0.5142855480202262,5.930840243519515,-0.5456074849997631,2699.9630417337526,4052.9777419972097,-1.6273519427390353,-1.8600397697631286,485
166,0.4078530315852356,1.5588656411866995,0.8348745509098626,-0.003907892695862801,0.023371874206694246,2.4918712697857797,439.35945525869624,-2.8733844701362727,2.779634901311764,5.8886777701547866,-0.7147060885957893,4415.603894583008,4646.93443923421,-1.6155739065476133,,484
167,0.4084622054565371,1.9649210472825382,0.2562059720607217,-0.03289069165607879,-0.010450311200273834,0.616143726918773,500.69556383812636,-7.604962897894056,1.2648053158437371,6.053775657494864,-0.5823141660679793,4969.304506412537,1732.288245019899,-1.614081409637772,-1.8600397697631286,483
168,0.4085786708142519,1.3114381461876214,0.5646670797006617,0.03790042617054301,0.0017860846005931102,1.45660139055666,135.8358175883994,-6.206451163473066,1.909999424929919,6.214759494452788,-0.6184758339872253,3054.454406875744,247.49146622106255,-1.6137963189846634,,482
169,0.41158795311155066,1.8918124759776982,0.7334003220745648,-0.013324788581274484,0.045103480386671335,1.9130411808925065,191.8498824344241,-8.053446618442884,1.5907771342932278,6.057401286617456,-0.568966970816447,2605.9088858165615,2119.8225206075927,-1.606458064260201,,481
170,0.417023927834148,1.4682658770580577,0.22242344050332544,0.02197541153833585,-0.014545639508381107,2.4493783163354643,355.16330937792566,-8.253971437533513,2.9498119445978914,5.848920342259239,-0.5646708034544652,34.3672003642248,4839.427078445318,-1.5933371983054594,,480
171,0.4327372868513487,1.2124985142426765,0.7639997730629986,-0.0353816120169556,-0.005942989844731093,0.5675419247395596,341.95844605136557,-0.8562320631444571,0.7743147266024294,5.569050417314026,-0.7231014510740711,1619.1154464236113,1156.473837641988,-1.5563499833126058,,479
172,0.43689484441691623,1.9412061380185566,0.8196579298086792,-0.011196533896875652,-0.03593760809979694,2.6988887893212974,418.4942969420914,-4.717515017156712,0.5138501152986267,6.2377224359708245,-0.5626708836517325,4945.3977494366645,3959.82783980086,-1.546788263840805,,478
173,0.4590667050289926,1.7836915093963601,0.27954224740402556,0.037205251730174194,0.0499376714807102,1.75554157738445,178.51821153768722,-6.748723511784593,1.4088458219090023,5.800420272385655,-0.7065921769206411,3264.431542038624,3249.1528247470724,-1.4972852729931214,,477
174,0.45988607105589396,1.8130141381566822,0.404136887259422,-0.014480023088646203,0.038945118500827935,0.7305699779832885,473.27229772214145,-0.4248183624956319,2.4173763541318976,5.977760985609647,-0.724150969839073,4198.380053576758,2769.104479303347,-1.4955020121654832,,476
175,0.4698239946001358,1.229325485924046,0.6812650851282978,0.03673270854379529,-0.013732282931617372,2.538174729157933,334.0743001424964,-7.207260937838913,2.7443050664532156,5.732462881614319,-0.6937204393322342,784.6866453945745,1592.2337436418488,-1.474122654360361,,475
176,0.4718950972548464,1.8349300163377185,0.7651487762865634,-0.04459776383901311,-0.03866194010099453,2.2172296613208675,410.8742140063945,-9.284239677760965,0.2811845740258015,6.204607086797844,-0.37534490145455185,1139.4219202329436,318.9127523631885,-1.4697240900499997,,474
177,0.4870493005974171,1.1850111012642033,0.8157249264779408,-0.039763554573526406,-0.049851505090331365,0.32363481716020315,473.99469961607707,-4.45187461165183,0.33013510081039465,6.052295492753694,-0.6626160534378974,4903.871327596967,2119.1259972987896,-1.438115448136858,,473
178,0.49934724343295067,1.5391279645775742,0.4800747092490654,0.006902160156365508,0.010147841115911514,1.506686154033838,140.42880998669764,-0.30146566325025326,3.1162927807090526,5.6518225261541515,-0.6867170443199722,2964.3759439893092,4318.761072740377,-1.4131790669919102,,472
179,0.5025228716964341,1.9097152087785478,0.8239696695176042,0.0030523213287622503,0.0018719823828710763,1.270807986787228,182.5188107685763,-0.595124018598149,1.7591897921404662,5.8852172875203825,-0.6339459458569683,228.20587183706942,3760.0903543747854,-1.406839644644084,,471
180,0.5124543788276184,1.6037662547695382,0.7983130464496266,0.03684752487580476,-0.0151756895406634,0.8323425995957949,328.350707438692,-9.800739806872976,2.9301177826774545,5.785272497062824,-0.779057854115144,1793.9114867186022,3838.192648538494,-1.3872691092267024,-1.8600397697631286,470
181,0.5220500469756881,1.3771265349253772,0.39630049371299747,-0.04605492586666598,-0.00182918511097261,0.5576927283156525,297.7506086059766,-4.105121421209326,2.9260451534908234,5.926255608427191,-0.6734696511654625,849.6230094369273,174.23728321048992,-1.3687173406360698,,469
182,0.5351660958375133,1.7951682310542514,0.8657815411080474,-0.007966107795966675,-0.031008087209491615,1.0173709066032541,438.2304104810267,-8.991882163431383,2.3713615422527172,6.031460643690727,-0.7115712410003824,4884.178506391912,4341.728028335167,-1.3439036411325067,-1.8600397697631286,468
183,0.537167941337485,1.0097273588229534,0.253460652981753,-0.03101305450189891,0.004762492829636679,2.3229747154436136,288.6869163617659,-6.686055660236267,1.0986281635678967,5.514504078541048,-0.6846163438976853,4701.908561951289,4782.40549806931,-1.3401700138185424,,467
184,0.5387729363412413,1.212218210619645,0.7416845726087848,0.018353468356334515,-0.025861840219854382,2.9040761665937356,514.5321063066324,-1.9212358513842425,0.275682449136543,5.8808643382856,-0.7230177825353377,101.99924177750175,2286.6074970673753,-1.3371865855883658,,466
185,0.5630593757980328,1.0694511001459048,0.6114732141124539,0.004705107115591224,0.009023534724733849,0.8652569169872771,315.91236303631786,-6.399573029363943,0.24819240755877853,6.0963955589596734,-0.5963412876946451,1440.22809861453,1494.4615514693883,-1.2930957135473007,,465
186,0.5760248535820673,1.93011189766479,0.357751532736422,0.013302496405832157,-0.02380159874415536,0.3500766233067776,553.2531192987699,-8.324343922731735,2.417831149790783,6.118808545267442,-0.7727280430579223,2409.3040296824283,3683.8593292546107,-1.2703299910103276,-1.8600397697631286,464
187,0.5779870732014115,1.8971035894030897,0.20076102526882858,-0.027144984890337055,0.0237909381246083,0.5908398633278078,497.52374520048267,-1.2193482694943965,1.5189510659380325,5.792377694149777,-0.5937844662182016,2903.262487912454,722.1548534408721,-1.2669292956364822,-1.8600397697631286,463
188,0.5821278966114806,1.5091174366740674,0.9716892501398852,0.016729506114182252,0.040695098716175715,1.66675228115954,261.28592821018344,-4.0993452141162905,0.8479477800845822,5.611279309940261,-0.6030499702315193,3299.6031069104183,2022.7105781085475,-1.2597906221381907,,462
189,0.586199468017499,1.3571050747729951,0.8659746970256652,0.005860011518238714,-0.014732668031136223,0.6163842022672887,337.3414294691107,-1.4155934740609748,1.2927634523788967,6.076399809256362,-0.6953866303788879,3082.0820686297034,4223.4514166786375,-1.2528206785891518,,461
190,0.5895403990236006,1.6527109137308824,0.5210330124737911,-0.028530717556368736,0.03140130237724785,1.6481780773810812,323.48267126599865,-6.87600431256606,0.8941359872913248,6.137361761498647,-0.6960103834720196,1610.7617316276458,1278.9995961791801,-1.2471375507275277,,460
191,0.5923709997022557,1.2404962575360032,0.22444214888357453,0.012871215588181245,-0.03764920428840142,0.4693985682868248,482.46280725198636,-1.4513150100780763,3.0780988512078906,6.252024104890959,-0.6558748696049705,2643.189550712458,735.304895365576,-1.2423476720724018,,459
192,0.6005558470940725,1.924644432609907,0.6854412369363576,0.025050821574428825,-0.019084860933336924,1.9603918880016296,308.04922217308297,-4.944747605032422,3.1013345808564026,5.60687084689928,-0.6541906158046468,3909.399308823963,947.7234052988504,-1.2286251611702808,,458
193,0.6020735528438885,1.931994258275135,0.5546546269228887,-0.014944167390361661,0.019354162036553574,2.0161545233303912,188.369318345398,-6.843191969304174,1.9245792259943806,6.03861696656454,-0.7337533623326934,1942.5771928088232,1197.0485605636138,-1.2261011807061237,,457
194,0.60370334401885,1.0926574839332983,0.21681551314300318,-0.021221728914529697,-0.03250383233813578,2.7005346217935013,439.8723645715386,-2.2608942741859686,0.10091802466097702,6.056141273436433,-0.6989757012988121,728.2102054956644,347.6102642056881,-1.2233978743619383,-1.8600397697631286,456
195,0.603895127472303,1.7493568350215136,0.14984452771980136,0.034048576558463856,0.03190022889059306,1.0354667547563268,309.4081970221538,-6.485582979991835,2.371500676761093,5.992397259882154,-0.6881617420301421,1426.6804696478773,3771.971113122261,-1.2230802465086448,,455
196,0.606444340117787,1.6208575480868714,0.9375810545725141,-0.02219483861940548,-0.041348239568760284,0.6372068731920396,505.93176883034965,-0.4416807288434015,1.9152042724109402,5.791580366830638,-0.7337177287432355,4953.870065596361,407.3705343076417,-1.218867847453283,,454
197,0.6099830746090025,1.5876328810520517,0.49951600462735896,-0.03188372583107566,0.04419605044897462,2.5618287282384893,338.0728324768106,-6.415985799493441,1.9937037635366797,6.024181399066518,-0.6374144938775738,617.9481801670872,1189.8519628364347,-1.2130495891155162,-1.8600397697631286,453
198,0.6134409083893699,1.9442272468434518,0.8623873737677972,0.01616389800560955,0.024276819863327193,0.8786285430932195,534.4162587237909,-3.4912971615738053,0.9094574828884001,6.069209686560075,-0.564141229782098,3167.0862094677477,516.6321412747599,-1.2073968586870092,,452
199,0.6163429923828352,1.9337203391523075,0.15953899445625364,0.014780707104916226,0.04179293461445695,1.8552598112673044,242.92705021278087,-5.322455077842038,0.5718132215891016,5.831271303883193,-0.7858263565306425,4870.961409651903,110.05668398120032,-1.20267718496431,-1.8600397697631286,451
200,0.6200249185442395,1.4725767742653575,0.8200056874078812,-0.007862895167008624,-0.014987211851286222,2.101125166364732,306.88168293320746,-5.981066850253132,1.353491407530147,5.830791513437057,-0.5997512374633386,3026.0100584871107,2227.028280958274,-1.1967211309234171,,450
201,0.6327165317306734,1.7323591708155297,0.9219092999245552,0.04234617656379003,-0.04799758709578994,2.8237199019271264,407.22923137825,-8.852399306569938,1.6456460625875478,6.048031067101178,-0.5067464310461692,560.5847887666359,485.29221363259103,-1.1764582946822957,,449
202,0.6330012632809767,1.504402025293506,0.5580706761390319,0.00301761124777207,-0.025248353460379503,1.0313131849079045,321.0355690783658,-7.390716488588618,2.790818795026854,5.674323649355072,-0.7259838336101212,2290.123562382359,4869.751001543772,-1.1760083815085816,,448
203,0.6377140931730445,1.502405318916096,0.1464124048822074,-0.034288997336047955,-0.0049010666115139045,0.24186264948281655,523.6560420093165,-3.415271294397046,2.528055705651686,6.1903673901801355,-0.6941171843337963,974.6778751061902,4040.714864560766,-1.1685907462735265,,447
204,0.6426541865165697,1.6680818460643223,0.25237995312460787,-0.015597528588137403,0.0011066497887657154,2.268108976995445,457.1301915875826,-5.399919948523151,1.9959601443318153,5.8588696367528845,-0.7133953927645412,218.22681516503837,855.2534449864637,-1.1608740323621853,-1.8600397697631286,446
205,0.6571676135815006,1.133757421242923,0.9395196260861609,-0.032719346569526686,0.014975338611918576,0.8209894913002648,389.93825026439873,-2.9701017567101857,1.9812281499995548,6.193630480985838,-0.5810164275629063,2401.2094492758442,4360.894881953747,-1.1385416938016237,,445
206,0.6673067748272163,1.4378571646306058,0.1456020027119508,0.011252279424566927,-0.021625996359272794,1.1175484974182697,324.0991392239362,-7.979483043621592,2.2781085434417836,6.159621464195852,-0.6175235906150032,3979.917059820037,4979.68026134207,-1.1232309269014138,-1.8600397697631286,444
207,0.6767454201911371,1.1887461969406747,0.7013835966322962,-0.03298726336116775,-0.015949890192624806,2.3230472120801045,320.71511759696796,-1.850753194589787,1.6978744802414045,6.092484957954588,-0.8595756041830247,320.52425831259666,3978.3773003744527,-1.109185638240801,,443
208,0.6771293546735064,1.9605660553454765,0.19787766798201648,0.014102725247357895,0.04251175751349626,1.627472582476831,299.9501721388913,-9.698584517470243,0.8189364198945468,6.247244683388158,-0.9277140155231887,3107.974788611687,3639.9382298429227,-1.1086184742758722,,442
209,0.6818445955142877,1.5461741483952773,0.4273461077273024,-0.0032539005454661277,0.014294157317520997,1.0018539765153198,286.9313803971091,-5.545116031928328,2.195468920137358,5.744333764786955,-0.5698388951757014,2622.8089563296676,3462.5171346470875,-1.1016790332920248,,441
210,0.6937031234801906,1.5914097062920205,0.5365645999777425,0.013237227030206467,0.01910210290621854,2.36225492735449,387.4783700879083,-1.1301004101519183,1.4940293774215725,5.768246306021047,-0.7722643305902755,1105.692607940364,2561.8014602405015,-1.0844367063359004,,440
211,0.6982590269468483,1.8684601792620348,0.13020077939945832,0.044534143011823527,0.0028373750342626444,2.3672630103521755,269.9097303444342,-4.0112509393627205,2.18564498054476,6.03353233333417,-0.5278309709752023,909.5110097042048,317.692708148819,-1.0778906666553274,,439
212,0.6987296127522422,1.290554522941069,0.25243217513752725,-0.029880066850868574,0.019940741667460394,0.5348942074848354,488.2842358782721,-8.334364305387687,0.815575401237995,5.964150708834861,-0.5052734550949557,4193.509881969549,3716.3236725642946,-1.077216952052621,-1.8600397697631286,438
213,0.7019789617538595,1.1903428011040487,0.2985734762601727,-0.01801966706040832,0.0174943739138433,2.482416406631239,429.48930601307916,-2.991730840941087,0.1078657713460617,6.13350604550949,-0.5856607969927451,1478.8139977483384,1017.4190095898194,-1.0725773647901562,,437
214,0.7035043066453149,1.1732206476594504,0.13661829662724792,-0.009918039949957535,0.02252119487203687,1.094546645912609,204.1482118942223,-8.322476004701361,2.9705610734647956,6.033177174874677,-0.6111048367776228,2353.08178963116,1673.45134118041,-1.0704068010778527,-1.8600397697631286,436
215,0.7046866419274034,1.8143133006579637,0.23433312232617773,0.010330480913753154,0.041491493962595105,1.3141745398221742,309.2813656793642,-7.39567477931145,1.111194446144256,5.524498464461059,-0.6730417977772982,2952.9789172689084,411.90633760045114,-1.0687275748889606,-1.8600397697631286,435
216,0.7068148565923903,1.3408632699525274,0.4551086740835334,-0.038331488864995246,0.030008096431212605,1.2172857667456336,185.02477541449304,-8.390442714300777,1.688216434823488,5.712844446518404,-0.6190648289065761,4515.504757245826,1156.430306041225,-1.065712039616836,,434
217,0.7069020218196901,1.0500620908451548,0.3493489989217624,0.015582420168485253,0.026580254303023493,2.2077509400199364,230.440291150159,-4.628419356822344,1.2816555008039798,6.112466866746575,-0.8179306576528944,4304.339233862235,2645.1996889680586,-1.0655887260612622,,433
218,0.7118867607349607,1.5225656237302554,0.1501843080741492,0.015707734222682183,0.0012282889851872715,0.7111222087245894,409.33598904452987,-7.840607293453965,2.2447155894643283,6.126773996354987,-0.7115918659217211,4722.429238762933,2713.123950232535,-1.0585619445037104,-1.8600397697631286,432
219,0.7122562218886932,1.7342063756339567,0.6893710261777808,-0.011913287127456054,-0.017196622383651695,0.3591996921882935,509.804376578491,-5.182438447467829,0.7516755888948319,6.041443453308898,-0.5834653251485407,3846.4401218377197,4931.579845656372,-1.058043090474984,,431
220,0.7168615176984217,1.5749924185248874,0.14645907667017577,0.021039536072416397,-0.013021833691515768,0.29938469566147163,502.47446500171736,-9.400935694806046,0.3095323824153381,5.886770785028661,-0.9170963118685131,4120.250387569667,1356.1537424378582,-1.0515981186951946,-1.8600397697631286,430
221,0.7253895301944785,1.7791225259251722,0.20782056376139502,0.024563288757644536,0.020694111117362874,1.8905012163516863,242.59548219008101,-1.9994852808681267,0.39958144600620715,5.892525496156648,-0.7460369759584912,4678.450782895779,3895.9026441383157,-1.0397720057586297,-1.8600397697631286,429
222,0.7296944334861711,1.0384795333486492,0.5836150942443161,-0.0036499776947118007,-0.00011522887611485622,2.4424654683010614,423.7312245595727,-3.0238635270215175,2.7173317997775404,6.067766758716203,-0.6523415940391664,723.9718803433515,3062.2080109688286,-1.0338549371092483,,428
223,0.7318160462869712,1.4608468782613055,0.4060268046284608,0.016713335175046404,0.03702643236535193,1.62157056753142,236.2234758935167,-3.482851869586767,0.6992451164730253,5.80079245868166,-0.6326837596496426,1515.1303573572927,4639.687289133812,-1.0309516198625406,,427
224,0.7359541617717973,1.530758240781132,0.15127119797498326,-0.0036846366868241685,0.021514794386511226,2.325199961110827,422.03317948742585,-6.9002404389302425,2.889373640440182,6.271533405374073,-0.8474765421552604,3067.810718709298,1251.7247963951656,-1.0253129627672832,-1.8600397697631286,426
225,0.7373325221407124,1.4274479805925766,0.8056169832141111,-0.015461037397087464,0.0366641431786489,0.28834831516376724,633.9837059504968,-5.410493242853418,0.2561531319563535,6.08246544554878,-0.7520286746493209,554.4945605131146,247.41777296734324,-1.0234418255526077,,425
226,0.7377652110110404,1.621612129380291,0.66354973808655,-0.04209245931091408,0.02343478893233855,1.1405938366936188,316.0807705271419,-1.0379224953726975,1.1825352937688538,6.105416827120841,-0.5586010628748641,1047.0173139767414,4106.168152435003,-1.0228551676342672,,424
227,0.7425358129574908,1.5883818220661083,0.8571848117151859,0.03104606848480433,-0.03904817956239031,2.596276885195225,593.7782081008235,-6.068603075185015,0.8486042370266949,5.998202057815512,-0.6473918436468563,4662.533373579448,2263.6536730797006,-1.0164096969022505,,423
228,0.7427948998883369,1.5552158360376984,0.22011132953910406,-0.0060276019879655154,-0.04185246901274863,0.9625821457491409,418.2029676878148,-4.559238928376287,2.487836328780864,6.02279967631012,-0.6308704708363202,3490.8595142089507,3303.161360861198,-1.0160608359634153,-1.8600397697631286,422
229,0.7436823558184438,1.9545953992338072,0.5828722909770425,0.02221337508772578,0.01610783410760494,0.8187813365494236,458.1771109722044,-5.093767747336808,2.706763161512035,6.1551131462609945,-0.8124159623815259,3248.895134045875,2908.0682476769193,-1.0148667967917675,,421
230,0.7565055192128889,1.5926613135311698,0.7947815521971098,0.041192055706872704,-0.012785508776399925,2.6742405390286357,641.1821397656041,-6.224513910627616,3.0564447215857284,5.7656738443800215,-0.5553834877440911,1493.8953075062434,3901.1281739875703,-0.9977709704325722,,420
231,0.763010719725146,1.1043336179380967,0.2520398480754678,-0.013429516780225848,0.014570594420624408,2.345982429225452,338.36229950173254,-0.34580406941524044,0.677216368970058,5.985118726636474,-0.8813199770882936,4383.808027558846,763.5869729830172,-0.9892087187263563,-1.8600397697631286,419
232,0.7647487252603136,1.890309202322846,0.2184214406893636,-0.044643734772350264,-0.04789492387380112,2.8579600236858003,655.7128488879066,-8.37517134114141,1.7548984416203035,5.75867333808144,-0.6286486848813913,111.61178624731872,2539.8919737379897,-0.9869334831967944,,418
233,0.7660204323312607,1.6038725024528184,0.770664526038412,-0.009546734679765079,0.02898695234016964,1.7343617878111321,316.76594267257104,-7.322391843256497,1.1465687383727328,5.868486661987069,-0.7313394903773951,3261.2491486808335,983.7923755478928,-0.9852719559087432,,417
234,0.7679764330105423,1.902066917567864,0.513585683408114,-0.04819183148834533,0.02599714359982319,1.4618806924511194,367.4577677508603,-5.642508521406862,0.8748022380408247,6.201395672783105,-0.46937030652353173,3978.16448093575,1397.2860442436845,-0.982721752862623,-1.8600397697631286,416
235,0.7681216199847613,1.038588551148151,0.19332693897697828,0.019871546207899438,0.03001717160591888,0.7041558487586276,381.4957834877264,-8.831738146092823,1.264784558721382,5.717657625744726,-0.6164329501724897,1463.805221708482,4231.496554053705,-0.9825327193899891,,415
236,0.7712714330539178,1.2193220116337662,0.9134251515081012,0.02535552306405557,0.028059104676823918,0.37916901943103926,572.524181172929,-3.83968304438274,1.4353846602484819,6.103987273355312,-0.6049224876015266,3047.194512910305,812.5595836064781,-0.9784404345005383,,414
237,0.7744775180373071,1.3139107655293831,0.9499504516340779,-0.03173680930453015,0.0022863665045982995,1.9630394352823004,227.14230726724608,-9.683057180144614,1.6988908828037537,6.165527200571825,-0.6134132554039374,2242.8433562228,2306.395100376473,-0.9742921676313734,-1.8600397697631286,413
238,0.7800270681350704,1.6422419133686663,0.5296017521236022,-0.04003671318862312,0.04822605795314215,1.9185718403923477,264.4216329724089,-3.2263203463386674,1.4836878911156828,5.615317946731148,-0.6714990364822286,1877.2314506613598,4791.651694976103,-0.9671521775365338,,412
239,0.7838394232406085,1.9475605822156903,0.27960439454643643,-0.04362948470785103,0.0397761638507822,1.0394854963394544,385.91226435172723,-1.2407384431768282,0.2959065291114271,5.982401087169062,-0.5801139763597337,4173.7925491753995,3826.160869042098,-0.962276617277965,-1.8600397697631286,411
240,0.7839012757339744,1.3197539758791694,0.9100315082081333,0.03753546159183288,-0.04936972498194619,0.6866146964011077,494.5830587633182,-0.6416373086247518,1.2665401041152697,5.755100567914814,-0.6999567833624916,1487.4834823738038,4731.9955108453105,-0.962197710742669,,410
241,0.7943350983768861,1.7027561395207624,0.4700681376828262,0.015333386569954949,0.0317314927315179,1.0071049247814865,449.80668272754536,-5.960399204492397,0.6544137703843117,5.848912756716768,-0.7314681929964565,684.6113581610036,2287.456123425644,-0.9489753888832005,,409
242,0.8030519822593124,1.9055088486923142,0.20730316439638855,-0.04746268746880276,0.014224349685801468,2.083317312435961,253.99793475119571,-2.6207954446971264,1.1747658807594894,6.071483614276619,-0.716742911782766,3150.9739321919174,2326.0691916364017,-0.9380613524361117,,408
243,0.8126042759386647,1.3044439864665631,0.9834937696523907,-0.022755305179883424,-0.03344307211100919,1.0616991536695402,388.3518408108744,-9.0276875566732,2.1653560007025474,5.886436530367962,-0.7349739717986348,4896.664538371145,1585.089191600021,-0.9262365537694135,,407
244,0.8131715267423971,1.6954582941216807,0.19155803616315725,-0.014899258161029903,0.007008398767766548,0.6767503777212475,553.2566337972039,-9.457655317606033,1.6494032537548604,6.054552903488574,-0.5395544513895332,1490.8565744303235,4288.404074172165,-0.9255387320577044,-1.8600397697631286,406
245,0.8142727591095277,1.4605623445550469,0.9933265058426748,-0.042057359656110085,0.005446648830777744,2.510143339123115,414.4580262241853,-5.549177159860854,1.8557435622302239,5.7108140792955195,-0.6111663828861058,2816.1395751649275,1538.3373970982261,-0.9241854045800524,,405
246,0.8167011223638101,1.4062074911314966,0.16021841022677055,-0.049475518053699985,-0.009298660843100139,1.9426775768691893,225.00874861065248,-9.41001349196376,0.014790239118386733,5.641673680590485,-0.9258271804705012,1155.7801148475467,2112.5704484391363,-0.9212075947250865,,404
247,0.820628785467119,1.7798842165205455,0.46333526102672007,-0.04521335934438417,-0.04269424420158213,0.6920002118396292,533.6949534298152,-3.6723315566174835,2.582571328059382,6.237619744170394,-0.6887890522444882,3532.42806999265,554.1432900390055,-0.9164099414015268,-1.8600397697631286,403
248,0.8281084986345592,1.3733974308674495,0.7286753972422392,0.02424064729399575,-0.007617563699617545,0.7802598795624647,517.0802695878156,-6.389772808966663,2.329239204951677,5.961605415165178,-0.6945942174490249,522.7410013351064,1134.9575629984588,-0.9073366165563903,,402
249,0.8292076543260266,1.2878129165450087,0.3170682021035725,-0.008359938764194143,0.005114199458777981,0.48903872446644997,379.06040272776,-9.957320555675231,0.1470246674546827,5.980465847840689,-0.5123062396188005,745.7220040512425,2909.64964169808,-0.9060101878594027,,401
250,0.8317985311911323,1.9628530388722578,0.3264933066718405,-0.04260212359930164,0.02807971758766975,1.143678210804303,433.0384719050196,-1.764000574795982,2.5333597024245362,5.584658190586849,-0.7204061974884007,2827.880708457209,4904.37159591378,-0.9028905378677833,-1.8600397697631286,400
251,0.8474245912356763,1.4072234097701595,0.3760595473078159,0.014017729120136269,-0.025354436294780413,0.48200064731165854,516.4619386385226,-5.014712906452645,1.5346677007489617,5.567731272508403,-0.6379065929817291,3799.5121287167635,2808.5075598537933,-0.8842789419524744,-1.8600397697631286,399
252,0.8486837241391664,1.4580102112842444,0.36115954402122785,0.04044025444525477,0.04518131963353399,0.3649962926590849,596.4113225890222,-4.974450548914103,2.7682708265265576,6.227863481506751,-0.6639095639509041,3764.758298990448,2575.2068808933536,-0.8827942099652744,,398
253,0.8560233798972728,1.5571921678649832,0.8580046357309327,0.026812927102758205,-0.01491756145779577,0.7243086507442753,476.8058113899754,-8.933811701159675,1.022365818819778,5.817549864132098,-0.5756804549324902,2774.584014526673,4041.243864308025,-0.8741831106224325,,397
254,0.8608896728186923,1.4127892965270998,0.791268701535172,0.042986177954464494,0.024046210760166886,2.929169842956756,683.6132541341249,-2.8318146410725786,1.9975479900386113,6.222150391911689,-0.5480716752350118,4432.420343839521,263.49037928933393,-0.8685144415599274,,396
255,0.8626369256078152,1.9032643945665255,0.871376394139155,0.03721059869174803,-0.00173266859332033,1.3871974094431747,326.9713126254566,-5.64768073037055,2.786518230224106,5.990322034142684,-0.5867586631603067,1746.0810803005766,599.4778142889223,-0.8664869087220065,,395
256,0.8692202202100365,1.0498994943493005,0.46275360417423217,0.005449513014876593,-0.04317048066803503,2.0967194839573735,243.5246508081974,-4.15309901619241,1.5105946776091557,5.9147641448414365,-0.5558213776950419,4390.77841328842,2173.5149768247034,-0.8588842882315847,-1.8600397697631286,394
257,0.876119456917808,1.0836758592469775,0.42730133051988634,-0.03372106620283073,-0.006633111392430814,1.7503714564757853,76.96016471905136,-9.864715893435214,1.632268920328607,5.957523395020129,-0.5341389008288469,2230.019316501023,3894.2312175304614,-0.8509783513713862,,393
258,0.8833826932961797,1.003939034839567,0.8423571103393224,-0.035657207183587,0.019517979427468288,2.0165568012074226,302.63409099065115,-1.9590210554312986,2.553881976752832,5.870279753330987,-0.8284458589367207,855.2364896963161,1345.5733243774991,-0.842722291401073,,392
259,0.890216099739828,1.7987393664705877,0.16958432087140435,-0.0006703036709697734,0.016312001764536194,1.3240708205931866,411.7929397907057,-3.701327186123904,2.217394836375983,6.038167853375872,-0.6601382359771459,918.3719913675935,2201.9688441572257,-0.8350165574059555,-1.8600397697631286,391
260,0.8903378211728936,1.7701006575418199,0.8593191755589678,0.014227801362089829,-0.041755626816111294,2.4585632482404876,726.3656259384951,-4.946531235035126,0.6960850951247365,5.988318683611433,-0.6762005852271898,1427.2665213195978,1791.6668431060289,-0.8348798342976892,,390
261,0.8908548355436812,1.3345466658643717,0.8076111926720634,-0.03979456421715826,-0.015012811104034851,1.391543180224105,165.5528410469478,-5.095438188799568,1.904140141204178,5.733490966954589,-0.5441577520448196,4137.987545698525,1216.1118920837066,-0.8342993082289398,,389
262,0.8925981187400845,1.8602614554453991,0.3964114868992453,0.024765391032229994,0.024557922800847676,2.678434955283753,540.5715660494802,-3.19113227609477,3.0081537454283764,6.0380612892940775,-0.55625728305164,215.4322545232723,3270.1524100556167,-0.8323443547804656,,388
263,0.8947651470953163,1.606266108283547,0.7059655201645292,0.020249403803990387,-0.0034877109580832705,2.1918162433038555,477.5986038836323,-9.058463619932793,0.12570803234736477,6.20325520931949,-0.6458880784832483,1432.9556011675893,2726.9474026312437,-0.8299195209948801,,387
264,0.8993137708424382,1.5748732791821611,0.3201644375968115,0.007477627904588502,0.0031603811773603246,1.5087844267659263,329.42482613717857,-3.0780321062960825,0.5301546097932747,5.949789485801335,-0.6602141834404148,4345.88617357834,3737.3573081098534,-0.824848803706028,,386
265,0.9001919695414462,1.1064052805569617,0.5591180434054301,0.018623739120160063,-0.021537337465641994,2.3409650750063697,378.9154550891901,-9.78169912760565,1.756189142680299,5.981825241039297,-0.7321984311985459,1978.3694103334149,3604.8011725705464,-0.8238727592856026,,385
266,0.9002984636825385,1.7494970818106201,0.9068330470709487,-0.02210161834255016,0.03951257557057779,2.594795838077488,524.645548387655,-1.2666507303818548,2.4711391016610054,6.081108579066741,-0.7428939444491802,3283.5426708643076,1287.3045531257067,-0.8237544646929142,,384
267,0.9012118033491648,1.6443637995609277,0.23217706477558323,0.049724407516247966,-0.04228182348102389,2.574456632817551,675.1956270603986,-5.892189311933878,0.23496634361070723,6.099900554609552,-0.699868480822426,1444.4891139029241,1165.9658447785355,-0.8227404935137241,-1.8600397697631286,383
268,0.9092745589271501,1.0182387273012325,0.9694413618248188,-0.011844514079247992,0.04438185984902197,0.31053441969040013,503.36216412885284,-1.602441950836216,1.6293452920759646,5.944708762800297,-0.6814090827595214,4507.929910755449,1872.1323952666794,-0.8138337057598783,-1.8600397697631286,382
269,0.9152588209699376,1.132282691549054,0.9725293773441152,0.02916091698036681,-0.008676740017961301,0.3647614993080374,490.89320963587056,-2.557728236365067,1.4770502946078128,5.792422890861869,-0.8466808197027981,2891.8680937053355,3896.711350632738,-0.8072739096303374,,381
270,0.9165609606537847,1.7631216828249814,0.5753360776125818,-0.03528000252468011,-0.002756649618879452,0.782135111957031,462.28714945570977,-7.286414586276964,1.562126906305738,5.9461607813055215,-0.5631078842945656,3925.707633264053,4401.0252594156555,-0.8058522196625586,-1.8600397697631286,380
271,0.9184312768424289,1.5930326298130122,0.7550373568592749,0.034441122070386965,-0.03215628750976192,2.561455016923665,618.8466891894645,-5.546470519998712,3.021257240959346,5.6702865555973485,-0.5296817405534255,1692.3406286385966,4688.534922886606,-0.803813718574562,,379
272,0.9188889713321693,1.9366885745184075,0.3085906182689247,0.040153611463780714,-0.025103372341412602,0.8949829543400943,575.4991969568223,-7.2913286516242,1.5950643270242337,6.198861269578536,-0.631562076315714,3754.3795790869294,2264.053720336797,-0.8033154989531848,,378
273,0.919581161021703,1.7399062075480858,0.9869205950016091,0.041565020944962755,0.03971031404859107,1.4472860579654037,380.6725931068128,-2.6501203343472852,2.629825624432389,5.912303918351141,-0.7234269896121146,4348.13519799857,2787.5009271018503,-0.8025624927334343,,377
274,0.9246573665239282,1.4784652644082958,0.5865178770489841,0.03215084724882898,0.00902569673691482,0.9984589442888029,442.4374195720619,-2.9516556040976294,0.6969012174920795,5.691232732511378,-0.8764526731827036,1541.1206102978535,1302.8101753431677,-0.797057545032025,,376
275,0.9258504336997433,1.7054579793576752,0.40941234481487143,-0.011227734578602447,-0.020757053724205332,1.314740917202152,204.7043424266521,-1.4828086997880074,1.6630649751857955,5.879218499112021,-0.578156144082629,3236.551998756849,4980.360733164663,-0.7957680964374604,,375
276,0.926510591903567,1.5785641487043263,0.8261505407895453,0.035020623181802296,0.007369472818473348,0.6178184706812364,719.2522196819215,-0.11004257625934147,0.6027926499775476,6.014980092214759,-0.8147381822072782,758.1435217728872,1651.0205693912685,-0.795055321527343,-1.8600397697631286,374
277,0.9316650136149841,1.2878138932167407,0.5928710964872265,0.04846366324705291,0.03297560200839729,0.4267900130151641,601.7575109544159,-7.652879238122696,2.56925506778069,6.203692302645783,-0.6785551247806277,2022.4886773657847,1278.8692390806211,-0.7895074767309798,,373
278,0.9422456596602153,1.4463653429966774,0.47675121957344513,0.01475392628255115,0.009803138495745968,0.7078152374628008,480.2440958300423,-4.879453737404223,2.470405829203348,5.677453910322528,-0.5230529286541714,1619.521755109058,4008.404589705978,-0.7782147735755647,,372
279,0.9423688243867175,1.9872838050679094,0.12662520796690832,0.04977332079997525,-0.025249370333880704,0.6062174284186984,602.747906498199,-3.688292710145152,2.4577758732159505,6.039769487405207,-0.7945227849786386,3518.719457794509,567.6273351974974,-0.7780840680888973,-1.8600397697631286,371
280,0.9436464458490559,1.4320658786597427,0.1717112978608157,0.005205680263087332,0.020686556324950978,1.126126279933255,319.1699724799568,-3.684238553634145,1.0370065081712392,6.171047458181179,-0.6408986722569406,2101.3366862119856,601.10513928948,-0.7767292310651089,-1.8600397697631286,370
281,0.94450770968723,1.7773635159817076,0.9313529547513935,-0.047954954419760415,0.042201477989550054,1.6544176121233045,294.6310080161447,-5.914078841650223,0.6018961167114928,5.677395522900737,-0.8060962108727772,2720.17143373951,3176.471470321146,-0.7758169497289813,,369
282,0.9450010940566906,1.8073035979032883,0.6981107574629308,-0.043166226350031575,-0.035630861007249916,1.2407749151023517,347.77893614565244,-1.2584909481588489,0.4557948788744871,5.991469764814719,-0.5926342617696764,3295.676832202528,3051.7163971529258,-0.7752947141302686,-1.8600397697631286,368
283,0.9465498599995421,1.827752218741275,0.5568246398129734,0.004756742850921071,0.04247912517491452,0.6800638738364465,584.5031690465859,-7.170498271153599,1.1395052420803642,5.8753203514563745,-0.58995778731399,2656.846675352113,257.39450369037434,-0.7736571518054361,-1.8600397697631286,367
284,0.9508670737425995,1.4218840473275542,0.3200185800841473,-0.032187648407936864,-0.024673085003822218,2.172888931910569,422.902690111965,-4.731208104976434,2.384294288186782,5.931865666797741,-0.698235208454225,3431.1547518860884,675.1466485738478,-0.7691065218237736,,366
285,0.9512823884019441,1.6853117274231744,0.14740216654532412,0.0004663681745022269,0.03851564548486218,1.9078143119945712,170.93244272781732,-5.476031103241277,0.357858645155685,5.8517374905175155,-0.7796793490770761,1713.9001448874712,4625.85143560793,-0.7686698425046956,,365
286,0.9529707850166802,1.9858420198412408,0.48262812975273545,-0.012382127527602312,0.01182450181417809,0.5874632207786271,789.3029451144641,-6.37797858999853,0.11675969566937344,6.135919874696156,-0.6528951491678439,94.62490920809452,3955.156893305199,-0.7668965519772082,-1.8600397697631286,364
287,0.9542005820105672,1.1722480584341721,0.2915235876033674,-0.044376520365231056,0.01612293199624215,0.9597761815411572,387.216813776891,-1.0874526362881376,2.659512884394566,6.205682455797651,-0.9280581699343147,931.709495950136,2025.7859415016055,-0.7656068963273811,,363
288,0.9583968758512729,1.6641184488503862,0.6498468147109264,0.02660810391734912,0.003783928637491732,2.493396017228841,621.8022203867034,-0.14207030402734588,0.38014701055575145,5.8968748642025295,-0.6794988110668179,3085.3572781370663,2541.0428097614545,-0.7612188317539572,,362
289,0.9590172107986388,1.6691690684038463,0.4037916921996984,0.04207594947437756,0.016008828373678997,1.873320629927261,412.01922508526377,-3.1522595462718495,2.534314741371412,6.043614829760976,-0.4973073873482424,4443.258687302196,772.1859621847199,-0.7605717780232675,-1.8600397697631286,361
290,0.9603735367507613,1.564676380371508,0.23008300877116666,-0.04083715267941164,-0.04282009961607123,1.1366033536086733,333.23638750304764,-8.511388214044095,1.531561975660246,5.855073905054746,-0.7805749058785416,662.5178822286225,2125.8806447860984,-0.7591584897914279,-1.8600397697631286,360
291,0.9615767910434839,1.9428287092469412,0.5435461409253146,-0.015198290380514491,-0.03376209826964783,0.8073722346382075,679.3966523965536,-4.894636792192549,1.0871654674487998,6.001324979808915,-0.7080742185103711,2082.2076732937844,4598.344787580394,-0.7579063716356977,-1.8600397697631286,359
292,0.975468950730813,1.9646416551583903,0.26525441461825805,0.011096661096774499,-0.01671474298875908,0.6586997845291226,383.6579348458821,-3.6057238747207876,1.1117467813538868,6.11009269714294,-0.5201236256812926,2315.0007055761503,1248.0394758379564,-0.7435624688803681,,358
293,0.9755456936932287,1.0864825242782223,0.1376192470911183,-0.0332902200920053,0.015723743322787774,2.194451632846707,355.43861908005255,-2.4055856398579323,0.8005494068844632,6.137419820480261,-0.549621081407701,3870.9076201122593,96.1102028458419,-0.7434837990839601,-1.8600397697631286,357
294,0.9810315117764874,1.7545709308137147,0.5642650031770009,0.0011443102850047819,0.03634837852174098,2.9815986607073808,566.1707435020894,-6.518785937767841,2.5973272568750914,5.623758277562988,-0.599655994262567,938.3759653403006,4909.231009035892,-0.7378762182095238,-1.8600397697631286,356
295,0.9820738381311211,1.9215554444276868,0.6404226217047421,0.035668527408152365,0.032010274599792984,0.8843338511242836,584.3052492922241,-7.271120630420911,1.8784190599379333,5.66886574116925,-0.5684356695273904,3396.853055510737,2976.3485852253857,-0.7368143022480127,,355
296,0.9930156188824342,1.1843248663890233,0.1775628078953884,0.04292571915838306,-0.013037724940972752,2.9646992355685113,566.7270040684209,-6.4828412439340655,0.22778566460706667,5.897424602410666,-0.7550786586051956,1740.0857313415875,1951.8748885033554,-0.7257344064484981,,354
297,0.9943715532688057,1.5783333589458328,0.4032787832855863,0.009731822980623604,0.014111989386016432,1.772220669638704,219.6064071340499,-3.4292622853733334,2.7983213720641618,6.175573101917137,-0.7635108938915851,2820.9070444195095,3192.692475279446,-0.7243698664980012,,353
298,0.9965205244884622,1.0236776533245726,0.9712255938628775,0.04104858490954666,-0.020425070091729808,2.4815677639005034,451.98474335786153,-5.722970785787512,2.1344988508376783,5.800949659768091,-0.7069738111018257,4149.68701651844,4856.501929863872,-0.7222110633381001,-1.8600397697631286,352
299,0.8502828608212973,1.2547433861919197,0.2684657084565187,0.029119040172467272,0.019292005316225696,2.033442463232914,344.1682451449992,-4.018225479222892,0.2070709166768031,6.08484764394442,-0.5418053061349898,3650.4442074663343,4594.003088832763,-0.7187449729767704,-1.8600397697631286,351
300,0.700914407454656,1.1678423308182255,0.5170951810435258,0.023158605295422657,0.014729980258645095,1.8166515567021801,349.0773538194895,-8.181984888997537,0.6255677464099224,6.035278880308757,-0.757608624230229,4161.6100755779635,4952.812323347424,-0.7182751427919289,,500
301,0.7024053523224731,1.6696976882573247,0.8988133657324668,0.03322356909655899,-0.02948379869922937,0.4363610942389386,643.3503952085117,-2.779556594901857,2.6263961995379317,6.180756115403835,-0.5949317534454626,823.1996216803406,2903.126407141564,-0.7161502593953528,,499
302,0.7110257345847724,1.766350180347606,0.8841401782329188,0.01736714469036886,-0.02568956246388219,1.8685841583123193,426.88039206684357,-5.343601003144302,0.7591978068938355,5.608844451667643,-0.7300832973732014,585.1372801880261,1914.1064737811919,-0.7039522976727933,,498
303,0.7117781376882337,1.4611752324199105,0.771349253397616,0.010914435605345753,0.04092372144079525,2.25130160941111,406.5496461930574,-7.529891167030696,1.929430086780403,6.01296118523639,-0.7170846979379741,1527.2772308663384,242.0853740235778,-0.70289466325353,-1.8600397697631286,497
304,0.7165871991535934,1.583000828587526,0.16084358402130833,-0.044478897422614565,-0.0076939880243987605,1.6353211946118555,287.0191613120845,-5.454171634860787,0.4520349990515947,6.066290014896278,-0.7432553834388582,1457.1816181055292,782.8002307346424,-0.6961609803328601,-1.8600397697631286,496
305,0.7182536130650706,1.308674384563375,0.1396070000107182,0.0037051079786594525,-0.03359696260166113,0.5710203256800859,512.0652602173125,-3.304490965602727,2.6377688174769034,6.240434032757989,-0.8003217763102937,916.523929856255,1570.9675982254246,-0.6938381935170256,-1.8600397697631286,495
306,0.719490624770293,1.2214547084641516,0.17409907988288115,0.010154757823088955,-5.3030546406056007e-05,2.3000842855240666,407.5375084979273,-7.88203614049204,1.4740914624514065,6.25385609590684,-0.6960387405787339,4022.257541205937,3285.417444595874,-0.692117425694876,-0.7187449729767704,494
307,0.7207159102380938,1.100473690128678,0.4819069552747194,-0.02594510035505253,0.0005022328958759412,1.099592199178514,392.8331289728501,-6.695339032672156,0.9425676749456554,6.205738556257198,-0.6973666480578008,1513.810674719518,3885.3216130207925,-0.6904158839595219,,493
308,0.7241793522561267,1.71815620521781,0.23034948308570383,-0.02952924729948769,0.0006047818325373305,1.0967933353619532,468.8598998040191,-1.1593828896327443,2.7827259192764027,5.867292558673374,-0.9548536058400499,406.5531213864148,417.80524393355904,-0.6856218359185018,-0.7187449729767704,492
309,0.7295188087070571,1.6200641170128822,0.6321646381228503,-0.03446517518358254,0.03251284461196172,2.4134423797029094,739.4536302828212,-9.838980034457617,0.7213584438921916,6.031788448161161,-0.8078147903352414,1799.2275976616168,2686.374456216358,-0.6782757710941303,-0.7187449729767704,491
310,0.7297386439364288,1.3312947785063374,0.3347927601771534,0.04182370218275203,0.005966280796421277,1.6639679587751117,317.3127514130268,-2.300583449911774,0.9935296742100609,5.826410701294419,-0.5028545024697924,1078.7558299282107,2430.381972255601,-0.6779744737039557,-0.7187449729767704,490
311,0.7314387410903976,1.7399446478591432,0.1678189536981369,-0.041962605552328884,0.007623145015118705,2.738899108189835,471.8154992899158,-0.7428141261766905,2.569287162918231,5.710556161427124,-0.6826554906740488,2997.645607985897,1195.6959947815767,-0.6756474490201794,-0.7187449729767704,489
312,0.7339176374094819,1.894011667236605,0.5427639451159231,-0.03177451727312455,0.023572007827393812,0.5669601338963005,694.3119067776255,-9.761572806121517,2.350387504358711,5.500792444980428,-0.6884591976861705,4342.096635411692,1131.9764250987153,-0.6722641100316322,,488
313,0.7349310846368076,1.3623865276943572,0.20586017087076125,-0.0413492869579771,0.043982947856464914,1.892299996988529,261.8918323831371,-7.963171943386645,0.2931301191776705,5.895505461840451,-0.7403866939804864,3819.4703010037265,4605.684304363179,-0.6708841893183253,-0.7187449729767704,487
314,0.7378751888733225,1.2294416851561547,0.8561448451054056,0.02850807573329657,0.006910682673746525,1.8352228592169355,321.7352934769584,-8.426267361133476,1.051577690907593,5.591785859976896,-0.724381777534244,1107.721900999342,551.3778965918381,-0.666886232206233,,486
315,0.7384454465555961,1.2022139896110815,0.4115781073149589,-0.02275821151867681,-0.044619056597674844,0.5989754668854504,527.0969938186325,-9.138332333440394,1.7463756068978427,5.821973878750176,-0.46477118559908304,2848.2020570835944,2816.399351178327,-0.6661136931019972,,485
316,0.7387859905448676,1.114885140240723,0.31032586266175144,0.027852307114699368,0.0027804316647466604,0.45146686340373515,465.71875223955334,-0.7039793807718375,2.122891177660563,6.153634142354755,-0.520980172918964,1473.0400028472857,2460.746014313584,-0.66565263603707,,484
317,0.7451206280953111,1.9497130823371094,0.12829664599103996,-0.02871715904416643,0.035884094912576756,0.3822086352570806,621.7209658430465,-1.0799709913471607,0.09831090023919661,5.929794233887739,-0.8330410656812484,2439.325382033645,2772.8849835053206,-0.6571147995574388,-0.7187449729767704,483
318,0.7475460077116892,1.7648162046891123,0.9225878876158281,0.008387481162694076,0.03828886322954712,0.2824241604809402,607.5730598406683,-3.6751012083741585,0.6699115906632417,6.079285771785414,-0.5674120256111455,3086.717747735765,4247.320451873691,-0.6538650695873254,-1.8600397697631286,482
319,0.7495562406230292,1.747859937680784,0.2747805670378457,0.019426560949469818,0.03363421164626246,0.9110166733836884,671.5012780481608,-9.018962691649623,2.34346627016389,5.8536637375620355,-0.7508563087460103,73.95307117234017,3604.8510196900197,-0.6511795694864089,,481
320,0.7522320857245766,1.3729663654758606,0.8419198062842932,-0.045054825530983104,0.012786540800709331,2.444572745879737,617.4704766988493,-2.59099827058286,1.6612522991748935,6.141782014158046,-0.818085039388848,3056.8275716054704,2709.7613584342507,-0.6476160207674786,,480
321,0.7580829887440708,1.850628565870218,0.271742302822651,0.020837209443734767,-0.04434166010420233,2.1726408847791037,505.6518472743911,-9.537585291153956,2.143792731638824,5.960774058221788,-0.6609910576049353,3885.390532017732,4181.215408862373,-0.6398680582556185,,479
322,0.7584567096816993,1.7396280984218324,0.6111176889243448,0.004049495503258606,0.01870763628829373,0.6799450499876231,628.8581484363118,-7.795162475055128,1.7301576231152351,5.9852042101519585,-0.6407797441179622,1337.5146977888667,3182.3366124062695,-0.6393751981668727,-1.8600397697631286,478
323,0.767822676759253,1.0062454758822685,0.34194247079463713,-0.0290394351838414,-0.02862033832944677,2.3998111442166317,414.7441750003275,-4.2259626460398465,3.04074664491926,6.064503550714292,-0.803142276723939,4435.223478835191,2394.224666698163,-0.6271021048841539,-1.8600397697631286,477
324,0.7705114583033394,1.3492099125837187,0.4219075717053481,0.03828619389757741,-0.03525026006985757,2.459863293583348,651.8053992745741,-2.460749114276668,0.7738898719475094,5.773361404989328,-0.7950699598293658,3003.9547822484724,4193.432699744007,-0.62360639582996,,476
325,0.775370312130645,1.6937984003855002,0.6490654999467138,-0.0018034910431244042,0.04998737635049515,1.299265304374162,422.3896762493327,-1.8634028570456023,2.1535603853132637,5.904739102156223,-0.6095523482439936,755.3777564629243,2390.4943715864792,-0.6173201843995264,-0.7187449729767704,475
326,0.7754489925974994,1.2282319308684633,0.7409721144233952,-0.02214522298927073,-0.04449325845716656,2.1189041696468207,486.9477545024275,-7.863234679160462,2.2949769834578895,5.949982444809492,-0.9012925729951706,1625.9112956126075,3213.5272074293807,-0.6172187148515462,,474
327,0.775521258473791,1.810342271723421,0.6042878699237517,-0.049071131236335205,-0.039418749466539414,1.4241885897432867,448.9129173263298,-2.845869034422005,2.788182030394121,5.64627289597303,-0.9044464502528101,3154.117287994616,4541.150471362953,-0.6171255268922062,-0.7187449729767704,473
328,0.7766959350715738,1.587059020669867,0.6703648372696714,-0.0032190940660473677,0.004597676954311902,2.361606558467792,590.0387732353059,-3.4925186083304327,0.5209780043180499,6.239631393961519,-0.5989845078265219,1633.589403359733,556.9630571257345,-0.6156119799132169,,472
329,0.7783203380756234,1.8904546019440998,0.7947997143050709,0.047210115530469984,-0.015588260844000293,1.7608258703727275,541.6830093495604,-1.9622685801783657,2.2928905189550535,5.893572750495286,-0.7202726398215589,4658.301889566564,716.5665370953178,-0.6135227367033806,,471
330,0.7786675225540606,1.9388293771293712,0.9469657189124487,-0.03112430535900104,-0.03460784636449761,2.553795421551319,699.1237479086838,-9.398116724742236,1.609062738456141,5.984419483976199,-0.6277130156506486,738.7651111182547,3197.769853300391,-0.6130767672864195,,470
331,0.7798223414974774,1.2124929466687875,0.3378664969832821,-0.030687965629011733,-0.0017943231839327978,1.376261439198265,205.631189135907,-1.4719554390060723,2.198620642773397,5.608600580871455,-0.5683972763836758,425.033107581005,4229.016942146599,-0.6115947953064823,-0.7187449729767704,469
332,0.7799017420098358,1.5446736960338403,0.1808470473852538,-0.048652544548101535,0.008149467290402676,2.4350324935908283,494.81414741086144,-1.5216287960073036,1.22298780701296,5.814858644442931,-0.6571061194520298,1141.4791592965867,4587.3198081605,-0.6114929817700401,-1.8600397697631286,468
333,0.7808261822840566,1.3504102631907398,0.6656721284238126,-0.030583944391413286,-0.007797623966638172,1.8803456787033572,341.31187886816036,-5.316135591214797,0.4994281672304364,6.2467663600109224,-0.6136847193714156,1199.0097279752435,1863.5847020622325,-0.6103083545612327,-1.8600397697631286,467
334,0.7809259950213421,1.5962897510956828,0.23992690259037341,-0.019943160214359615,0.03940715540187029,1.5439470649382634,200.84416845847917,-3.181067395129163,0.2330847715134377,5.992026884800883,-0.8087245720644118,1516.829698413435,1892.2568104154875,-0.6101805330811504,-1.8600397697631286,466
335,0.7819381323409629,1.986152455995417,0.25785608659407655,-0.0002658644077317019,-0.04173471823758031,1.3112994722393274,363.3676771158829,-8.669631638068223,2.175327923586526,5.996991843636701,-0.6712854398515642,3201.0973003197973,2231.5228629194,-0.6088852989742175,-0.7187449729767704,465
336,0.783292923116218,1.899843117152936,0.9477202641838932,0.039801244413923145,-0.03942515215395823,0.7486851525152942,775.748342021856,-8.715487097287149,1.0081559539705613,6.192927577122773,-0.7828740529953796,1776.1051621025658,4390.548476629169,-0.6071541921080974,,464
337,0.7871918837620524,1.3097933783654576,0.568666867536542,0.001474772644150503,-0.01914368941308242,2.71832028158298,681.8700983637243,-4.819200548481753,0.5541552044846643,6.091823260591884,-0.8645124429732733,1440.966950616025,3128.152557665003,-0.6021888863130278,,463
338,0.793678461579462,1.5667385508848304,0.16947669155963857,0.00905125761078214,0.04673140883661342,2.23459877479672,480.5955605017562,-4.753910533827086,1.853992114013746,6.18032099540567,-0.6706260652159839,2275.4233125293854,4823.093553799894,-0.5939825027350643,,462
339,0.7939273464319668,1.6533767597955744,0.3891864804040622,0.005894711241389829,-0.03925584800000044,2.1795746714089104,429.68380481296435,-3.16005310619267,0.47930831683548086,6.029938763955478,-0.6075713457346059,153.06771571768962,4062.749700359807,-0.5936689679101363,,461
340,0.7942682517103336,1.7996091406602115,0.4075883712417679,-0.030804910687914223,0.030991723479652223,2.171682555773465,640.6321363909558,-8.215878966397556,2.2921744430207776,5.745175120453523,-0.6388986900168493,3187.662376990862,3213.1104916817917,-0.5932396690454514,-0.7187449729767704,460
341,0.7963761306275556,1.3059867864869956,0.7960362593982734,-0.04031314407648549,-0.04424660585173981,1.00636404185728,421.1290145569708,-7.840364827881846,0.9049636102786509,6.048383794547231,-0.879216083358773,1535.9722230232924,4892.742858309986,-0.59058932158314,-1.8600397697631286,459
342,0.8056641346717965,1.997308957912389,0.8604720462380682,0.03363656326859539,0.004810531709001565,2.432786850697065,606.0703858973537,-4.880971272133081,1.266463102160593,5.813837625081731,-0.579797918836038,516.2524191238044,4865.076150352253,-0.5789939724384485,-0.7187449729767704,458
343,0.8061013369567553,1.5928007978812468,0.5282491187936212,0.01677836820878251,-0.023231111782227087,2.3822318179758923,580.169566127944,-3.947738326717353,1.433513231280852,5.9802921880960245,-0.6288788824029063,1899.0520385168002,4450.551528261819,-0.5784514588985973,-1.8600397697631286,457
344,0.807845935027818,1.7228763124083697,0.3595060277435941,-0.0020927527731748655,-0.047783270362943615,1.4226203271915954,321.5725895082883,-4.637049388253598,0.9040561597302641,6.133005235381797,-0.605887769930627,3149.794377452928,3215.607848006512,-0.576289555866405,-1.8600397697631286,456
345,0.8096051714204151,1.5512600388869389,0.1923795742181961,-0.030835156612672467,-0.023800634264085876,1.100036480111743,527.4439667595215,-9.551685296039347,2.2258877293362094,6.022890406824248,-0.6377057910884825,1547.8434038594692,2061.901980686664,-0.5741142355994517,-0.7187449729767704,455
346,0.8107733581421244,1.8937938770353617,0.8186099461014125,0.03669274607266306,-0.04719090993367789,0.5783329900855716,551.4534875959129,-2.815708156781645,0.9474126439894373,5.606041082860414,-0.556319822731072,843.2294545623511,4044.046137414547,-0.5726723664278135,-1.8600397697631286,454
347,0.8115178179647081,1.4462106346367574,0.42917728856397513,-0.006248810027614106,-0.019519441429373896,2.692364017732671,658.0733593103638,-3.018434910001311,1.5117295575223715,5.7371473947052625,-0.670286674549658,712.8541653046872,1234.6276731762907,-0.5717545781962107,,453
348,0.8123281978000093,1.4132595727011321,0.5624662964406596,-0.012626106720774195,0.008360516190430937,2.0227605955567762,506.2662370963838,-5.747308835597843,2.628963268728459,6.046564173697429,-0.837160263464777,3838.539587088123,947.2251571082154,-0.5707564787523822,-0.7187449729767704,452
349,0.8133762631965791,1.9947579582826096,0.3642422811040341,0.004665763603367276,0.0036197756370737882,2.4468156250196467,722.7969791997936,-1.2640724114324264,0.6538531059321104,5.820550436858854,-0.8098346594084042,3931.9038775197632,4267.2788094451535,-0.5694671108913524,,451
350,0.8142226571685008,1.1012508321313481,0.4782339143868909,0.04766147395282912,0.0067992316400527905,2.1102180346027803,390.99999580226023,-0.9351474414164328,1.7331165849334533,6.235990499399956,-0.5880435034439203,2642.3219451863774,4044.9030992436155,-0.5684270585324879,-0.7187449729767704,450
351,0.8142230286074235,1.4126533111577841,0.1848712476315174,-0.042126406544409224,-0.03531736542048316,2.464173332309745,510.78225257717725,-0.33568192644817846,1.5252444076436074,5.709441771971744,-0.5867796176063234,1739.9334465654235,4125.690929706153,-0.5684266023441923,-0.7187449729767704,449
352,0.8170525941145114,1.8564207230564205,0.14707909941056052,-0.04550935216453826,0.013190723869249965,1.61607922496328,96.51009146216997,-7.403685834638771,0.17725446249123028,5.896354950601421,-0.7104316885672187,4950.618482255219,3761.814687675805,-0.5649574542671054,-0.7187449729767704,448
353,0.8171821804568353,1.7277042716467352,0.6890066598715581,-0.04029626682067744,-0.04775493618006759,2.202602482821001,451.45863380280133,-4.928228040882101,1.4015490611181982,5.954140879300562,-0.7830385134480106,1517.5482934231443,818.9299515807824,-0.5647988646390065,,447
354,0.8191268583321603,1.5785431364050566,0.3464467109148252,-0.023937493591115112,0.011207846093498421,0.908324559319642,553.4060129427886,-1.6121162777516418,1.482340278204574,5.917874876597804,-0.5297870855213535,1569.0115415721639,2227.83882551525,-0.5624219556996537,-1.8600397697631286,446
355,0.8219464876031997,1.5357207813387967,0.3826084184547649,-0.010418075552699139,-0.009796995921746066,2.317424891748945,588.857622026106,-0.8224229802368084,3.0795785376093323,5.768624235537558,-0.49552278871958233,672.9054121608272,3416.978585100743,-0.5589856290386568,-1.8600397697631286,445
356,0.8226015876767255,1.9286514844080471,0.2800079131139881,-0.04131817626508837,-0.04315996999698892,1.9220799676672577,524.6890066298436,-4.753720764473528,1.1102705809648488,5.897512724756879,-0.6979959662340258,4109.337667667284,3778.954340854576,-0.558188935870445,-0.7187449729767704,444
357,0.8307006262965978,1.7579164926419226,0.9756211733179084,-0.041348537802481135,0.03241143296146916,2.763576527526397,784.6295341258113,-9.310703520356176,1.6580939596829511,6.125301573513788,-0.709588261355277,1145.5659731491075,3099.6401189961,-0.5483914489531904,,443
358,0.8312347550454363,1.837802751145991,0.8702299768501118,0.029459979037427128,0.036180417938026066,2.0600618862282514,518.0373318417452,-4.874371394698816,3.085923922325966,5.692738276300389,-0.6622448831222681,4959.3974223617,3576.7443736681616,-0.5477486697293903,,442
359,0.8341373685510952,1.3164312615687634,0.8442657630647662,0.03751723994585872,-0.009246568725127857,0.6596460306725086,694.4025230183703,-0.3354596321978942,0.7845076469282148,5.8124215924891365,-0.7837861820072475,4055.359740378639,2979.731593857027,-0.5442628224479436,,441
360,0.8411746066695479,1.9915761519708144,0.8441074195391098,-0.039557001433437745,0.027617975599007985,2.57121137203215,735.3992110824452,-9.419326209427883,2.8849489246105264,5.817161992053729,-0.7179070214133711,252.44718261039023,2153.1580888096855,-0.5358616653943853,,440
361,0.841283374868813,1.8174186784265496,0.13295618953725755,-0.04703080411866476,-0.02030367956243545,1.6216736419748135,331.05034086350884,-8.49545953264062,0.6770234763231217,5.754777677553189,-0.7251812969039908,3376.961241466309,4416.328167054621,-0.5357323686147816,-1.8600397697631286,439
362,0.843473931952075,1.3048194844644976,0.7892195779217672,-0.046898128396691635,-0.03137792574833602,1.3350978812439838,211.04744043579848,-9.501677670042206,1.9351091616506786,6.113549586347046,-0.5747695062049961,1719.6749813392998,1133.9441885255662,-0.5331319248489705,,438
363,0.8504464198079823,1.6636845028283633,0.23939426139609463,-0.005561782498312283,-0.048193515973330145,2.1884560379203193,152.55776180416603,-4.548815042469959,1.0138457814030728,5.839094333740983,-0.7203430239406833,2601.0825058122637,2923.2343655342224,-0.5248995103469642,-0.7187449729767704,437
364,0.8508982765452225,1.7262580198214044,0.7798108977925142,0.04008996294250358,-0.02348125772376335,1.2637225292344758,596.1544771348068,-8.368600090641742,2.404894494927025,5.9047957542856535,-0.8940091150554361,4759.072083468368,4289.956913318629,-0.5243683343321043,,436
365,0.852908740517816,1.1170851797004027,0.6161695732192921,0.008225097131193357,0.03479444997459248,2.418356845585843,427.8370056761311,-6.029582029836654,0.09873791757264566,5.876584517952853,-0.6451439977760814,1956.5698951165662,2684.2824584476502,-0.5220083664653917,-1.8600397697631286,435
366,0.8531279606078264,1.9983010397422811,0.6981961784527951,-0.022963251773529033,-0.006650920770205765,1.0682442283750564,596.3846456716299,-2.6516494100336683,0.9509704136044305,5.897432941168496,-0.7699574402557847,166.68142738448063,437.1916466211812,-0.5217513730595043,-0.7187449729767704,434
367,0.8532404207959633,1.5346819003117074,0.16124288129310754,-0.040462085962888604,-0.027680535821688862,2.7831803953038423,454.82445147654255,-1.1827732141096572,1.6005017681314229,5.707414926405963,-0.6580064531225308,586.7856916601073,1670.2785183156243,-0.5216195607386187,-1.8600397697631286,433
368,0.8540035814092347,1.267954076176524,0.9420174951722463,-0.03904197459274481,-0.016552368847511677,1.7655558654076466,414.73854640687114,-8.109379028971988,0.8219746664125143,5.805499191370024,-0.7387171771328999,501.0872882682427,3221.1453073272555,-0.5207255342688859,,432
369,0.8546873804603182,1.44935428093224,0.3253526012155825,0.009284647920497949,-0.0335422876366778,2.0162348090443976,561.5588456474944,-9.086243276659134,2.2876692047699176,6.084537645105435,-0.7678655864087168,3078.1352035987443,3804.2186478390927,-0.5199251565495315,,431
370,0.8563194437244178,1.8677817034979316,0.18535699240773507,-0.004986960314483049,0.028098906407278343,1.6438832983364864,430.56764827788356,-5.516662944378787,1.1013629411755956,5.63837856350903,-0.504332815875463,2423.8981703050044,3985.09067001093,-0.518017433288574,,430
371,0.8570945273396576,1.6097451170561528,0.45331569408059214,0.030573913853279747,-0.03601313054425584,0.676939174685866,778.383339065079,-2.9754436282207113,2.846108557365767,5.921111458501147,-0.83146319983398,1409.8546468319028,657.2582961984352,-0.5171127089415267,,429
372,0.8574624828842368,1.4966157530850768,0.17281226939655925,0.02579524613269056,0.04872159167413308,1.9611380558404947,474.7931078576678,-8.90063889616853,2.5375996542651276,5.8059397300781965,-0.6916762922637045,4904.524496736053,2642.988461665635,-0.5166834953918577,,428
373,0.8591026775923422,1.0901451178202621,0.5127519870620274,-0.008750309264867064,-0.02363782276878941,2.413539233855972,505.16184972041594,-8.676403309094143,0.40635623358222706,5.773808781157261,-0.66723318094168,4056.610421257505,2765.6066504720966,-0.5147724753560128,,427
374,0.8601883560883823,1.6808573700072698,0.3615186231086297,-0.028550461448381005,-0.010232807287345299,1.8124216277440814,366.36424584603304,-0.6542359559410732,0.5571630999886519,5.811611530322087,-0.8343437519012723,3074.436423690979,534.5916891620927,-0.5135095377624268,-0.7187449729767704,426
375,0.8602014297505345,1.2768464158976804,0.23931982407255248,-0.025933218557581267,-0.0036994081791958035,1.5478541410750717,301.60530236793994,-8.423266168295791,2.4136883871031,5.511836871544042,-0.5382464706666583,3276.1566679341986,4657.803519474508,-0.5134943392739574,-0.7187449729767704,425
376,0.8603032991521556,1.626799980198036,0.6269523561456526,0.020547532844660887,-0.014488420323732265,0.7547866806546769,716.0589615855487,-3.6187377745488205,2.876945713863684,5.899728881536256,-0.6469713843961463,2716.878718199567,2833.232534514147,-0.5133759212306563,-1.8600397697631286,424
377,0.8605639660224491,1.9341366044817683,0.5061984333824926,-0.04158122938221215,-0.01877323437868376,1.4936446122834246,608.2707066526441,-4.783509339311038,0.8846480738114307,5.911751363215248,-0.6747564969159848,479.629416645873,2525.591537458063,-0.5130729729701584,-1.8600397697631286,423
378,0.8618313778662882,1.8180101356178229,0.3384874054904384,-0.011274688894899486,0.01811171036918316,0.7272099798057176,630.5898392574005,-5.976947442249935,0.5861052766906951,5.916918730940218,-0.6292436908165842,3453.267939702235,505.38581038556686,-0.5116012875326688,,422
379,0.8653710574980692,1.3637132380219443,0.9901099701628489,-0.03919251585418529,0.0117687002511329,1.0755553250099839,333.0042726424259,-7.092046897144167,2.816776659783121,6.035494695960594,-0.7626715391020229,3881.5691247046334,2234.253259121043,-0.5075025385791334,,421
380,0.8671128478870541,1.7236302123112845,0.8022063359109063,-0.016383666629027217,-0.005801508878729919,0.8710007082737534,626.7860668952687,-4.634214939341101,1.8906043429308979,5.985446087328046,-0.6382358802606587,4100.218308239559,4692.427048564028,-0.5054917943864404,,420
381,0.8712751109602314,1.6802010025611953,0.8722859140377952,0.041528860357935196,-0.04475055796394372,2.3149240582545905,709.2412291587793,-3.458866119313524,1.687413600307838,6.03375146150296,-0.694079143213469,1970.964959309709,4166.652207298088,-0.5007031383148046,,419
382,0.872807013535053,1.1797087718656636,0.47413202059546183,0.00020093318560226656,-0.01022718286339267,0.1379177068973619,646.2607568630343,-8.940612055331345,1.782817809322401,5.842420703678637,-0.6067214896831847,1860.9611202476253,826.7493913484228,-0.4989464515771178,-1.8600397697631286,418
383,0.8738026095085307,1.454041804251779,0.7356673109019759,0.02312365843152251,0.02960380106151275,1.3375500881549676,496.6617797834011,-4.431914642828443,0.7080905529463809,5.928108122159779,-0.7762609230203903,4539.7035644622365,544.2272197762829,-0.49780641883232496,-0.7187449729767704,417
384,0.8821552926887504,1.0245602044279776,0.593581803533859,-0.040572064174291295,0.014687206567804728,2.8760384720928487,696.7916382467156,-2.8536698353493017,2.0042053169117713,6.061438880570616,-0.8248025012675465,4474.138302448222,1104.035921637181,-0.48829281241967026,,416
385,0.8841076270523955,1.6463411258201615,0.1273855126552352,-0.03643509513570776,-0.03787348302839812,1.6561547908450167,189.10508290579642,-7.822857912871401,0.002731544024478616,5.642699030298543,-0.7012813592844768,2656.9075519079274,4638.547869918883,-0.4860821164503241,-0.7187449729767704,415
386,0.8866512137352149,1.8183775147149832,0.5754805419152453,-0.035319314351818405,-0.04865267039892795,1.91532459029585,637.3616857481547,-4.000689436996576,2.369518132384616,5.962656035270453,-0.7509230231543418,3789.2714483447407,4092.8986570026386,-0.48320923689870443,-0.7187449729767704,414
387,0.8909051763291094,1.597267434572386,0.5678827206121498,0.024271532467654372,-0.02861950692113593,2.575599404248808,598.9965277409185,-3.9646323595844057,0.6313145423780684,5.972007153184072,-0.6193736544776256,349.4054411262626,671.7145037975536,-0.47842292380197593,,413
388,0.8910879918795257,1.7912236319366353,0.47279637414215936,-0.034374984289989925,0.005774881159885563,0.9332786171468391,686.9900637744835,-0.9849443564690925,2.9725518709171235,6.178332314799908,-0.7964442731635775,1902.9619051863888,1848.4484184437556,-0.4782177428233792,-0.7187449729767704,412
389,0.8946705307321302,1.6817629615432221,0.16942244991472252,-0.019644833804773165,0.036882057064777984,1.3155707831174719,433.5169396638288,-5.817932170090815,0.8158607312606008,6.161972303665098,-0.709344334387956,3992.9377520046232,2797.04865646668,-0.47420539332202327,-1.8600397697631286,411
390,0.8970715675984122,1.942859725226488,0.271756963202373,-0.002772704214064868,-0.004522373032428449,1.1677620874417463,475.9442616353691,-1.0728422367934782,2.958278328067468,5.737211973527873,-0.730198827472461,2551.2577578744385,3643.2081374294653,-0.4715252773547258,-0.7187449729767704,410
391,0.8978445605065688,1.625304018045993,0.2893372147791379,0.017614482861453954,0.008792648299143613,1.0854914298614808,427.9980555332353,-3.3324205154110476,1.8963745503344571,5.581284531250696,-0.7940782427348778,4779.740325086468,3383.2780424214784,-0.4706639636210542,-1.8600397697631286,409
392,0.8985138050788977,1.3106378909736651,0.4158264901216602,0.023142532570463104,0.02899044711700091,0.8827742990342756,584.4305260987188,-9.094374406865438,2.437617297217841,5.913009722694663,-0.795429797187843,1776.6062607794754,2369.5813434765096,-0.4699188510465141,-1.8600397697631286,408
393,0.8992333129714123,1.8619892687869288,0.17533462071725664,0.0007519574279632266,-0.011581023286929743,0.27627785749204603,646.960252629642,-2.4376249539033354,0.46959568149326336,5.982765294866191,-0.6401282882596233,1887.3253853202564,2843.5755008960364,-0.46911839593945803,-0.7187449729767704,407
394,0.9057035919868486,1.63926183631014,0.48594038746968604,0.01936441753179277,0.03643788919165751,2.6574927938165795,481.7008717574791,-5.49953972083178,2.628910428199103,6.009571185635239,-0.5708332392727274,94.5251303147554,1922.536876554294,-0.4619488303846413,,406
395,0.9091120967601493,1.6321359091509724,0.32775753179192846,-0.029323265883850615,0.031671168459240034,1.483971841234645,513.5467567923439,-4.588589857243659,2.564787937219052,5.917039886447448,-0.7208647380789991,4381.317877515405,335.10087768597765,-0.4581925163939402,,405
396,0.9112146092220227,1.0126293341731487,0.5563237934115342,0.023620497721003983,0.003888141053046981,0.6013821692630551,480.3151816587683,-7.095379122755308,0.9503121910308667,6.215345144247446,-0.6552499341297212,3194.1031645234143,1246.7356371581418,-0.45588247678408034,,404
397,0.9124719717897597,1.7856785315786474,0.14331752569184758,0.0195512079104589,0.04440797432596981,0.814546463296168,551.5540077748493,-4.8250065114207885,0.33636875445617803,5.730133093964265,-0.8199314098339325,3334.733845444541,3577.0521624290004,-0.4545035525982625,-0.7187449729767704,403
398,0.9139708205120983,1.4104266683884608,0.5662358111113459,0.029157990228123043,0.0279558946807988,0.7386468529684401,711.109695911281,-6.389142941894708,1.606028430137573,5.962396151347715,-0.6963573396814053,4938.383079687152,2623.580476464473,-0.45286227583324706,,402
399,0.9141504930793813,1.2911206653736527,0.49846410364728866,-0.011616185048596336,-0.013167237464678898,1.794258056460368,493.94144076097353,-7.523474845594671,2.120687782345499,6.176736347521231,-0.7899393821941902,3000.580856398399,4977.6992855414655,-0.45266571057629373,,401
400,0.9170182169820922,1.8600031303515443,0.5405506613435096,0.02711745110917737,0.010905217950705773,2.563806625486686,517.9135006296754,-1.376226326572865,0.23232753847135507,5.954340655608606,-0.6900049069165062,2076.233069558436,2870.2275131374677,-0.4495335838297163,-1.8600397697631286,400
401,0.9178616784241581,1.5152952407728772,0.1765791425612428,0.010123441221237737,0.005074639949530732,0.621504979260555,479.8965475784049,-0.2334886254134402,0.5043274590862566,6.086530857824404,-0.6149374618620236,4833.493672176031,3226.841941497732,-0.44861421956661607,-1.8600397697631286,399
402,0.921385004737937,1.9348271721474681,0.4639009204696612,0.009161968090578121,-0.029955036128488866,0.9801834489183698,683.8070306704104,-7.589942708181523,3.0932912827848433,5.823616976819469,-0.7191090605179776,1940.4760084806371,4611.857711578948,-0.4447829437993716,,398
403,0.925487841018605,1.5121228327325904,0.5034776491799978,-0.04767137641757753,-0.03235307126442548,1.642686171520804,281.8882179661273,-3.703554457292226,2.803108998639796,6.103468033990572,-0.6416058427456849,527.9172838016966,2378.3937004621393,-0.44033992755230367,,397
404,0.9269787750227617,1.0662277237086633,0.5927430934788158,-0.01977741301031238,-0.033199535089492936,0.5812705720340532,613.9327451757084,-4.987850888667079,1.0029570603620244,6.006878131707662,-0.5721949700552698,4228.348559993667,1943.4085751024631,-0.4387302528481175,-1.8600397697631286,396
405,0.9278226264095,1.208072458311113,0.24161132452438222,-0.035395237704998486,-0.03796782288003636,1.2214276326624782,318.8395191711818,-4.467511852338901,2.9877480935408194,5.863332757786207,-0.8133127033915417,775.5870084299953,3450.233810629912,-0.4378203425533642,-0.7187449729767704,395
406,0.9293945806665718,1.0346684458540305,0.7312163643215654,-0.022726652121945093,-0.005553055603087921,2.3379563887164942,478.6893858297912,-4.3844080336552205,0.9537753213925657,5.849264480526105,-0.6969493202466875,1886.5938997177357,1095.2971059325355,-0.43612753610459287,,394
407,0.9295366536602709,1.2016631121242187,0.47042805714419744,0.005085960318723604,0.04174192405514512,0.8778737514224434,556.0690118476929,-8.273970743610667,2.046822051400432,5.9762108920700525,-0.812453546446074,4497.484034494908,2135.521588006078,-0.43597468161339437,-0.7187449729767704,393
408,0.9299799667940611,1.1444172924655842,0.1785261254753851,0.02433147230479799,0.03779826713676738,2.9442410424604444,628.9304482041046,-7.788291151121576,1.868480377401936,5.886046418371971,-0.7572819629852136,3166.021636883589,3497.3877535394963,-0.4354978769026353,-1.8600397697631286,392
409,0.9358528185579131,1.0181263791689916,0.5955431443265814,-0.027188027282966237,0.022588919686649868,2.09650705846525,414.32886116279883,-7.924509246667967,1.6277522292489963,6.058613719057581,-0.7004647206008694,4873.1101183531,1201.7218653551113,-0.4292027027534711,-0.7187449729767704,391
410,0.9376802881560591,1.1856254524142493,0.9592551338655178,0.023424219998900167,-0.02119912537961779,2.1831567498262565,545.9846770496044,-2.1955714990006765,1.4636980838854983,6.1217961282238305,-0.8119640099996668,3855.6667710659153,3720.9742174267426,-0.4272518750139841,,390
411,0.9379549328130737,1.5278782217977565,0.29892659634359614,-0.014658226465214273,0.04321212212148887,0.6593184368810839,771.1003694473914,-8.042387966980176,0.9992870513794423,5.965399476030859,-0.5923593185134536,540.7947737106309,4154.135555352275,-0.4269590199258022,-0.7187449729767704,389
412,0.9412704777577048,1.3345416800651932,0.8398291707424408,0.044666828372743966,-0.007307440044851662,1.0062529745528261,617.2839091263652,-0.9409459748375166,0.7949095673913251,5.810384389026419,-0.8296363791934057,4394.923572542142,4792.573711055801,-0.4234303869409879,,388
413,0.9433905064587383,1.3065465323484295,0.9711374099285025,-0.004651510417163159,0.00034336915207672746,2.3682898288768652,643.6452946359328,-0.6734407836155373,0.21289157318394303,5.7129477472446,-0.46362136140194,562.1751751879227,498.7906183003919,-0.4211806140502586,-0.7187449729767704,387
414,0.9470804572443385,1.7390300324451293,0.22576601229316173,0.0200527634136535,0.035668453706432,0.9274366942271742,760.7195778999942,-8.425262470021021,0.5290138695054691,6.019909603217315,-0.7415189920902462,1398.9410372471589,4762.078049515935,-0.41727687202782415,,386
415,0.9492518644904411,1.7734189000083291,0.16362712138195795,-0.0338583918849794,0.026561978296188244,1.036219002659626,494.17284169786836,-5.031950094068204,1.8280760510553187,5.695118020643801,-0.7647182448266433,4669.04228499514,1121.6730741276713,-0.4149867584541467,-1.8600397697631286,385
416,0.949747221831909,1.6346814045392066,0.250788730334214,0.005831941700111677,0.030844539730408058,1.6955172083892591,218.16665834425996,-4.685535097810614,1.2894024253206002,6.175137277793769,-0.9615026483460751,995.2658004931136,1630.532685486259,-0.41446505483009183,,384
417,0.954939084287768,1.7915952998973517,0.7815754680346473,0.007643276047675093,0.00318995738677858,1.6934470514803772,619.7957043196207,-9.528086191018843,2.0260683909589305,6.218577767062951,-0.711639127267201,210.73518712167137,2934.6742178122595,-0.40901336937608584,-0.7187449729767704,383
418,0.9593907819773845,1.0847408805983054,0.19709865682035196,0.04444724381563815,-0.03638749772286578,0.7676940211797642,494.2661730589948,-3.9395518096626843,1.022957463190032,6.03572786456964,-0.7459988001961118,4756.806793440535,1431.873759997866,-0.4043624408264662,-0.7187449729767704,382
419,0.9598663316751681,1.0826654847515471,0.33871590253361794,0.039671385098465475,-0.028858551258084,2.6355489463178343,747.1058872268491,-5.8935108793755635,1.5248206477387396,5.911287383698293,-0.6881365007846335,3166.020168653293,4715.671272480992,-0.40386688480724625,-1.8600397697631286,381
420,0.9600649155326257,1.3040335439659463,0.27777079396182314,0.021258765439228777,-0.027638609173720897,2.0348809481594836,410.48868614390625,-3.0577622712767045,0.34234522826796304,5.811615458097551,-0.7086413760368261,21.08736926175081,3967.199368199493,-0.403660019214074,,380
421,0.9601374506594021,1.998148355893226,0.43772248229919664,0.04181811785770183,-0.027554150896293608,1.865522841274983,265.0788731883855,-2.0778341372608438,2.8996830512851193,5.962990521600434,-0.7853492359919874,552.3384726029068,3102.1690385101806,-0.4035844697531741,,379
422,0.9623602868931004,1.0343055448850222,0.8838177656679971,-0.042609784212367996,-0.0010707215343981067,2.753489740881877,597.2935526449828,-8.436994936094875,0.8535756125420819,5.6457745687147,-0.5816023545088344,3678.54233245361,3614.3353401392587,-0.4012720225853019,-0.7187449729767704,378
423,0.9655544697614163,1.6599050487566158,0.48141534137756914,-0.02691486891642081,0.0022419928533470995,2.2482930956333718,542.5565976181986,-3.378395842414772,2.1663967128490946,6.163640235141036,-0.6974449346294576,1203.5811868848346,3483.010777730804,-0.3979584053416063,,377
424,0.9656620937762298,1.5929927730988158,0.13724042099794354,0.03648438389640694,0.035800840936745425,0.8274890634526185,545.4316430441643,-2.746498794553817,2.93207988800384,6.190080970646778,-0.8705994254175635,96.32399760256158,4386.29360336684,-0.3978469481213339,-0.7187449729767704,376
425,0.9675654275314601,1.7828076858146393,0.962579289021821,0.0349859906657851,0.02309206153147854,0.8382188732924067,783.6109078971068,-5.420477656060896,1.7900660261715289,6.070896523485347,-0.8358462884093959,2382.4953682999994,1501.985465103991,-0.3958778737633104,,375
426,0.9680006538673943,1.5902782407410818,0.771215549374018,-0.01731822334452089,0.0217230108477372,2.5440037825886526,600.3405448221191,-7.225637048531075,1.2146088365889463,6.17958814417036,-0.7174158154136396,2718.32397715292,4171.711111947773,-0.3954281589770843,,374
427,0.9687885866339266,1.2807221329601535,0.27751716959009715,0.031524599571175246,-0.03336535420358182,2.4240035555190254,627.4454480648816,-0.3422803007868165,1.0751346172841048,5.776300809368364,-0.6860756619523649,3909.0573296094753,4255.367329270622,-0.39461451049794694,,373
428,0.9690781283608313,1.9824800479782796,0.571269970025754,0.008762655882663187,0.046314491381261605,1.4001262688190739,349.3688906070077,-0.3425457928267246,1.7441391038670042,6.055170478733103,-0.7154827743710492,548.4681078799414,3063.610317501334,-0.39431568527245275,,372
429,0.9701324755257351,1.5757750164518205,0.5371721845717605,0.028284524983629614,0.033025393299729006,2.3560480492134035,543.0730349441911,-1.2507839013736088,0.6151601181134957,5.886244588839205,-0.786384582683325,4030.0884481131193,109.03519180103017,-0.3932282868571362,,371
430,0.9703443136612915,1.598580920175897,0.959815105260681,-0.04838481019055336,0.020667356185186336,1.0005314338460654,591.8042980489853,-4.729745438303605,1.4254774705799562,6.215801951853417,-0.8552884769762522,1606.5919563082145,2469.128954494383,-0.39300995068575706,-0.7187449729767704,370
431,0.9706862032393394,1.9509653845109216,0.13030698156513934,-0.03159421413183919,-0.003619410357150659,1.1716061411442924,289.71602263058946,-1.8177383004369425,0.3634640911728215,5.724812457502237,-0.6592549570538806,3474.4065094024313,2486.5106634212652,-0.39265767432678833,-1.8600397697631286,369
432,0.9709564366887834,1.2672474315577824,0.4798034627673407,0.008585542172556315,0.02475459594127331,1.2392728768736794,284.62832007934844,-6.6824350024711165,1.333837918758069,5.489062976014604,-0.5957131521321775,3524.7181783339083,4076.6690076343643,-0.3923793188295859,-1.8600397697631286,368
433,0.9755147178897435,1.3100355981401886,0.8203120811744149,-0.04206539633867515,0.045622946128055494,1.9698596747548756,535.2659689838822,-4.473016719958903,2.6630485611867583,5.8496176507952455,-0.7683637786698824,689.0120069519734,4219.91688096157,-0.38769567425262413,,367
434,0.9771491799406832,1.8228582979743924,0.43671714429173203,0.04229427316019911,-0.03343785295379105,2.4453501170066874,785.5855330796428,-4.123925151306727,0.3173275340653039,6.154465909821594,-0.830975438457606,4977.022586654616,3156.768475154872,-0.3860215894964629,,366
435,0.9854711038147667,1.5849425954246326,0.5760581236390951,0.015128098409893029,-0.00039988933968036636,2.143959993256742,697.482082516068,-8.147629916808635,0.5946595702209795,5.7883920890541845,-0.6083976883995642,4673.423472918879,1455.2816101828062,-0.3775411169181835,-1.8600397697631286,365
436,0.9863800765297317,1.8530966000881037,0.854787169029738,-0.03901104071551478,-0.008903707266686241,0.8744911223179751,749.4230032289879,-8.661570268109013,0.9846970150746095,5.944836879061053,-0.6905655939262315,3005.120636576375,3789.333709847133,-0.37661916825548925,-0.7187449729767704,364
437,0.9869443650581824,1.561337704764842,0.8173477855338778,0.032907929868487715,0.026497746154400967,1.885071247714514,430.39947889905505,-4.667201766996594,0.08515806776689656,6.233361453048521,-0.5715054228804195,730.040450430789,2303.7448529660674,-0.3760472516137254,,363
438,0.987948117621568,1.9119797854825962,0.7288319605141598,0.041818171069734726,0.020466022907082566,2.6990930278181886,792.1533351835478,-2.1536077466146666,2.387875988139084,5.700228669328867,-0.6003571671165183,1720.1577702716409,2984.4455044898173,-0.37503073789605623,-1.8600397697631286,362
439,0.9923949447264215,1.0135678716876544,0.24778160857146467,0.02610773704398342,0.02442179563872226,1.0666887560144866,413.29484294394376,-8.305884146457293,1.6343524130598612,6.166167206906724,-0.5513331015017,4132.346473130831,2674.3550016413574,-0.37053976391953725,-0.7187449729767704,361
440,0.9938407470951839,1.3775238361916153,0.43052701110629543,0.026007262562431698,0.042273514927054875,2.4751952394732735,774.663771186634,-7.98686184745023,2.2858566897709536,5.689996166458361,-0.5389245766140472,3270.41972023311,954.5319352507081,-0.3690839421053216,-0.7187449729767704,360
441,0.9942943604471242,1.1465618311664842,0.35152859867243874,-0.0011773564632835667,0.037189376473158425,2.4151173959031866,615.2830421405313,-8.580654981844386,1.837622802068518,5.9779583708856,-0.7249705317992184,3883.39747661987,1106.490495832262,-0.3686276216489459,-0.7187449729767704,359
442,0.9950681971977827,1.7669702034241872,0.558523261295631,-0.0033927076960460698,0.0007480925822699533,1.271077780250844,379.60505323148533,-3.7509610940264366,3.0899978332479487,6.1108088705730434,-0.5896950601369335,2898.027305983667,2152.9951050795503,-0.36784964702915934,,358
443,0.9958816525461278,1.913720959828799,0.9118978259863079,0.03769155547887114,0.04345409654304842,2.1219320734591687,757.6229556277148,-7.515502309786375,2.800188895271825,6.200797172874792,-0.7800657647139587,2297.890687112022,1111.7733549795062,-0.3670324939565085,,357
444,0.9974697302629065,1.1379047753305578,0.18397715982989885,0.04845276144796009,0.04371196379979635,2.5735213343945427,652.8404719718815,-4.012159094195223,1.5977362405051734,5.7552292988622105,-0.8509453524156747,782.4274557197689,4218.560286070004,-0.3654391190338159,-0.7187449729767704,356
445,0.9977071743328766,1.2454683664669708,0.1323335594743373,-0.04274807505580156,-0.011767639101568264,2.3092345167007515,658.6768436046196,-4.558933447168501,0.6740281136149463,6.19274739257129,-0.6783062439386606,1223.4836591700027,4737.339326496446,-0.3652011009708195,,355
446,0.9979494965109522,1.9148520529471222,0.7062555388729533,0.02165399060707379,0.012577877149074684,1.7774647701947475,408.47236786889385,-5.511007014878338,1.936383511649283,5.86193506311716,-0.8677616463354373,4695.125719000105,258.5143514249339,-0.3649582514037458,-0.7187449729767704,354
447,0.9998005731242436,1.161552220361102,0.8018208117408476,-0.005874122738269391,0.04550773274038688,2.141107191069526,542.4944768415572,-9.626886455908892,2.9323264227256503,6.264852748433921,-0.778174125868625,4242.268914329437,4691.09640782898,-0.36310508951811804,-1.8600397697631286,353
448,1.0,1.2294610584476722,0.20635718625750332,0.03929076808347874,0.023155819437893202,0.3405336259851648,526.9740033049799,-4.6677527534816,0.38282495746207884,5.882902261539851,-0.6233664206082213,167.5149959052269,3467.6734037090528,-0.3629056427542059,,352
449,0.8511221857907941,1.2995233782788214,0.3060346375192264,0.0209787325810158,-0.0370687827259016,0.5906881902809403,795.7630829041004,-3.1581950494315265,2.6893945767712566,6.065050867501689,-0.7646915727312626,472.7394596349533,4456.71329796482,-0.36193846958134623,-0.7187449729767704,351
450,0.7017751003448528,1.125397082182701,0.6441905370275659,0.01030524652545537,-0.006557630163190595,2.1668907163341244,532.6829083373094,-8.192123655098536,0.715256366208468,6.242005060241046,-0.6807003344243153,3265.3242306600637,3286.2879755717436,-0.36122806130004104,,500
451,0.7022203878198447,1.376691480324668,0.2762725580485353,0.0020949645480129093,-0.012736837574917297,2.209967841258127,490.6702770394448,-1.6556994420700928,1.854816548063165,5.756755210649673,-0.6629181187549291,4269.253319985887,889.6991297633898,-0.36059374659790266,-1.8600397697631286,499
452,0.7032744134839812,1.5285511000962138,0.2858749903105824,0.03773303063217763,0.010260266857948015,0.9283179285744856,728.7803904545116,-0.19883242959514913,2.8477850811401337,5.861183270710144,-0.6893558138544112,632.8067983718094,727.6482402426798,-0.35909388212208365,-0.36193846958134623,498
453,0.7035009313787144,1.3992359514052581,0.8841886348705517,0.02814420073639788,-0.038934286221210736,0.5930533175402599,540.1918867581396,-2.401844707811205,0.9419595236447338,5.936465287194935,-0.6345050496789205,1481.662884382473,2175.5821088618154,-0.35877184364236525,,497
454,0.7046464387939892,1.1900771912601287,0.23307031442066994,-0.0003443869463749193,-0.03484629668991367,1.5345318112412478,366.92846207446695,-1.5297684030925718,0.6211782201932052,5.744113906900674,-0.6014042907779934,854.3861180327201,2522.2412271547714,-0.35714487235764547,-0.36193846958134623,496
455,0.7052245878096525,1.5091427387357144,0.510248246974862,0.037726180609426875,0.04066773736140625,2.1138574407589332,661.6595946007935,-7.880780038825782,0.7034949555498612,5.6244599741351164,-0.6693435073223221,2042.220869701979,1637.5046249638583,-0.3563247277669036,-0.36193846958134623,495
456,0.7064652308461774,1.2451777025432265,0.9249214466012513,0.03303665886042785,-0.014915406662081444,2.0108803338468095,581.7512661066503,-9.994908300299448,2.6876081373189313,5.952265228300893,-0.7923175448681798,2822.651724073689,593.1741006148912,-0.35456705644340514,-1.8600397697631286,494
457,0.706592003214648,1.5142362891959629,0.8339763734318824,-0.03463029225659643,-0.04947694137825733,1.1367541137055663,625.1688634814969,-0.532605648268813,0.4436050146453171,6.163718035136552,-0.6669042965176986,4425.324876846912,3482.1558435687516,-0.3543876265296377,-0.7187449729767704,493
458,0.706775491629365,1.3639402053869625,0.44296950898445747,0.005118222607083337,0.048188829453371176,1.7068462866509397,542.4219732903281,-0.7235808437369076,0.861831824965047,5.995522236873014,-0.9013958443015794,2341.486524112843,3402.1324430646073,-0.3541279793870512,-0.36193846958134623,492
459,0.706843931273381,1.1803478222799368,0.5595272430213124,0.011281274791905547,0.03994804808208088,1.702539913331296,349.2341807063737,-0.11494131712780317,1.8042235785726475,6.268972431341436,-0.7101453171848725,2873.085211215825,4643.603368913116,-0.3540311504343777,-0.36193846958134623,491
460,0.707060639125293,1.2834025615817641,0.8017595145505803,-0.03902339872793441,-0.03779741607016,0.9858827063941422,629.2246513054135,-8.736339987598958,2.404286113490459,5.861505704452459,-0.6203657835144522,1770.1398460208313,1247.9242565725162,-0.3537246122731352,-0.36193846958134623,490
461,0.707856707981099,1.9632778545015743,0.27378013892573827,0.00793435946635914,0.04581588597177204,2.1094798043664884,765.4278858788336,-3.7535104560788763,0.7383093651175925,6.09953453031807,-0.7419325918834853,3391.024078572793,1037.7042047749196,-0.35259936076436676,,489
462,0.7082737628900414,1.2337981698610272,0.9731773258877505,-0.041407137384191106,-0.03930952813548082,1.887638591477697,339.4121606901092,-5.7101077956382715,0.9260593563657389,6.084251293641203,-0.7166982940231216,912.6660234613413,2238.696226795788,-0.3520103544128117,-0.36193846958134623,488
463,0.7086068841076321,1.6786209794559266,0.2285823576380617,0.03413190848821533,0.043770053490154025,1.4186186155440157,397.51992191183007,-5.358108351983943,1.9546559510722832,5.939085434475395,-0.6201983535512591,4927.021888640547,1244.3309302363623,-0.3515401366503966,-1.8600397697631286,487
464,0.708630597933654,1.841199669493034,0.21153574683176368,0.009304715455669273,-0.048453501040531755,1.030438247883391,795.0941583320407,-2.8767571101292453,2.1624438867864533,6.099439903945809,-0.7107218716902007,660.684059827692,1112.9312033805782,-0.3515066717916921,-0.7187449729767704,486
465,0.7093103010676554,1.2570867757058828,0.18913289870629488,0.04579058109864282,-0.020439675541392702,2.380715352744683,746.3884030752104,-4.493470353183709,1.025975714647097,5.873124714736883,-0.6719403092668466,179.74694873627118,2069.483099840965,-0.3505479531503783,-0.7187449729767704,485
466,0.7094230466731863,1.739448682230451,0.9267262313807676,0.010446655406090376,0.012027668817615543,1.4759930677123831,358.82369455998054,-5.8786574824794595,1.4318035215945981,5.742911803860742,-0.6613619617059637,153.3247410373806,4854.765046750714,-0.35038901474811057,,484
467,0.7099435015239918,1.776125541098242,0.45700150260101613,0.03787464357235016,0.006391844896066482,1.8404117761213812,607.5542595981473,-2.936161079138004,0.8602975109927244,5.9046015079480165,-0.659475373665325,1362.488968996884,2407.4281339393992,-0.34965565256657316,-0.36193846958134623,483
468,0.7104974078384351,1.6013790570519506,0.769897490110935,-0.022020463186552486,0.020498075900932666,1.636658764446169,565.3167778553815,-7.652562902732402,1.1100313965644217,5.769957682549197,-0.7682989606803245,1096.5743668656912,4761.541507251825,-0.3488757449493387,,482
469,0.7114143185086913,1.4675692077190092,0.1376451739637141,-0.027844600992124914,0.04635994194593303,0.8399539608593666,685.5418115453872,-4.816390746253639,1.5152763010825256,5.814991515687614,-0.7871639356013687,1612.705989936698,2955.339580807148,-0.34758605757930894,,481
470,0.7114706368105576,1.901999916707802,0.1610075953966702,0.041295174192323314,-0.008695712958599607,1.0723944501270295,610.5562983953024,-2.3119156420091342,0.5731164597500255,6.1089292383848255,-0.6009698103124959,971.8707904169999,183.0000610052872,-0.3475068968549456,-0.36193846958134623,480
471,0.7123779954570383,1.107152927021046,0.8431368557918066,0.049973269510175736,-0.02484291792635357,2.5387856723841664,772.0567744388479,-4.999622902964339,1.832490079994353,6.234660722630816,-0.6629822522425961,2224.5728066512816,3921.2354425337085,-0.3462323810830497,-0.36193846958134623,479
472,0.7133558145560682,1.1893959405429666,0.2213435932626084,0.024886162152005217,-0.0016358648739563976,0.7589182862135951,705.3495950087249,-0.15827182341197196,1.3102513419212216,5.8478124052162155,-0.884359607317824,2693.124778913425,2915.5030185743567,-0.3448607095332888,-1.8600397697631286,478
473,0.7134935940226738,1.8895698629698385,0.576691215878597,-0.003303439098968003,-0.0417875566689285,2.190670312696002,746.6888343347862,-2.540402735892183,0.6515162922101585,6.080986037377359,-0.8675824102654318,4172.876139185173,4535.851875176292,-0.3446675854850605,-0.36193846958134623,477
474,0.7137912850030449,1.7138743810878776,0.3458279892020102,-0.04643871069451245,-0.04954569221176044,1.6829673526234943,516.6087363994394,-3.1719525664193067,2.2289846029132114,5.765180692787326,-0.6619038020225834,4827.535481291021,4496.8795244300145,-0.3442504424338569,-0.7187449729767704,476
475,0.7146128321099257,1.3561249676698597,0.6199193287904295,-0.036236580298497176,-0.014573414552622304,2.404226945483698,792.7016973150495,-9.268285805647313,2.5021604619070095,6.035340212845526,-0.7416490175341116,3036.048444368429,2070.213344690866,-0.3431001416363733,-0.36193846958134623,475
476,0.7149131190237836,1.9716178703332097,0.18807552845793002,0.002213902294147179,0.014619313300206972,1.988361993536111,522.1926495792497,-7.314086188513699,1.5221297445268498,6.108269430635218,-0.6608158794940748,1652.9797820905835,1243.1158931734547,-0.34268002066124953,-0.7187449729767704,474
477,0.7149900055694175,1.6705342881621688,0.15899512052901513,-0.023640378748271032,-0.018466882236890237,2.032948910869842,509.2694413902405,-8.516080083194403,0.22859512162261708,5.986061111600384,-0.7598530687238644,1871.7358494847933,4912.691987021778,-0.3425724797455471,-0.36193846958134623,473
478,0.7156700469325007,1.7776043148240503,0.1427396370035599,0.00039928170304004163,-0.02103646669030437,2.506550784313339,728.2182757569504,-5.2958436482903135,1.4896935295634155,6.215607990491807,-0.7865949970176445,4416.347841685816,4588.546531139235,-0.34162181167720507,-0.36193846958134623,472
479,0.7191579686852166,1.3604799502186429,0.2224951085239874,0.03747576988856518,0.028330222088693482,0.3295755873801808,765.6850318381291,-1.3529670898891393,1.3748143641956676,6.193429057657273,-0.6946385968432132,4110.393602285014,4875.472566363905,-0.3367600044290049,-1.8600397697631286,471
480,0.7200598399530953,1.3511064850830918,0.24195552747212434,-0.04521392599879009,0.011525016473522352,1.2977593135703538,572.0955414820972,-8.657572616470045,0.6321210929622905,6.011448285910656,-0.7886745218843753,3363.9973755211604,1381.6866330183752,-0.3355067245147445,,470
481,0.7200760758159137,1.7390619884671827,0.5402785861767342,-0.033922387361071206,0.0079730337452254,1.7830732888757421,572.4939265823589,-5.56379563721322,0.5468178075089567,6.001421506209994,-0.7345594802845974,970.8625002322846,3695.252521433563,-0.33548417683351217,,469
482,0.720124529319499,1.4995374589400898,0.4236339594036715,-0.04690604195152155,-0.018656635216676834,1.5714722189568404,558.0418709176625,-0.006089155826988448,2.3320077310629785,6.119252014589181,-0.4597054047823205,28.61674864123616,2971.8817932029347,-0.3354168896744418,-0.36193846958134623,468
483,0.7206169676948322,1.8363099646615435,0.1721359641729109,0.04364899786430221,-0.03866713776791269,1.6938842610897455,406.21306803758165,-4.500671055138897,2.0224619579457035,6.20282569831293,-0.7823618759071119,470.9470474984192,2204.2874015494804,-0.3347332994598884,-1.8600397697631286,467
484,0.7214215864237716,1.7497501733894572,0.49913877457931144,0.017682331104081836,-0.04511130166252136,1.5591305636690296,437.7181271920755,-4.983891284699579,1.0055424525050813,5.702968973539824,-0.4757817619237997,4013.806173574658,2186.122696013818,-0.3336173531349914,,466
485,0.7221705632406041,1.5195518406914414,0.39707704813731837,-0.0115471546273309,0.001628203771051685,1.7705612919596394,370.88076807443724,-1.2712836809629686,0.9735157943702206,6.168087107808792,-0.6809237717373969,16.850833151178144,2407.1713771627974,-0.33257969594875514,-0.7187449729767704,465
486,0.7223738748139287,1.9265258738384359,0.4284228214895115,0.043353769078631685,0.025014109187391664,1.89584222151259,314.7401447417127,-1.0713177256641675,3.0388667739702084,6.15988400339579,-0.6103213651067446,4662.974571192494,3965.6065890726886,-0.33229820710101965,,464
487,0.7230357098325726,1.3474669523184366,0.6304793821831014,0.0399251717691889,0.037459652779596384,2.316405644924183,768.7322030954762,-6.829684002332542,1.0741540851516795,5.770548810042424,-0.5669945761802827,3924.6313225350573,3310.8310985160538,-0.33138243198519585,,463
488,0.7230789683056454,1.002570221238821,0.44706325984242334,-0.025233131274291543,-0.041179691734703254,0.4258955191282112,697.5710720802325,-9.350730038451028,0.9735713410060388,6.103768742196979,-0.6402201222339776,2947.5864129229417,4764.033997917396,-0.33132260481692133,-0.36193846958134623,462
489,0.7236451726513862,1.1179916857416847,0.3068315551458445,-0.024144324174285716,-3.2091802109723844e-05,2.8247091317827304,712.9843116613714,-8.952138673493806,0.6137275172930636,5.718486075562078,-0.632976114018399,4713.433710360341,3005.585487245598,-0.33053986488936676,,461
490,0.7260598539651502,1.1827041293727387,0.18218587216336707,-0.030907877398619468,-0.041792932466888116,0.8854757949829092,555.7874897768784,-9.943605113664288,2.371909185105979,5.998361771073664,-0.5692536238117655,4115.045434895752,4608.480072988083,-0.32720858921260093,,460
491,0.7262682408511837,1.476311408042173,0.4035958143835487,0.03960782575114155,-0.016892877399825614,1.2357874530430357,495.11036785519184,-5.93582669407748,2.5715290958750963,6.2537784556665805,-0.5558199843680739,4469.915864860713,1483.1599664388705,-0.326921619776126,-0.36193846958134623,459
492,0.7271067777101051,1.1550935681288446,0.2254009570356881,-0.01649227214002396,-0.0016749340831893542,1.929010311044542,275.6399217105099,-0.11328562900982139,0.2531067676894114,5.8967257379805895,-0.7304462729977441,3831.2836035716555,770.0552814904781,-0.325767702939462,-0.7187449729767704,458
493,0.7280549092695507,1.8092866549507005,0.8203022860832564,0.043117057997369194,-0.041605786098826605,0.8294069515062599,478.7676474204577,-4.751627084969611,2.5446496152601146,6.169089762484474,-0.6417023848892888,3506.828702388121,4057.6570505789896,-0.32446457394412076,-0.36193846958134623,457
494,0.7280793570173854,1.6031563677140825,0.12984408427121819,-0.006372797015725781,-0.042522403270021394,2.309734975056555,742.7713786676497,-9.58170970902238,1.3593627680052356,6.069373239327225,-0.7287071568112391,2258.3666665863693,3089.101090680185,-0.3244309949694124,-0.36193846958134623,456
495,0.7287630748351636,1.5593038272964073,0.16355425706580165,-0.03119242260097254,0.0009165258375591898,1.1022617440612714,404.9120035170652,-1.6488345870191294,1.9594519119846143,5.653005912055001,-0.8157750491436396,1250.138428820262,2229.253435619212,-0.3234923651587329,-0.36193846958134623,455
496,0.7294190740671472,1.0894971190699998,0.6768989811673468,-0.00031284269572020434,-0.02773001969157254,2.4697927854948474,708.2876261372503,-0.6024184734640876,1.0551900561568472,6.0926288688994585,-0.5469465210037114,2822.3956380843783,2477.0972489747824,-0.3225926157320912,,454
497,0.7296709396944062,1.025879809129307,0.25916887580954545,0.0217574160080682,-0.04038823173806638,2.1408335576944872,250.86628751153597,-0.8247908605977834,1.5345210639840536,6.176461158911564,-0.6212737661638866,3374.2017498918763,3651.2747660955424,-0.3222473791430418,,453
498,0.7300193523805037,1.4315895520245978,0.2864017663531131,-0.04491837434418096,0.007731864321569399,1.8804635273724282,541.8824438548985,-7.380014299504803,0.3858533656046109,6.234061978548071,-0.7197253552951064,3780.130235283407,2228.6401966092603,-0.3217700002159826,-0.7187449729767704,452
499,0.7301827376607662,1.8039961041643038,0.7165046072058848,-0.019939275451346748,-0.041063226764775564,2.141475492440974,572.3458778377351,-5.402160939837808,2.0712546196054715,6.20917868741077,-0.7269037889898369,3620.443989084005,1932.2451299308043,-0.32154621573836795,-1.8600397697631286,451
500,0.7303101405251964,1.0540090400092395,0.812176833396109,0.038522524986094785,0.03282727759138323,1.8565667427358303,358.85725918058944,-9.557977984456576,1.433879601978595,5.691557416312562,-0.7810217074776115,952.0093614687461,2720.0392068715496,-0.3213717501635687,-0.36193846958134623,450
501,0.7310926981895313,1.9165713564461002,0.4915883008261204,0.018063360271642945,0.0067907294542120175,1.1855287049226584,658.1735904891109,-4.063562416819691,2.566322477375347,6.029659964320076,-0.6823059011642982,4236.580358971675,3258.316853720784,-0.3203007822984586,,449
502,0.7315369301660991,1.205970106488525,0.18414972122809367,0.0365693322211467,-0.018921742173858547,0.33795076868345786,693.8042544580202,-4.432414855679097,0.05683030510469278,5.983631441774596,-0.5712800280164742,2836.2576243985377,3254.7408176682657,-0.3196933394002752,-1.8600397697631286,448
503,0.732353556215498,1.8927076785220316,0.49932778994512017,-0.02686333690550278,-0.0028022461836546345,1.6469096809418828,633.8592570362586,-1.3911392065927295,1.0788343356364027,5.979539902281474,-0.6560739663388228,1899.3135511177738,1708.4282748652158,-0.3185776464687166,,447
504,0.7337396519669653,1.6536824792122535,0.15050593228558456,-0.03913025674618989,-0.02130571852405467,2.548140392866928,791.4257661910765,-6.403421953321183,0.9857102352653164,6.2225684908711605,-0.7588797833108735,1413.0960917468426,3618.434214234066,-0.3166867760155416,-1.8600397697631286,446
505,0.7339273652207192,1.6121777916493383,0.64380321413275,0.01658161316920259,-0.014453899765903923,1.8122428345706438,502.28052959485706,-7.679044576508847,2.8823328036087594,5.681075144807225,-0.6830202769208473,4786.206314526118,4910.151860343798,-0.31643097786436714,,445
506,0.734228042507038,1.1431239642332853,0.9944845609011514,-0.04080149097765731,0.0268236749611533,2.6896219721868277,664.8183592061604,-3.5464332501609253,1.6754635727077531,5.655701333277345,-0.5901874388286347,3757.526514363363,3528.01089680672,-0.3160213791407368,,444
507,0.7355813877085001,1.6011603358151838,0.8538744057336677,0.013093113595798275,0.030893387110294504,0.6246269097824133,632.0453429662832,-4.449170155234232,1.8470793439352775,6.053541406186236,-0.5600642964124073,3619.509100247256,589.8846663465573,-0.3141798538979157,,443
508,0.7360142007551295,1.7221113306704483,0.7948612397242478,-0.04423378535439226,0.006515087098499905,0.9910876636615754,664.260841990973,-5.843743170199902,3.0095725066573134,6.044183793452412,-0.7986500484120136,4937.73765662922,922.1418247772906,-0.31359163107027543,,442
509,0.7366791770329104,1.2284208475107692,0.2771597699679321,-0.030992254710355407,-0.007086310127214282,0.5767617967907083,602.0829748714139,-2.595481731934023,2.0937479462996422,5.821461261532133,-0.692827444154095,2995.874618875657,3524.856258437656,-0.31268855602017354,-1.8600397697631286,441
510,0.7395356912360112,1.2380987107165031,0.2607669445068089,-0.041981834331416425,0.03247451952593319,1.2384184711464024,323.5724251826743,-0.8073258553507046,1.4771402561241462,5.858226819414575,-0.7463690568098824,2133.438143008026,4315.6776697417245,-0.30881849912030684,,440
511,0.7395608517148299,1.7013790549741699,0.5993940339351456,-0.016376102267215933,-0.03615018818928877,0.9986539428523876,764.7964756690337,-8.100614088227635,1.0329209656876186,5.978854653534785,-0.5614324079986452,3541.009578497355,2575.562218583136,-0.30878447770508455,,439
512,0.741210508403989,1.9375754874089328,0.9365176091491914,-0.013945964116175914,-0.03872478134924852,1.7928929818144752,584.7615607698566,-3.163132524508432,0.1639832849512649,6.264081182065186,-0.5418599743278472,4025.0157842339504,4806.962508202812,-0.30655637225127663,-0.36193846958134623,438
513,0.7419049798314812,1.9180075716600276,0.5034738825375097,-0.0006692556005980302,0.0034582764717563594,2.1897035420878668,783.1796868483266,-9.37122178215506,1.2166288257748146,5.4654182160402405,-0.5961330288938429,4082.843468994565,1833.5930860026351,-0.3056198686765651,,437
514,0.7425905034133842,1.051410461351708,0.2762657106983063,0.04996607516806455,0.047830464103824896,1.7056090764301624,418.89009464811,-9.425337874135604,1.87646614627704,6.281381674892126,-0.7069153911113019,4337.042381924173,4044.524491579127,-0.3046962907494332,,436
515,0.7427987208813726,1.460883703476895,0.8504468988665859,-0.046672601032315075,-0.02760112079119588,2.426184294517321,675.5417106420861,-6.972943928522655,1.9907636306729704,5.788299571256911,-0.6552546384725202,1110.7884521185563,4769.779798210649,-0.30441593666317956,,435
516,0.7432153717489964,1.262256551694337,0.3628485576684096,-0.03871310653795574,-0.04269278876451524,1.6427879699618864,322.96809911301483,-8.612047939331777,1.500615290274508,5.688182163402553,-0.8226900451611638,2206.6557564067107,2716.1380933696223,-0.30385517363864556,-0.36193846958134623,434
517,0.7434737191444668,1.9990803517833748,0.7577293110513534,-0.023641528501397023,0.03726393487626111,1.1860806808373876,718.3524749371218,-2.595516240476583,0.2848069368436599,6.194379676295526,-0.7225588498028266,354.766326818612,4868.151411454263,-0.30350762632739176,-0.36193846958134623,433
518,0.744096136808656,1.6633701818119073,0.2075620852019409,-0.03138133019266228,0.03957607670732289,1.7899973729802539,250.62660427108887,-4.273543377531749,0.055262467013460964,6.104280251440242,-0.751493923639535,3793.5978212208956,914.7703194742985,-0.3026708014911721,-0.7187449729767704,432
519,0.7449544634490564,1.3385075852847819,0.7863023993500092,0.0435982159053621,-0.04516650834283895,0.6488426394442083,688.8947069829811,-1.8892968338068723,0.8537128018319112,6.073732587554214,-0.5569558203541407,4347.010479784591,1504.26926497784,-0.3015179504929556,,431
520,0.7449963935687739,1.8106285431044677,0.13354324882314936,0.043029164528455524,0.00504095737897429,2.2313130779125814,732.6187677253474,-4.0373988467818664,1.0867001786968031,5.698247115657942,-0.7827082662133713,3894.8542759094908,1368.3560853717095,-0.3014616665967055,-0.7187449729767704,430
521,0.7450021100338986,1.2926205915555602,0.367308595651955,0.029271094165418093,-0.034171232830323375,0.9914661448349145,642.5793336026096,-9.40653327772911,1.2343131365819076,5.7384861266767615,-0.8356881318936327,751.8793864947859,294.3433048403277,-0.30145399348148894,,429
522,0.7455977492664291,1.2093366569767474,0.850260709395561,-0.008710216496860814,0.047865558304758304,1.1860172632959296,514.1159789849825,-2.8585245127167593,2.5948894530400453,6.206878659098788,-0.4907131662331158,2355.678842022561,2315.2183801605825,-0.3006547994382011,-0.36193846958134623,428
523,0.7457873994406582,1.614429198164022,0.18425177222397435,-0.01454002906000677,0.001947468820871042,1.952867204556821,634.1156139553318,-6.310462765651744,2.5611865557260436,6.0725694980935465,-0.8302211102422549,3634.945489767023,1016.4918302300118,-0.3004004718751309,-1.8600397697631286,427
524,0.747073764263256,1.3824334940704173,0.7775542272566505,-0.00922623600820191,-0.03448593062812342,1.9194692311134305,637.440728572174,-0.9735521039702045,0.5883288926042285,6.190332842231254,-0.7888127839023034,2827.0760881958636,4034.6384983672197,-0.2986771165193425,-0.36193846958134623,426
525,0.7486590308028488,1.7405458405152399,0.5060604449835455,0.013735363534987416,0.00024108092599124664,2.489597860063354,633.7941501563247,-0.9426463865856434,2.2877651246666817,6.022278964425452,-0.5211381315986525,507.111151440377,98.38356622930533,-0.2965573968228732,,425
526,0.7487991030184403,1.9164043274599492,0.9568140928060418,-0.049223352723978264,0.020131731356914817,1.2802114120458181,456.2291208027728,-3.912179389976531,1.8955910542108156,5.807900066830375,-0.6192643363015351,2970.0673492389583,3671.9804348438365,-0.2963703168466453,,424
527,0.7495458166060418,1.4747043960251485,0.12932285238047642,-0.04726906258553286,-0.04844481272284416,2.1952300528345563,378.07778571127176,-9.593967338467856,1.8312455384932347,6.209322068665692,-0.902692976400135,2337.4556427894554,4765.917539371383,-0.2953735988818815,-0.7187449729767704,423
528,0.7504171466622854,1.6894990491844024,0.857754260296336,-0.003910450465265877,0.011534631091927518,2.0509684382642526,567.2687491238529,-1.185983316818815,2.3382892115662437,5.5206965674285,-0.5917963879249859,4074.6599124917816,4494.109562097394,-0.29421179665662983,,422
529,0.7526808384318199,1.3824468860259853,0.39950494727318575,-0.02704336639099136,-0.020467204983345325,1.86541355788843,269.01101141537663,-5.7331666498497915,1.4860890525123285,5.959483846992687,-0.6678441231891599,2250.1394130776694,2618.772612850719,-0.2911997595128153,-0.7187449729767704,421
530,0.7527928373189074,1.354902508214346,0.9408317787860749,-0.011821830001458603,-0.006246301337456739,1.6044238392549246,397.8933858032342,-6.040337199653472,0.627056600862513,5.858967744171695,-0.7647681282897205,4741.836827598922,1673.3813458470215,-0.2910509706112413,,420
531,0.7547700630806331,1.4779781321291139,0.2305204320532624,0.044623859900717676,-0.03777458505845636,1.1366333625827725,732.5857037300334,-8.879510090619826,2.3969138267916352,5.992537034865044,-0.6810911816079619,274.20545479850045,1534.2393999060196,-0.2884278934648266,-0.7187449729767704,419
532,0.7559969428110621,1.1183250233293638,0.7177891834263752,0.025443505477387045,0.04163735550578316,2.139908475076791,522.7502804240828,-2.4784897460842594,2.2539652838228514,6.2094666377494905,-0.7891987725229225,1069.0500222736364,527.3987747238903,-0.2868037118466824,-1.8600397697631286,418
533,0.7566164647230341,1.8107872505065048,0.14026802009980352,0.04935091701509152,-0.04076399623661971,0.9022493289352657,573.1363079736396,-7.177921012034325,0.37339287929454135,6.206256799606389,-0.9098854095696172,2648.5741885584357,3587.797767069375,-0.2859845706919918,,417
534,0.756816026111008,1.8956524359395261,0.18544923760687892,0.024266548518466647,-0.014078367903285038,2.3506482578540413,579.5009769758235,-6.007850992074258,0.10626439098098932,5.999596477555787,-0.5256515205800083,4615.419852687456,2905.7621262197754,-0.28572085045293383,-0.7187449729767704,416
535,0.758113270910323,1.9630016251969158,0.13811784038910743,-0.04868285253407165,-0.03848142536064865,2.3706419122038103,774.0059176958284,-8.340984785829573,3.0329467829436263,5.783604746645348,-0.7067296875613112,4374.716214484227,4629.845250934735,-0.28400823572043576,-0.7187449729767704,415
536,0.7584331101738282,1.8032348166154093,0.16175768515455485,-0.011039449430873184,0.005737219729087674,2.0566430165914666,682.1120940742926,-8.869464797931009,1.676056260285362,6.220776493638784,-0.5625789749731137,797.3046178965826,3244.575642875894,-0.2835864361998564,,414
537,0.7592149019240664,1.4854663799205574,0.5760774322660953,0.02692184789335138,0.04526997893964402,1.4336363395239178,472.79244789162703,-3.103135662188668,1.4073470828024472,5.467852210619818,-0.556655657848331,2971.239991839965,2151.59347980507,-0.28255616855787247,-0.36193846958134623,413
538,0.7604304681512595,1.5462674818125606,0.6239196413489576,-0.04869700608595017,-0.025579352202771653,1.267799667642086,599.6127440743761,-7.0779773759362365,0.45898771163252355,5.8758540673242825,-0.6707125850929412,1128.727130400969,1758.7690258607736,-0.28095636572176264,-0.7187449729767704,412
539,0.7611223559985876,1.616731310150734,0.294530025214772,-0.04975576597267643,0.02829327705363528,2.230347728489882,596.0096285267373,-7.690523771203879,2.798565046201701,5.740439402344371,-0.7179695257152884,4271.612507759903,877.0635459856271,-0.2800469160017026,-0.36193846958134623,411
540,0.7621421287762026,1.11838226530981,0.30812954535312165,0.04102007242294618,-0.026208423869684642,2.3798767436825625,724.9149840782513,-6.211129217395037,1.2575387944632652,5.860699794967847,-0.41717821827660534,1430.3782937314575,4084.43208138376,-0.2787079851198281,-0.7187449729767704,410
541,0.7634022058160846,1.7779203964158188,0.34272590357555843,-0.0038822705944365297,-0.03188035907504528,1.3311662376693885,507.64439286877297,-9.10978854764789,0.3754048147761938,5.983095422686477,-0.5860293337769924,1469.1852349868545,1210.8236614472976,-0.27705601434729044,-1.8600397697631286,409
542,0.7634836492353456,1.1764547165303425,0.26962435455377165,-0.017294709629867164,-0.00839234037466525,0.6377499442326215,778.7150526517103,-4.896292892326613,0.47354337228827964,6.119792470983867,-0.7461516718413377,3744.7271545415883,623.0388487817968,-0.27694933522774007,-0.36193846958134623,408
543,0.7639169117592246,1.6320015150982832,0.44675069585493843,-0.03990410968121952,0.03830889367044413,1.7996574708411164,482.65660873706065,-5.62785062047693,0.8339555881600079,6.058488503815781,-0.6406938944896488,1464.292909748257,2725.3870145072856,-0.2763820151067842,-1.8600397697631286,407
544,0.7644579342130098,1.944350174863226,0.2391699981596043,-0.03606414380819838,0.015120346998175174,2.368908125528425,635.4442674892813,-8.907612409455021,2.828709207519387,6.0819672484291925,-0.7633664140749947,3463.9502175577386,2056.574533371629,-0.27567404418224295,,406
545,0.7646843825271369,1.370974658792903,0.4093609475463095,0.04303857187616052,-0.033190131585479433,1.928344544159869,717.396518927872,-2.737594621113237,2.27990300844586,6.149078759316918,-0.6703666712394039,2444.5160374766306,1092.2077403633812,-0.2753778672819075,,405
546,0.7648134432163696,1.2247946445158013,0.41485354992143975,0.022366854737099238,-0.017140644115976152,1.4628359108110078,505.8922498641644,-2.8503112311070464,0.8235490669799822,5.910337582866808,-0.7300909501141882,3804.3969967501557,1771.0052284456547,-0.27520910510729907,-0.7187449729767704,404
547,0.76700125217821,1.0563187766970155,0.619726118553192,-0.034099873313344214,0.03849163813108951,0.8183985286977681,772.6815261488339,-4.491882583034615,1.921747679807122,6.012543619929932,-0.8042659424247032,221.80504173245686,525.5442973733149,-0.2723526101852467,,403
548,0.7681010271233919,1.6363610407461078,0.12762206516832178,0.0332270004879746,0.0022210172347354356,1.3744116414189627,425.71399897492114,-4.294570050899143,0.7780880854385359,5.737407376727013,-0.5779361171470724,576.4853708797453,4746.018891236902,-0.27091977388744204,-0.7187449729767704,402
549,0.768768666215502,1.7573677501781457,0.18781504324483683,0.04691899740938658,-0.007257377516804476,0.857180174205841,519.8269003522172,-7.2172908569568115,0.8361933670830559,5.529354605943874,-0.6016795255089324,4340.61561807715,2054.584656757816,-0.27005094403544494,-0.36193846958134623,401
550,0.7698841441345249,1.684327636506905,0.41234877202327397,-0.035646675574584875,-0.04275087012262844,1.989271272096974,678.459541595489,-3.9208657577575874,0.09773297480040749,6.149361300908458,-0.7164167647481656,1257.2289702325368,2944.40107312387,-0.26860100275308174,,400
551,0.7703637362286132,1.1156144909757089,0.28748516367177435,-0.023568400896207736,0.007632475405359813,0.8725373587406552,637.124597959803,-3.1235437714910845,1.159472292035252,5.93435626476388,-0.7531339110435535,3237.574542649902,4924.047338578164,-0.2679782560956273,-0.36193846958134623,399
552,0.7710266238764474,1.793581466063553,0.9624551265971287,-0.027813881530669285,0.023402663493747505,1.9888193581980302,282.80447446007446,-3.8763143969428704,3.1294628780520717,5.9946210295626825,-0.57219528295769,3803.4172387021736,4554.0646555177,-0.2671181395334936,,398
553,0.7715245614261241,1.1892468922146986,0.8811776740803919,-0.016072532459269963,0.016610962080826047,1.832332761977074,245.15715711098963,-0.8143912210621096,0.2464013689749664,5.715906262018662,-0.6780221002097017,3125.0512276717036,1264.7004726978962,-0.2664725368828827,,397
554,0.7732979046976469,1.5746517120627728,0.45463658622006964,0.023603902898762977,0.017104200645589596,0.9994512753542032,726.9560158580153,-0.44228674852664085,1.3704644546663127,5.8358923703518535,-0.7622469447511204,4767.530146090971,1944.5583758556818,-0.2641766820654656,,396
555,0.7739574694335662,1.3708913640638667,0.7269582197777383,-0.04742118852287674,-0.04236518826957364,0.7043177329185,785.4258073782378,-6.85983916980393,3.0250287245026075,6.232613992366687,-0.7839578944479554,4854.513184821606,970.0563727659088,-0.26332412108955916,-0.36193846958134623,395
556,0.7741556869503115,1.9965334889928905,0.6729470641464776,-0.017839471197190634,-0.04007871402549303,1.7647435078909426,665.4204015369387,-8.390744092033426,0.4799036157072062,6.009650062218533,-0.7303141011975418,4248.909041235159,2218.7776101488435,-0.26306804482405854,-1.8600397697631286,394
557,0.7743160013221632,1.2079661952006824,0.14387665199312402,0.04737174951761353,0.04315747882017917,2.019989675612226,470.05405614056133,-5.419819593499618,1.6660489619803418,6.2218746927278845,-0.7861317645562763,4974.221396213512,293.0094909642656,-0.26286098340519015,-0.7187449729767704,393
558,0.7749400431352579,1.0059508067859682,0.34753420232569665,0.04738235854287136,0.005851265627511745,0.5746416508980691,354.9071614759232,-4.608036155815391,1.6144034843366417,6.045405054393238,-0.6386501251084782,2772.417226056536,2825.6250890637857,-0.2620553814531359,,392
559,0.7758219579095449,1.7267555392404883,0.9482115829987068,-0.01746446743735732,0.034419274440343636,1.4899144786585063,421.66791870286755,-0.40462976266705475,1.3511337843908182,5.88813648684275,-0.616549039665607,37.72012623275201,1316.2724378675862,-0.2609179859420697,,391
560,0.7760446770417498,1.03362666297999,0.18150957718050795,0.03152799206263826,0.019162456007550704,1.0509719588234925,542.7737879916463,-9.194755598856828,1.11019850625223,5.987184794652853,-0.623026025111346,2670.7531347259373,3510.4912764948394,-0.2606309520839871,-0.7187449729767704,390
561,0.7764795037842248,1.726161734039488,0.6011133589901339,-0.009484497437935849,-0.028162312115491563,1.6877151757052604,497.1225212901811,-9.374436712306327,0.7121600517731651,5.892750413158759,-0.769215507224612,1172.0375226882563,900.3320739906751,-0.26007079751864826,,389
562,0.7765617823988958,1.6889304623319668,0.24441277619761645,0.04898655829657914,-0.044654303844809576,1.4428023381040436,645.9489868045412,-0.5831932869663394,1.1000219647606335,5.815822196037107,-0.6837013100538589,3992.58375324643,1444.543047656148,-0.2599648394665732,-0.36193846958134623,388
563,0.7767644186622418,1.9913784455369468,0.1468445129794696,0.012608987827263357,-0.03897848708145751,1.0584130611340226,596.956381480029,-8.894054152846925,1.753531079993965,6.126023440899027,-0.646990927922467,3838.4553835549223,450.73700627259456,-0.25970393320698226,-0.7187449729767704,387
564,0.7769271586487339,1.613788753049142,0.9698676601721322,-0.019052603250374417,0.024801063949713195,1.7614741843849584,295.4291623462947,-7.196169054077735,2.7122552344535853,6.059702971514741,-0.7643162198996283,3587.035387661065,687.5204891362425,-0.2594944450569907,-0.7187449729767704,386
565,0.7769863288439764,1.0958861015389327,0.8828691838910898,-0.00324585390253318,0.030946695952742007,1.3694370914342286,460.6872936144614,-4.829506611835274,0.704157936004069,5.93138409899371,-0.7058631876707702,4549.61657861791,4904.193519274497,-0.25941828869982947,,385
566,0.779650272326706,1.977040847209562,0.9737051835972604,-0.040326867596659946,-0.04878227647265746,2.0552688730515682,590.7469053157105,-8.336137888897943,2.278789776941985,6.08493386177989,-0.5907498315519373,11.976847507629941,845.489311737562,-0.25599559379291603,-1.8600397697631286,384
567,0.7802354966279075,1.1901815209506934,0.5395616093017785,0.012026927374813104,-0.007204119465988021,1.5961022258016333,418.0135519354687,-5.068703792784978,2.2507166605216,5.734414776744326,-0.6337748968982718,2177.7930088043363,4423.251377833388,-0.25524525124822384,,383
568,0.7812617500474293,1.6072043393574353,0.1831985716399496,0.02763278980876016,-0.04001573081377474,0.9415020762963969,726.3702704403025,-9.462146764131802,2.5376865167614575,5.446041505153907,-0.5817612818929164,278.54865255657836,1641.9602675319622,-0.25393080311907,,382
569,0.7818094810880779,1.9460385988490754,0.43212755265759123,0.04410385676698285,0.048792962290623784,1.516906785549729,167.59353506432254,-8.463081548417147,2.916538558447729,6.1845857197588385,-0.653295692925773,2770.3279596143107,4558.5519189856095,-0.2532299635767837,,381
570,0.782889636144176,1.6263722374317289,0.1874965897786749,-0.03730236380728522,-0.021247562996894544,1.887070766364173,645.0226660978478,-5.785632432845523,2.6567815306204765,5.90211889307341,-0.6057971551356343,430.0940378747864,332.38782266374335,-0.25184930806829176,,380
571,0.7844550405239799,1.8503691569363454,0.3199611194677471,-0.04220972755053839,0.0346037697413287,2.019241622395553,730.5965012789025,-6.728858859274199,0.34025770537679895,5.8578365207204515,-0.8007212691836351,4538.481952282302,3373.7838379327927,-0.249851783307355,-0.36193846958134623,379
572,0.785144611551455,1.721021780302586,0.4869887946242174,0.04140925068192568,0.024889979246937005,1.9380256209854385,632.4085614724157,-2.8436631383976114,2.7609515748533786,5.914049305204767,-0.631796519795685,329.19138615758186,3795.5725920961636,-0.248973124764179,-0.36193846958134623,378
573,0.7862126860090287,1.3945806238339142,0.8287801808040602,-0.024138697878189935,0.02629236389091911,1.7961174426331177,423.43567890009825,-6.620640370343983,1.8235558532197256,6.045399409546613,-0.6787437936834113,4734.209381392847,1806.4471863268104,-0.24761369540493755,-0.36193846958134623,377
574,0.7866048267423829,1.7811392129576464,0.2286118677687658,-0.022998636453870642,-0.001850948241159789,0.19588406168958505,791.4298360025762,-2.4483760872212694,1.6505907555135153,6.069365427328615,-0.6329835014865506,524.0230385033706,2933.3814834714267,-0.24711504792891303,-0.36193846958134623,376
575,0.7872255303882967,1.1758787835455218,0.6825745603809477,0.022835090494127616,-0.00450198720076065,1.858006462784582,556.8143011530741,-8.847495189165254,0.7993311452437203,6.059763066575665,-0.5051359176578951,1518.097309080918,2100.277865939457,-0.24632626700942922,,375
576,0.7878631718808538,1.7565944398755635,0.8921379150138908,0.026018530606454583,-0.002413464692888399,1.967074631468219,686.5547500830802,-5.343071621450334,3.0629419792456023,5.679195940724092,-0.6439788578958866,2623.9748780303444,736.5520672407355,-0.24551660908163683,-1.8600397697631286,374
577,0.7897705245793002,1.7786016399917928,0.5480416401315714,0.009335628591998584,-0.03500395406038947,1.0217100650522708,787.0397331098908,-8.8108921296086,2.7153264803013775,5.979994335163192,-0.6862433796769846,3227.026676435198,1622.6925068164483,-0.24309861606841715,-0.7187449729767704,373
578,0.7899162319829801,1.905910720450055,0.1854124957052222,0.03133456064223067,0.03359241020172232,2.378196345554192,761.3787509201537,-0.44796066457768374,0.5350835343696826,5.814849867075281,-0.6862082642963344,1000.834648572747,4587.742341303734,-0.24291413974300136,-0.7187449729767704,372
579,0.7920576281638426,1.325153200037115,0.9661413904107361,-0.012774847908903653,0.011621189606660674,0.9752302027950905,767.4197824125383,-2.8943232133071524,1.3427122835514744,5.81239877203512,-0.556529878559359,3274.326553520856,1176.1828180620034,-0.24020689211683302,-0.36193846958134623,371
580,0.7956543062949686,1.6424047536392725,0.2169454675714703,-0.03736600370189254,0.04534451266339452,1.2188611858132443,499.5357577556756,-5.928527369345775,3.0585664655303804,5.920062875422528,-0.6015949171236948,3780.028353665641,2354.122092637823,-0.23567624117767544,,370
581,0.796139001746306,1.2879784996853776,0.2570021716635084,-0.033665931346099943,-0.0010447626790652358,2.5296228269815466,729.0544975945652,-0.8729281594048802,1.6903208887668395,5.506461792362784,-0.6528904353122938,1889.4860883162405,1094.874264755396,-0.23506724820873032,-0.7187449729767704,369
582,0.7962714652555375,1.7148610924681067,0.48442436193112537,-0.03947891783689718,-0.04313317515028102,1.1835209363294037,640.8393818502999,-5.688005412707367,1.0461043042397404,6.2135660782428515,-0.6400312436746856,1788.1621990101003,3490.1535093240964,-0.23490087965953743,-0.36193846958134623,368
583,0.7966352495619408,1.4055268354836126,0.6115586101201363,-0.03139581541354737,0.0012722890678628293,2.2640724710551012,674.7348345831053,-8.84733360168918,0.29493867530295736,5.809902783605735,-0.8951823944387745,1163.959947564025,3862.3530877961452,-0.23444412433378153,,367
584,0.797681474533764,1.2972841468697933,0.2534584339281261,0.038765323959134936,-0.024635181646314855,1.6149090940665864,505.59162324969486,-8.45196770477859,2.136199738613333,5.8589969562040745,-0.5746041103289586,519.7512777971139,3376.189178533607,-0.23313168107057802,-0.36193846958134623,366
585,0.7980896230267984,1.4250638537095273,0.17779215851584607,0.033231484199270286,0.005368569520060554,2.358988007088498,758.7115926608438,-6.987169544986555,1.0346311962873818,5.687779022143188,-0.709683168969992,933.4599361539431,783.6986587021244,-0.2326201434163957,,365
586,0.7990443209033615,1.1004541949771678,0.691758575840781,-0.010601514376968789,0.02531039426516861,2.2075348556867334,718.4330563551894,-6.307765795212079,0.8095485049897344,6.001659830470659,-0.7002508090033354,1496.900149357936,3670.7452180953183,-0.2314246294221926,,364
587,0.7991984907392263,1.4862866044561638,0.5282777339835336,-0.002309157749795074,0.014805309537198089,1.1150536903459334,609.3358628181207,-7.386761267909613,0.5700001359255366,5.956606180174752,-0.6774294558207712,4969.163179032441,3514.472861984534,-0.23123170524915404,-0.7187449729767704,363
588,0.8011851559258568,1.6580145429095634,0.3579249526149997,0.008813011306016819,0.013326841835381846,0.9822826852479369,799.3357263386109,-5.118493852955474,0.8796203486157373,5.920569262072298,-0.6779572907597944,2283.2567173319503,1237.3169188896927,-0.22874896779901333,-0.36193846958134623,362
589,0.8013031343048428,1.7967231302517934,0.9312397496103557,0.012167611783385587,0.013226422722468212,1.5329376536680541,547.1838755131525,-6.089141139768057,2.2181439204737248,5.963377957334971,-0.688405378197136,915.8814443450591,2268.564428917532,-0.22860172381612465,,361
590,0.8019377605942135,1.3488259939362803,0.22510960398134908,-0.04727364265379608,-0.01585872793992809,1.5623439586593493,603.1111177647359,-4.510380530176869,2.2925322329205384,5.817813293040923,-0.7538945694190712,898.3459876879285,4063.126628806788,-0.22781004450632808,,360
591,0.8020012551435413,1.7779326361875416,0.9803099901919201,-0.014919994639914351,-0.012879613280668289,1.4051604491707554,408.58941891592247,-5.182756744951072,1.9870162066603172,5.892347429416505,-0.7101247255147493,4960.5632346711345,1648.2855549003566,-0.22773087123510988,-1.8600397697631286,359
592,0.8023271239761888,1.0046914350249598,0.9350273664757788,-0.023597490944250336,0.03921631100593618,0.5867812686138913,761.5233890722355,-4.642794924550229,1.3353663415359527,6.009640463428162,-0.6001904755030582,2864.6190971190244,1632.1338275046303,-0.22732463415624277,-0.36193846958134623,358
593,0.8028046625683971,1.5046515640999267,0.49613833710507993,0.002503498813874427,0.025292536493976687,1.4578687739391585,545.90711667609,-7.396455141533849,0.8844678774201887,5.897735437163975,-0.6288361615916895,1309.3861103449397,646.85174267184,-0.22672961932905245,-0.36193846958134623,357
594,0.8047214355477349,1.1934191461556791,0.5826895649374668,-0.03706836524576373,0.03695065956188992,1.2692400968689384,683.5833931683242,-0.25552541636518156,0.5612183356462785,6.097175337788064,-0.7249907873895377,4732.718237491993,662.3188132941465,-0.2243448693832098,-0.7187449729767704,356
595,0.8050537302669264,1.783143828775073,0.5733100207350723,-0.02489788861603901,0.021147675142297352,2.0495901355354325,600.3744312929095,-3.3153206715536125,2.5633059780492906,5.92133933131011,-0.6603876468126536,4859.727903112192,1567.5834491222915,-0.22393202325294082,-0.7187449729767704,355
596,0.8058708518800861,1.5013041583018063,0.7152565231158987,0.0251268238132501,-0.005321648431899298,1.5615313991595308,705.4303829813016,-4.899414200094991,2.087604809753147,6.112091034226466,-0.643747962386232,1928.068395658761,1042.8259427354874,-0.22291754784881745,-0.36193846958134623,354
597,0.8064481345427195,1.4350395535178593,0.1512618816850109,0.020147214497985733,-0.0307453245189607,1.5345204239705283,535.3939302899382,-2.7990080165075746,2.309156037214776,6.105754059133192,-0.5514069007324558,1191.7786325575853,1343.924375876534,-0.22220145792845608,-0.7187449729767704,353
598,0.8069475719987309,1.0517768808911314,0.6666324631368161,0.04167979842883217,-0.010791747976342636,0.4049546669631875,699.8475998148012,-5.161217270673046,0.6825740088603316,6.015147882557877,-0.6987490747145714,3766.265001676593,2640.8918729574616,-0.22158234450213776,,352
599,0.6873967409643594,1.3239214157669128,0.21798247895455544,0.0018669241229460284,-0.011435378346548234,1.692467540017643,362.66290739172535,-1.5532593764493636,0.5052857210243187,5.725407635647829,-0.6624898254610287,4987.934333873413,1036.1449902866125,-0.21976266600244637,-0.36193846958134623,351
600,0.5668088505320845,1.3276410491675232,0.689501909035426,-0.03870304460739549,-0.0027561882659021303,1.4859701334772988,121.67027607893122,-3.4114234733740694,1.5048160096119898,6.046787275784498,-0.6673959697368868,3437.4180957315034,606.861063834862,-0.21899904389178673,-0.36193846958134623,500
601,0.5669443941032819,1.1218533460650337,0.8424589444476576,-0.04640077265893099,0.041497624159612584,1.5120203467738547,503.0432856330937,-2.9763854123212186,2.3461312654224384,5.748915804672012,-0.5423926108752247,788.039620883921,1858.3548602446153,-0.218759937944353,-0.36193846958134623,499
602,0.5671049354478758,1.9183750434078095,0.8569759727977622,0.04445775461364661,-0.01166053952595069,1.9300280436986945,586.5033367513881,-1.4397754702959427,2.030804990864973,5.872975986878328,-0.45000075699228476,3589.806560419309,3824.807802807145,-0.21847680855753004,-0.7187449729767704,498
603,0.5672109740139564,1.7062006743116989,0.6340028518584808,-0.039854100571592145,-0.030507722937458993,0.982482876183277,793.9943340458123,-1.1297361355503042,0.6984135843671936,6.156110885639303,-0.8084444763495171,28.53507307988432,3734.259273805396,-0.2182898437702107,-0.7187449729767704,497
604,0.5675730145452772,1.4405887258894574,0.2791235025074875,-0.04600751282491623,-0.005848565603391397,1.2505196412156276,435.3052930741839,-0.7714342270289867,0.8755221306894102,6.2694052291704185,-0.527782362498466,2441.539194600183,644.1931107784902,-0.21765176542709386,-1.8600397697631286,496
605,0.5677292733533653,1.4815595511507809,0.14683030844303585,-0.03879232522084446,-0.009100342230651502,1.837756030796481,378.4421131005051,-7.0225044706209,2.9925581381282162,5.761403465806434,-0.622028279654985,4147.424606547067,3406.425517762779,-0.21737649282220411,,495
606,0.5679690210241573,1.7819643519336232,0.5072595557270418,0.019796621155422717,0.023273152804333286,1.8575457442918646,443.4114548404793,-4.516874934557482,2.929261057923774,6.228754793353748,-0.7187744212614691,4653.84568180338,3560.1536291247826,-0.21695428971497516,,494
607,0.5682519956556277,1.687792607646321,0.31226639325157035,-0.005982987939646675,0.04334644727297043,1.7144486033342752,322.6653318388848,-4.944937250679255,0.28338873885118016,5.835946419391612,-0.7306936523282711,4514.6297467291215,1662.192187482847,-0.2164561918393314,-0.21976266600244637,493
608,0.5683694654879142,1.8215452599570674,0.20485030334545645,0.03397500795673167,0.014961297941012879,1.0977080544913025,746.0157772391505,-8.345616025157454,1.2228599007864136,6.020632614280591,-0.5483693851425638,1842.4978441552862,3593.2483469312133,-0.21624949183109315,-0.21976266600244637,492
609,0.568807513081356,1.4708506784643194,0.2229569428681184,0.011656222480560365,-0.0344573223554757,1.6394149664426994,550.8698405187162,-3.1975029630674436,2.4431821092201322,6.063033742390962,-0.7732193039854051,1683.0574672807759,4138.8372453468355,-0.2154790794443024,-1.8600397697631286,491
610,0.5692918727021148,1.0430016437033973,0.34293324334754804,-0.03612769339484258,0.04280643382149023,0.48888540646878287,694.6091350024512,-8.750812857699238,1.3327690548492979,5.845919027071605,-0.7740963952749806,4225.169252493799,4592.731172764797,-0.21462790659237319,-0.36193846958134623,490
611,0.5693888703840142,1.5000093875847422,0.19816353103462694,-0.04904238031014677,-0.04901086763083536,2.172335721655591,392.18498972405814,-9.851227007879046,1.82648090357948,6.226976353954667,-0.907265569725793,2043.9526607448204,4663.488029953544,-0.21445753806243184,-0.36193846958134623,489
612,0.5699372721284032,1.1177781001335234,0.3284870409873385,0.0029966922063243695,-0.01827319784933388,0.773951614772385,732.422044273108,-9.996513080663206,0.13992967532692271,5.811743635711674,-0.7230816887666875,2869.650876026527,1860.662339530762,-0.21349486062307865,,488
613,0.5701393636712724,1.9852274512583075,0.3712677572531914,-0.004955203484047037,-0.049192301332853045,2.184637036390543,717.2422553700037,-4.740732344036231,1.853612179844152,6.031582312669414,-0.6438259273470535,1567.3730480678253,3494.140036110894,-0.213140337885513,-1.8600397697631286,487
614,0.5714636544170244,1.8443964884931248,0.17880513345095939,-0.02172119856793906,0.04703580058072069,1.1623972665421909,734.4568973936848,-0.4110324197110482,2.848471572641343,5.818359064424263,-0.7722135334892541,3652.049883603064,800.7241875920541,-0.21082028210639897,-0.21976266600244637,486
615,0.571995922706047,1.9714355214514347,0.649278811648027,0.04998064696546129,-0.03941258564822406,1.620136729386485,587.2931114413627,-8.547216268818216,2.6821536333604725,5.933970391190653,-0.6571411840081943,4872.211693831659,588.3922182859387,-0.20988930328016525,-0.7187449729767704,485
616,0.572272108734134,1.7573549474920367,0.5455240520513231,-0.0011801912773393283,-0.03703892883435248,1.985980019241734,641.9971107895757,-6.466073004207955,0.4433653874831789,5.784880360563813,-0.8200253591220229,2271.6312823613043,565.1153188625433,-0.20940657366461923,-0.21976266600244637,484
617,0.5726039816258524,1.5789171706717764,0.5531826780694816,-0.014200514120087673,0.00081471056060127,2.3622612162466785,624.1651088759312,-4.865919483743804,2.255925771401653,5.58540706891115,-0.751837369737067,4067.0325603902925,4442.773608599188,-0.20882682026811195,,483
618,0.5732265039916552,1.1586070226120277,0.20440289461164804,0.0336507311169571,-0.007547502008045569,0.9140608798262304,499.12718159979966,-3.2490908372582306,0.0006659358951056418,5.751174955641913,-0.547886550765098,1312.8238429732353,3664.125178008603,-0.20774023296768962,-0.7187449729767704,482
619,0.575025581454177,1.694620942423024,0.19137118504053952,-0.0253439285706539,0.045222391756156076,1.6937112262272147,616.5595698424407,-1.4335898543034171,2.3543162318139434,5.802282757830762,-0.7179843388533977,4833.565880173313,3773.9864562593334,-0.20460663720503036,-0.7187449729767704,481
620,0.5751742349977553,1.667643661292621,0.40514417148605714,0.00560136776685615,0.004859608710423626,2.3090406301796644,741.2662631864798,-8.627138088773279,2.7548073109757505,6.136782008663362,-0.7351211686297052,4576.811439839663,1858.9982497003866,-0.2043481542140535,-0.7187449729767704,480
621,0.5754130468631312,1.7021305241371167,0.7347327868887956,-0.042520102398045725,-0.004225062474150331,1.5239655481121877,283.1655648453998,-7.96834051945731,1.3696733157020577,5.991786330121431,-0.8805897473016221,345.1969120761931,154.61060300978426,-0.20393304121467964,-0.7187449729767704,479
622,0.5760104939587939,1.2924157460674688,0.7084287633529995,-0.03184261745279528,-0.028231963321779383,1.3968025603427285,464.48127065423506,-0.008139787872449677,2.160514092587938,5.844399879828433,-0.529335010632111,1093.570245284032,3684.6993978649853,-0.20289528728987927,-0.21976266600244637,478
623,0.5761458237679569,1.573878838515251,0.9692762888092576,-0.009038493984646956,0.042421072065989884,2.3910918611859415,703.1318289905254,-3.844671207656276,0.74475341130661,5.696512215045516,-0.7333682952009638,2809.4059652928727,687.5702484127977,-0.20266037157979033,,477
624,0.5764096787560774,1.4800155299338644,0.3888186052242516,0.02992660185983913,-0.04732563050332987,1.514505092739947,515.8923190183041,-1.4438761882784912,2.005092710925964,6.065138033220297,-0.6925568897787512,4864.19306804352,1467.769223190161,-0.20220251077889828,-0.21976266600244637,476
625,0.5766000464728925,1.7583129910944746,0.44230069204716105,-0.008223465234552044,0.045898499924281064,1.5059756808972757,631.280133580232,-2.6643400444145326,1.298996899341391,5.783359017416787,-0.6576160439132861,3861.7192361887332,860.8028635650411,-0.20187230069580467,,475
626,0.5766632342468778,1.2554620878461287,0.19289603418160495,0.023455867710721372,-0.0422404747494599,2.271938225121913,702.2394749711377,-0.5051812108597343,1.5608893440096154,6.02995470800668,-0.9893798833415206,2487.505730174051,2025.6460348557546,-0.2017627198652917,-0.7187449729767704,474
627,0.5768366707190375,1.797587844979989,0.3387229744878655,-0.048579995455924264,0.02732841224100615,1.8066942871684997,398.2522493161447,-5.387708989013476,0.16819270594451524,5.790999494598109,-0.6442742170027231,2583.0082941081523,3735.5956267275324,-0.20146200640583245,-0.36193846958134623,473
628,0.5772762692298593,1.8780583074281407,0.9755127934451394,0.047529609139029795,-0.018001364473375796,1.3211091036960252,670.0197665799058,-7.8299780790780895,1.2069171497352416,5.915865498116226,-0.7101272078582931,2922.488115193301,365.7322066138956,-0.2007002117549782,-0.21976266600244637,472
629,0.5773922419332437,1.8312728761554005,0.3434698284060268,-0.018586862974914124,0.015291569020076709,1.2200519178636342,611.3507955981859,-7.27723071154341,2.3539534558869333,6.120039124372816,-0.6618635719704925,14.275567269662615,751.5428525453726,-0.2004993355681307,,471
630,0.577456711069084,1.1226921082948351,0.16756486933084294,-0.02729214494886978,-0.016505722938968903,1.314236406559723,406.3015304213899,-3.7474201724491016,2.1775164335862054,5.78016009780539,-0.6002461900265262,353.3002874415744,1032.437947949666,-0.20038768609964752,-0.21976266600244637,470
631,0.5776107539242857,1.8850559176819652,0.4448304133401208,0.01985377118812909,-0.0035287654906634458,1.1890615852842326,609.4202596155363,-4.074110132221651,3.091197200992903,6.079709041616609,-0.6827618892325064,4489.986954094817,394.2208641909341,-0.2001209608030698,-1.8600397697631286,469
632,0.5778913314066716,1.7458175772022486,0.6684143952027762,0.0296476347621494,0.03181741908898511,1.3703109898683292,708.6200813344881,-8.19748105322584,0.5321091326705342,6.172421257778856,-0.4495165309048678,798.6891150160028,2200.3720882323532,-0.19963532344860135,-0.7187449729767704,468
633,0.5779626584914836,1.1420075227055702,0.5245622874499292,-0.009172214863305085,-0.041372288260633286,0.7998570455081981,494.6952587442756,-3.0652816700417507,2.85807550853339,6.215274200318178,-0.8279505852986457,1539.612093558892,4954.92622240938,-0.199511904598914,,467
634,0.5781166861196302,1.0246186028455835,0.9664355358303602,0.02591863049640078,0.019223963162207383,0.5651861817797195,530.9107671190964,-8.517052641630427,0.8015445788085944,5.989343343117,-0.9360931985942798,1182.381404753633,3103.4197973815058,-0.1992454391011027,,466
635,0.578365470155673,1.910045318446564,0.3359786032061171,-0.005959620945355584,0.03284153048467307,1.9841217837913632,273.8766607921543,-1.812818694270904,3.073018538824646,5.764206358643819,-0.6764361519091444,3881.777849703483,4162.7529458051,-0.19881519633680456,,465
636,0.5786348917604229,1.6167946744978847,0.34067449846302916,0.03385536923196213,-0.02423629185409462,1.8398890661656917,661.3858808807621,-9.123177929866525,2.835857938675763,5.838151308182132,-0.7269980217641242,2102.5925265545497,1223.5102189393529,-0.19834947200602115,-0.21976266600244637,464
637,0.5795236695229319,1.3602357825554658,0.133341369870979,-0.04843575157359814,-0.031491126499988864,1.7474734406869625,503.15722323584265,-7.72691391933405,0.6707836109728407,5.81945344871056,-0.5187821605001748,2332.529995317793,4980.386762172644,-0.1968146598193472,-0.36193846958134623,463
638,0.5797632179373065,1.5861647638367258,0.3239884064537348,0.033336323060380896,0.018011367761945084,1.9019444760636495,579.1187125843118,-9.784564410485176,2.8909208956883505,5.9408151961855244,-0.7295313785405928,3890.286940255743,2837.1942134257133,-0.1964013912481541,-0.7187449729767704,462
639,0.5798485960404285,1.697586990215162,0.23737603660821235,0.024040734468310784,0.007477630940078501,1.2223608324547406,555.3305761858256,-9.076874031102559,2.7846538401245833,5.789177245745674,-0.5476719792196239,3629.854401215957,2291.917875314729,-0.19625413834465466,-1.8600397697631286,461
640,0.5799935478760646,1.1615483394894248,0.4885268677350551,0.020050910786360777,0.039266885826943834,2.1092441776747965,748.6348685357142,-4.43874648935001,2.1917255070427135,6.030877559898401,-0.8552474941746032,3813.1061913713793,1256.2621214875317,-0.19600418737131486,-0.7187449729767704,460
641,0.581299470501214,1.5055544717679008,0.8241235792943911,-0.022745793500865127,-0.013711545274590665,1.8644700095209605,322.26499307122083,-1.3103143548191172,1.4172150045867888,6.0728932575630825,-0.7624073418046274,3903.2897949540234,2009.881547245378,-0.1937551026786849,-0.36193846958134623,459
642,0.581361755894914,1.649037805493808,0.33225140979093243,-0.027946749616623048,-0.033391159116933945,2.1276815123210726,711.6566344217242,-3.0677567858210377,1.9085681854143963,5.932393274756122,-0.7954878689696978,4319.3415016887275,1550.8925063840052,-0.19364795987158967,-0.36193846958134623,458
643,0.5813889222912475,1.452754608513605,0.9905407483879061,0.018059188162418343,-0.00913036206105509,2.1241847619785803,594.8898235097201,-2.9767281736232514,1.4157959651987975,5.7856986153679815,-0.8061715067342072,4878.090263481765,56.74800530596113,-0.193601232061682,-0.21976266600244637,457
644,0.5814812792957821,1.7822389418043163,0.8678056973281267,-0.031586906101609344,-0.007350373921084306,0.8876361189282554,754.1558945642798,-0.43375586593024806,1.8255528367258589,5.8848306425764525,-0.7748655470705996,902.8679643942838,2992.3864637794604,-0.1934423888741742,,456
645,0.5816856469947681,1.2725128577605198,0.3320633390652517,-0.040476709335841105,-0.006538726472569207,1.954241737056799,383.7304390416611,-4.868664841479804,0.5581010295062367,5.764841490715862,-0.746917870214621,4758.765174614847,308.0291616982856,-0.1930909901256571,-0.36193846958134623,455
646,0.5821027263063253,1.9117502657231173,0.16563211308317938,0.03846720821839333,0.02116775559685962,1.0020087553619228,775.0076029256686,-1.471188496824317,0.5244137650829781,5.801210207332215,-0.7536103502079929,3032.0380803464477,1896.7006162419837,-0.19237422866119153,-1.8600397697631286,454
647,0.5823181014330271,1.2465835502575198,0.1928522407305965,0.03755961129645762,0.04457981084096458,2.090849488589526,625.0409410880113,-4.844506301411579,0.009761504059098952,6.085681734416406,-0.8623936694983195,4768.289944082813,3975.1986797319128,-0.1920043020435862,-1.8600397697631286,453
648,0.5824789382197084,1.608962728425175,0.2284212787472895,-0.03785364387610275,-0.03356782686374158,1.3123207996287907,451.3869362585359,-4.6616001193721885,1.6066817485731544,6.194065571550398,-0.6693015408446998,462.0250284496952,15.760946686040889,-0.19172813927489157,,452
649,0.5827429473848253,1.03998641974294,0.7657355573000438,-0.008777443212765735,-0.019966759356150506,1.4232257091823202,507.28520774427795,-8.86955696954593,1.3012509051288594,5.6182513549875255,-0.7021739813011548,4622.790078806671,2762.2436881866224,-0.19127499095539385,-0.7187449729767704,451
650,0.583559989372676,1.8671677791335302,0.2482042051188642,-0.025951024854620995,0.0015717808171334634,1.5144052902696432,742.9675997828007,-4.961268939055373,0.5035533619125785,6.058696127342567,-0.7068070766397134,2917.9412531110556,612.804850977609,-0.18987391050579944,-0.36193846958134623,450
651,0.5837830578715221,1.6753001935128098,0.9270839211373846,0.048235283143708334,0.02094942240308191,2.0248810819192635,788.6141095106567,-9.197203644717183,0.0005443968274723154,6.242611237367151,-0.6728295888865026,1897.4587797074053,2057.953373466356,-0.18949172893187546,-0.36193846958134623,449
652,0.5839120214807583,1.6043065548594924,0.2810875536167807,0.006254617163907088,-0.007414012801826038,1.2813727649286586,670.2417869308446,-6.3842156562189345,2.55198367687046,5.6813946001843405,-0.6629806451919114,2379.7629973264466,4054.9393770415986,-0.18927084316807302,-0.21976266600244637,448
653,0.5848136276067235,1.0439755800604933,0.6932702182567735,-0.04891336008081962,0.049925607839188986,0.3444921581694063,587.2382975846717,-6.876500069517431,0.7376632254710022,5.791627213370997,-0.61665549048335,564.1777566708404,3678.312218564892,-0.1877279553131994,-0.36193846958134623,447
654,0.5848242957106441,1.2758776792265851,0.20949099111943423,0.03636469412960399,0.016635622428687744,0.7953657089536537,777.0181792337766,-2.831259982730968,0.0272041116091801,5.948645367103666,-0.5869053148382164,1567.107265250757,4564.321037304123,-0.18770971359287486,-1.8600397697631286,446
655,0.5850803805315846,1.0232398668365048,0.9582351537647744,0.0028618067078289844,-0.04125840961034009,2.4214332686869353,733.3534121084095,-9.57970148487772,0.8923557094931436,5.666548811058795,-0.7322780623911627,4828.941490258131,3981.407906665222,-0.18727192608723653,,445
656,0.58534049510169,1.2894839126417614,0.6485097255723211,0.04279306222101939,-0.0061284526139966065,1.6633057903633044,671.5832380981992,-5.500465832719873,0.9018449120491177,5.904660769896199,-0.6337195861669194,2375.7213176004725,3110.3918470397125,-0.18682744567882484,-0.21976266600244637,444
657,0.5855923593887462,1.2988171726760038,0.6469935541853162,0.0041855433230359,0.02477409433431324,2.5369979628641435,697.0382257963581,-0.16093136000038966,1.5076399763307842,5.876103787547463,-0.6696418155685566,4132.186278798521,1299.589346649374,-0.18639725142816177,-0.36193846958134623,443
658,0.5858727015075036,1.979370102610972,0.175161147326381,-0.00984115919127017,-0.011007156451383723,0.8104760914937222,730.1235567087759,-5.500638700409659,2.514965525232164,6.025014170175503,-0.7081144566090458,1377.3924954255974,2492.2267968943825,-0.18591863344209492,-0.36193846958134623,442
659,0.586362874439205,1.159984661190219,0.7677118593556279,-0.010727151814322707,-0.01977689862282692,1.3063372803889166,343.94138255094714,-3.705875831371168,1.831312984687849,5.741954951820406,-0.7292197054843527,4868.5296789332915,2541.655026008811,-0.1850823289136839,-0.21976266600244637,441
660,0.586444341584937,1.1368787332178105,0.5421304252600353,-0.04630606271518717,0.02842671855456498,1.027695706864581,774.184010733279,-7.176247684047255,2.4170913827044247,5.804466838061495,-0.7450869581653012,1389.8524757197704,2514.938349500378,-0.184943402166436,-0.21976266600244637,440
661,0.5876713996267026,1.6883172774547128,0.1494185928627852,0.01832914046549588,0.03539665563014207,2.0766284643459807,444.49186087090214,-0.23671589532107382,0.5712756132471151,5.673674636204435,-0.5429544818298935,4737.266622643295,177.37418994371043,-0.18285321898358065,-0.7187449729767704,439
662,0.5879370521150669,1.1969977721161429,0.3101356195801519,0.021747613499957887,-0.03853185987319699,1.1644030877466478,458.0859232483261,-6.4648156362168665,2.776009120444559,6.201669919245206,-0.6944314289573508,1950.2957771000013,2696.4400370335925,-0.18240127855644644,-0.7187449729767704,438
663,0.5884286030434233,1.13954694861441,0.8257519603451106,-0.017990516146057005,-0.01486798892103032,1.7411258407360437,628.1900402504583,-7.143125199323261,2.430341032108135,5.798741032939528,-0.748917891190006,1306.3919638523557,3034.624088964489,-0.18156556738996052,,437
664,0.5884868786749238,1.6209939486316745,0.8975239079691779,0.031362625139790254,-0.0029302976000385103,2.3841861465092737,669.4476977842417,-2.340993632649364,2.977069067919365,5.596001196230786,-0.6580902513601883,4870.597986354196,1293.4871366354794,-0.1814665362658936,,436
665,0.5893421424030435,1.7269218818014656,0.2364062693359152,-0.038477054024815216,-0.010377929284914024,1.762074908491065,394.4129592794925,-3.6347282910598397,1.5758222806616855,6.274968194061723,-0.6745121658428518,2190.0690039498977,2808.3945007795355,-0.1800142645640847,-0.36193846958134623,435
666,0.589470293764476,1.515450693309504,0.16002959392036564,-0.04218863045342522,0.034318463297024406,1.1483785568317186,619.4966546646972,-5.245029628424075,0.022458598196817146,6.1589014610700445,-0.7633602290251742,3932.839464654996,958.9461031610682,-0.17979684004767182,-0.36193846958134623,434
667,0.5896161130154908,1.7656620336570632,0.12545823781060145,0.013270540575326683,-0.03236953477721316,1.0002821665612798,622.0345191290453,-0.8443078299418697,0.5326960046920988,5.710261627688517,-0.6029197404774332,2088.3108741588167,3497.7969672178892,-0.1795494972728815,-0.21976266600244637,433
668,0.589688241012684,1.3315125979903182,0.6861297867788263,-0.01015637907426882,-0.03123867730556046,1.7281167732933231,565.729067983223,-4.428927288367442,2.385060299132398,5.567783045549299,-0.5722351549138959,2537.3043946347793,160.5888113075177,-0.1794271743168835,-0.21976266600244637,432
669,0.5897404436876345,1.4688863812559139,0.1670850176474051,0.01090095732262297,-0.035263815602723375,1.6793811502429763,754.6001559267279,-0.4488376067690117,2.167719119065814,6.2152209029171965,-0.8273074866848293,3587.641183006543,4408.403510790769,-0.17933865234747368,-0.7187449729767704,431
670,0.589785991506617,1.9520016324974871,0.29855270104283527,0.04053841136823916,-0.013907919190030905,1.5005106491703812,726.7527720317838,-5.362944272203183,0.6530208990969815,5.794572888504628,-0.6496799110638861,2789.087605840525,1056.6368222653193,-0.1792614216595544,-0.7187449729767704,430
671,0.5899181243638026,1.645937434533392,0.29876139029986537,-0.045730744829537,-0.04668587188402294,2.0638230832005675,445.89359779786554,-6.271547798785139,1.2479375812222564,6.133213517372221,-0.5463063794988657,1112.9011603155764,4256.127573472165,-0.17903741149304309,-0.7187449729767704,429
672,0.590057553824366,1.2756680859455047,0.25822235917745545,0.021759768153300486,-0.009729130878170053,2.6083341235162965,578.2559065994218,-1.496165697411646,3.032049867296789,5.951839904731761,-0.8201584944784864,4437.261039599984,2379.773266490224,-0.17880108550125717,-0.21976266600244637,428
673,0.5909458596131562,1.4032099167482757,0.4574699345101165,-0.029542618027719205,-0.011297526772420394,2.04306821675972,520.200257599524,-1.0034901745417741,0.5421988791390214,5.84677901073552,-0.7682808843523434,3487.312112597688,4293.8362695195765,-0.17729676138806816,,427
674,0.5910334530417307,1.818827498713525,0.20669967341123432,0.015249068002922157,0.02858349174532996,1.5869602347651277,603.899990709318,-1.4016749428978799,1.262560491376844,5.860460785785062,-0.7200581616725347,4672.177632326803,1115.6082950460197,-0.17714854656266493,-0.21976266600244637,426
675,0.5913625550424355,1.4742029498287155,0.14820370154514034,-0.014009399263657194,0.0007669474506112549,0.9984863674314736,687.877238257976,-1.2170159548367683,0.7247149431240639,5.95682939868886,-0.6202237799818506,4040.8535705890786,3915.591972651391,-0.176591876873392,-1.8600397697631286,425
676,0.592169102256733,1.5566479618688835,0.27946384163497645,0.03247699249789996,0.034271534313235555,1.6404691430105305,579.1192072592416,-8.605057193264162,1.4261237085166858,5.6237534241104505,-0.7397843215593849,4585.920831709442,1875.2836689550863,-0.17522892669929346,-0.7187449729767704,424
677,0.5923871025037237,1.9829109429194685,0.16856282255539629,-0.027666035480509783,0.030985907471345178,1.310381907941047,605.6190440420622,-1.729478506694375,2.5083079467366245,5.887233823225852,-0.5695907447843717,3895.640763043908,3915.2925287147814,-0.17486085594239403,-0.21976266600244637,423
678,0.59251180553563,1.2469022308194107,0.2299411004465441,-0.0317947874923388,0.004006741125116972,2.136057486629455,662.1812819451674,-5.771281285439798,1.2205889744790972,6.1460937222772385,-0.5091391852317007,3062.0389944190715,29.32053033588511,-0.1746503687328515,-1.8600397697631286,422
679,0.5925822215014542,1.6125263601722908,0.20618480057214583,0.019676562015474616,-0.008819564635286882,2.107844698176679,733.0376003546733,-0.1331313512620941,2.0217758131482735,5.809010006383767,-0.49314400878270054,3830.894239395939,270.04606657475824,-0.17453153265015064,-0.21976266600244637,421
680,0.5926911631821479,1.903044210718382,0.45455475130612033,0.0499877888185236,-0.03313601671454898,1.539522897559982,761.0288863514404,-7.824360897082494,2.85577067337042,5.765428486498323,-0.7493503021794407,4298.529002181107,1191.7460219467603,-0.17434770724345808,,420
681,0.5928040087321638,1.8108084929729642,0.14014071165287922,-0.027819143171577927,0.027561808976499045,1.9173819045478582,564.7862391642826,-6.5094345700892795,0.8057034864275497,6.152417039766398,-0.7049947767316731,4764.957428149933,67.0147081944449,-0.17415733017061857,-0.21976266600244637,419
682,0.5935993505115605,1.3783843805227114,0.19708920569909105,-0.03941936031792717,0.02069922577245878,1.3542052418989385,267.9355233727931,-6.299563064630611,0.39433489668948174,5.57751647400305,-0.5835896094562188,3054.510107875391,876.8031998263748,-0.17281656879744234,,418
683,0.5943050095573111,1.9844025667914504,0.13700432578253396,-0.049825326790587314,0.005869662610384706,1.3808250911950237,602.153472676383,-2.9137377967156786,2.660385378422267,5.651805400438824,-0.588233748962925,3961.770956729268,3347.9312548178386,-0.17162849482030196,,417
684,0.5946982790196084,1.6891607764435748,0.3358850154876356,0.04021021886390175,-0.036310132650135496,1.5942209790471613,445.2012435234306,-4.719906933153735,1.3593117217218533,5.91293700723646,-0.7385049907333777,1301.0063400532256,1444.6574650055034,-0.1709669836530524,,416
685,0.5953360645194354,1.4576919670893882,0.40620261838353267,-0.03543419783046264,-0.04277722749626775,2.034836689466407,587.479076673927,-2.2264953145826265,2.2061677910109263,5.714860438010734,-0.7410510145794228,2464.8663766961076,4769.951046905782,-0.16989510608186786,-0.21976266600244637,415
686,0.5966280027072405,1.1908834145541642,0.26835158837706036,-0.017475257797636156,0.03394049835035994,2.2419298564994286,675.7821510283759,-2.0206410879840386,0.06584342215466481,6.000934949851596,-0.7357804236745659,4463.775542638454,2819.452268366776,-0.1677273583632315,-0.36193846958134623,414
687,0.5969108232413591,1.868877063029307,0.4392546260246699,0.007914721771744838,0.03688677200778056,1.8080534584418617,711.618453012682,-4.214249977932724,2.173437537149056,5.686776185882418,-0.6697650531687421,4942.780805291609,4826.374812482133,-0.1672534390683335,-1.8600397697631286,413
688,0.5970577687096131,1.5328981893438784,0.2071445337972495,-0.024748936064920835,0.018150753349780488,2.308577308521137,768.4760060613008,-9.531691964272461,0.16851272096383393,5.864486831426874,-0.5963655531481973,2493.9258904584603,3411.153145674929,-0.16700729277939863,,412
689,0.5980526569198517,1.141747924342473,0.7192630059546783,-0.008407529642411982,-0.044687472593717595,1.6520180890369316,611.4138136580049,-0.4886821081033528,0.803825135422759,5.828499913976596,-0.7073907212472227,3668.8193165033654,4483.209014049625,-0.16534236137439837,,411
690,0.5986165254617793,1.368881498641365,0.9529037438083594,0.04741906606872946,-0.0305766489331204,2.2889639386062743,722.4758283746215,-7.105747695095861,0.3083575634191471,6.055880991162797,-0.7420608712795709,4286.433421703568,1604.5859684990048,-0.16439996460850703,,410
691,0.5987519592206788,1.5837111214168071,0.18496248599524817,-0.008532203192095564,-0.006441056235251803,1.3713371613472802,315.45477689092735,-0.9808989275602079,1.8413745454275707,5.869194201156261,-0.5249675648476498,2357.3890016725527,4756.987886925663,-0.16417374559366688,-0.36193846958134623,409
692,0.5988288981689832,1.5054741467637887,0.21335578701235644,-0.004720471675350675,-0.026488680966677173,1.4662778742657268,649.8672008705714,-3.5124783012293124,1.1735028257496203,5.895615415275857,-0.6763984018050826,4151.498957123887,2144.755071008132,-0.16404525498205857,-0.7187449729767704,408
693,0.5989228855294684,1.0115231135632166,0.29975472696145183,0.013558318682316295,0.025630440554324244,1.4748972519837695,497.16728490283,-5.70549189534563,0.8966011295707383,5.946037635898263,-0.6062379634919122,1154.6343871164179,1322.661785968648,-0.16388831535239134,-0.7187449729767704,407
694,0.5990922437468271,1.2236533429263807,0.48769735804815983,-0.016895557650596894,0.03515138038777154,1.240427791963213,485.39267922329543,-0.8583672765157075,1.212776563216319,6.096428200411711,-0.4274938044119698,2650.508752139491,3960.321954588569,-0.16360558400060612,-0.7187449729767704,406
695,0.5991206612457669,1.7438095838257979,0.2167655578156165,0.043078033728725346,0.04555829509143104,1.2327517961240702,392.60010790693354,-7.986758862387315,1.7239037749051553,5.864278756303069,-0.4189741877206836,3810.0497746191277,38.10104736512443,-0.16355815086277387,,405
696,0.59916322997514,1.5156165690028112,0.4956528046693253,0.003185056603404882,0.023248591213520468,1.2657752363715493,700.9254668770394,-4.407241289291315,0.9807245480399405,5.627273652401641,-0.765901689857391,1315.6537659757923,1031.9450078338216,-0.16348710137321087,-0.36193846958134623,404
697,0.5995351143367001,1.3311693661764452,0.6384615301841329,0.03288490933567649,0.012980992546730102,1.3602692509542398,359.81242290779505,-3.2229543535501914,1.7000963170793626,5.9948979186062035,-0.7908029691330555,1662.5991907041637,517.6303991788355,-0.1628666210409448,,403
698,0.5997069015735914,1.719746933904865,0.2663695215349605,0.018321460442299223,-0.011671089317933724,1.799533906143898,427.0909948900037,-6.256281671547673,0.49918815714801634,6.202665064851312,-0.504170127139404,328.782613992229,253.3631947822813,-0.16258012801323452,-0.36193846958134623,402
699,0.600022381042475,1.6008114103913293,0.6033879511550047,-0.015566409228421181,0.032862444558149864,1.933856621443828,752.3418059217832,-5.785192731733172,1.9407996192100334,5.99591854422931,-0.820933641693275,876.745938215964,2206.6282388112086,-0.16205421024041444,-0.21976266600244637,401
700,0.6003590565584671,1.317016882446745,0.3046248929512058,0.046645946055198104,-0.041910360829024176,1.779076965437634,742.1539340371315,-4.4585506694336345,0.8126020645249731,6.054218273655451,-0.7161915480176287,244.31125816291004,1036.7915476805813,-0.16149326267109115,-1.8600397697631286,400
701,0.6014600609484937,1.2682000013285344,0.994511479010365,-0.04006025866952352,-0.016456431768787798,1.554070433674287,539.6852613120195,-2.2250644738355057,1.2759766068426897,5.7205022366289215,-0.8392901464217802,4661.56321168674,4810.765176718708,-0.15966103237621793,,399
702,0.6014806938700505,1.4295084661189583,0.1261978250750581,-0.01637674078317295,-0.001990627385327695,1.8738072637300185,734.9409304250911,-3.236206779018927,2.0059363726787196,6.197690397439791,-0.47380508665561394,1744.1650926831153,3959.6747926768285,-0.1596267282403069,,398
703,0.6015324659116587,1.1921014253093163,0.21756323060776625,-0.02616078085287085,-0.024755051569573885,1.893884710499768,716.4207369009711,-5.886782118084564,1.15005107201547,5.874444405549331,-0.8068279079776305,1208.6080686498196,3766.0874730834976,-0.15954065762467554,-0.21976266600244637,397
704,0.6015597302035761,1.3383379297566873,0.9991614517112507,-0.012850940191871253,-0.027115213411987617,0.9764492277193552,769.7544030820355,-4.048556386769507,3.123170623894451,6.166717942049575,-0.6303161727592906,4.681505539073649,4629.10341524428,-0.15949533392960524,,396
705,0.6018188152870462,1.2907275157387292,0.12770556595961824,-0.022695623168470538,0.004762969660454454,2.2802659234229945,429.4504105114753,-3.5448392977732115,2.981213005094493,6.192627945036811,-0.5716654777262176,94.20214252938038,4351.842254259568,-0.15906473777439478,-0.21976266600244637,395
706,0.6019925915589814,1.4046572036846108,0.13899034799122342,0.029986189945206052,0.00277769180442097,1.2420828604345335,455.4863030616964,-1.753546459984969,2.840887241015935,5.882676072545273,-0.6656789464471796,1556.2835668344899,2166.300080224624,-0.15877602764562576,-0.21976266600244637,394
707,0.6020292559492327,1.928770913768804,0.6936864448105556,0.00827500468184252,0.0077697759260327015,1.2702035210462905,494.45595613847263,-2.431660838150353,0.15204733809353496,6.139889358041953,-0.515955418233368,24.96876419071425,1249.144854704077,-0.15871512444799796,-0.36193846958134623,393
708,0.6020409128095936,1.836278337791066,0.20179859309284295,-0.02768572368527984,0.02573227008745967,1.8433015486169149,599.7921612073822,-9.866335102515684,2.7102085442589567,6.153034757370709,-0.7325285139470887,1515.4830239673067,4527.084616253412,-0.15869576202104385,-0.21976266600244637,392
709,0.6021467869840237,1.8073760760023208,0.24989434110282435,0.04272862118191734,1.961564041814967e-05,1.7554461083303412,417.59299521824164,-5.1582379623028345,1.4747351796974475,5.973853554936479,-0.6620416366709264,291.10122258049097,2947.34573855049,-0.15851991871236462,,391
710,0.602551422927251,1.7719134079408105,0.1819232411703058,0.03829924850935376,-0.04910638070067133,0.40571816950037565,751.6968537315992,-7.212366290565635,2.3486999351964064,5.968665971043716,-0.6934206613435303,2602.0411350167483,1974.2469816752207,-0.15784815551870923,,390
711,0.6025542864026318,1.5293538045262753,0.7865426240580855,0.04865362519489768,0.049745464105721254,0.4589695158368464,771.4504049550231,-8.473106448516535,1.488533548037893,5.8524614146401746,-0.6503952993742589,1672.290859328232,4649.74451894493,-0.15784340327936897,-0.21976266600244637,389
712,0.6026418694505145,1.841544360897398,0.7437352935125716,-0.022018074803669657,-0.021241063364237544,1.5956931230188944,362.7127399566324,-4.407727676656091,0.0732991054181551,6.147874985246989,-0.7741114092592873,1749.1531209058196,1032.7783707873616,-0.15769806088410304,-0.21976266600244637,388
713,0.6030258330489985,1.2943147641138062,0.12844814414435918,0.03368100515186892,0.023135879961626166,1.728496037498678,203.04168444757224,-0.0838141924329392,1.848867888611904,5.741198084193475,-0.741345277486827,3469.8790892419106,3597.5797739409986,-0.15706112981148668,,387
714,0.6031005491565483,1.045027709326087,0.2762335383409187,-0.013377110132297663,-0.03810388508550059,1.099288887065273,745.6458870512497,-8.06411746207192,1.0340678242489139,5.8808488296741395,-0.7344534742405356,28.9922410874074,1140.6784166824812,-0.15693723548539779,-0.7187449729767704,386
715,0.603574060102309,1.6409169113170463,0.1447777020379731,-0.04037847739761,0.014589559905440905,2.316195745311206,525.8090026818751,-4.580320349364384,0.5501919306512357,5.902180380448627,-0.681250725140471,584.1633584709139,4912.462426216863,-0.1561524158390154,,385
716,0.6037552914252092,1.030116417514252,0.7103188628304722,-0.012650387934623279,0.03197833266937907,2.3843924939783614,755.303163004135,-2.1190970401882185,1.8649914752065109,5.933795555727517,-0.699350067921525,252.72078689639244,3924.9563776044674,-0.1558521973045549,-0.21976266600244637,384
717,0.6039705972995306,1.3932159083126694,0.6739171338755665,-0.0049233069408236504,0.04118475503240915,1.8268460711679355,430.82631329999396,-0.9649874112663266,2.32798219717293,6.026890102990101,-0.6145971673108918,1391.7780318010903,1571.8023089301387,-0.1554956497160529,-0.36193846958134623,383
718,0.604196020881481,1.8842065783596078,0.19240841223072838,0.04749693405032014,0.0038752656565282525,2.0836794753150283,717.6625800180765,-0.05299569610650518,1.8400792049228856,5.737551909205506,-0.6627792770598284,4896.317152029115,806.7614322505185,-0.15512248333125914,-0.21976266600244637,382
719,0.6045967817731952,1.611882078244626,0.34067715539502585,-0.008309305681604918,0.03646356030366245,1.3380567887843806,474.2933394431029,-6.571039070560904,1.1205554017020989,6.048999344051171,-0.6708221600159745,1064.1318203271462,2494.3145230382393,-0.15445940706948924,-0.21976266600244637,381
720,0.6051398385317583,1.1896597356970469,0.5334855372707741,-0.02250673373422901,-0.00696483973257786,1.6320160112762416,583.948749156265,-7.975030237202571,0.929073160635749,5.925586022578603,-0.7021430064013979,1474.8794349912664,2420.206095339439,-0.1535615971066978,-0.21976266600244637,380
721,0.605274846921251,1.369012982096755,0.6358594727297701,-0.04760555952698819,-0.04983420395923302,1.4465808207862683,525.0693755253648,-2.195548611251874,2.0122225156536744,5.973560744986879,-0.6336865617102215,3745.5634323942745,3888.4940007162063,-0.1533385191952159,-0.7187449729767704,379
722,0.6054586518685888,1.7504822179401394,0.30085562718266334,-0.005666202148692363,0.030976417972859906,1.7422325159602468,569.5673001477222,-2.1325971961984083,2.7586641462241692,6.164479731724658,-0.7838854448308674,542.2160059224941,1106.9961636462886,-0.1530348934197232,-0.7187449729767704,378
723,0.6063741909142921,1.1986814809746258,0.8350610912826263,0.011999103472157532,-0.04820737473480714,1.3552508467491122,610.8350726287233,-4.27812236704953,2.155857451289762,5.878111869169339,-0.791496583668248,4159.3885159321335,3564.879653613182,-0.1515238942330584,,377
724,0.60644717085565,1.0089963325532043,0.35005332267716194,0.0015005258798594455,0.04887017287551628,1.9472073160163013,226.75376544091202,-3.8572013056035512,1.6588706057417708,5.735629900737996,-0.5535055808872502,4847.422483461893,1698.9354967465129,-0.15140354684513435,-0.7187449729767704,376
725,0.6065048214859516,1.6539953463268307,0.39809747685970315,0.029866978206451747,0.027177168525411508,1.9456591978048712,717.1688222077279,-2.906057106320259,1.7986492081036565,5.847538459276335,-0.6224284123677299,3067.5407408866804,692.9807164054002,-0.15130848845747305,,375
726,0.606699665618521,1.1451344355567394,0.21124489105157834,-0.04085044814666691,0.0073994723062952026,1.3831170915341688,271.3633764022101,-9.246509053178892,1.501674546629074,6.1655680324298245,-0.6094186469222529,3137.7446137068964,2037.550134875085,-0.15098728269816147,-0.7187449729767704,374
727,0.6070337439198478,1.276827617606135,0.7119663818200043,0.04898795995638148,-0.04921599951250036,1.7310215968032252,712.1398076567322,-3.4231445051636977,2.0702785591986483,5.995944050988591,-0.7954841822841616,128.26118364937926,3913.8534938016237,-0.15043678568272334,-0.21976266600244637,373
728,0.6074115949999784,1.2506083798452352,0.22523045762911326,-0.03641777430542201,-0.019421099985702996,1.8893658285685702,308.6963764713817,-8.765788744744333,1.5143305190523897,6.1754255163981995,-0.804356278572994,3901.601180627535,3596.316450699322,-0.14981452450685395,-0.36193846958134623,372
729,0.6075573176881015,1.082605475858533,0.35164745963795,0.039579147183398264,0.040652182587100565,1.7624891484934595,272.5379754189044,-9.951722850892105,1.5951835164256107,6.0714020908046695,-0.517688043530787,2393.871713052872,2335.07609693787,-0.14957464563042577,-0.36193846958134623,371
730,0.6076654472152299,1.5892322022444059,0.22092889583001762,0.04628024702866093,-0.033664672438697606,2.0281707305146437,724.6942735165787,-9.22509257248854,0.24027474794053433,5.94944017090454,-0.6766931532559325,2833.1390549271046,2850.919692233672,-0.14939668726667843,-0.7187449729767704,370
731,0.6077036474955674,1.0202401914041581,0.16238830468091134,-0.016187561749662613,-0.0214789749669909,2.3679079624050723,738.2775859481922,-8.232089980672376,1.442821688271732,5.854994786812871,-0.6854029751108994,3149.0030329914107,111.45823362588428,-0.14933382524310326,-0.7187449729767704,369
732,0.6080706133024121,1.942562137784652,0.1708140767225629,-0.044069172026715966,0.04076764255209182,1.343434829690107,655.6119352062301,-3.885326654415204,2.204021511273319,6.011316355598041,-0.5867335797204799,1605.7851184912397,2921.718477830424,-0.14873015097587017,,368
733,0.6087565558596028,1.9406578440625124,0.3692357928916993,-0.038967714641687114,-0.013334335086689846,1.2477853557184215,615.4032813450183,-7.4828848650031565,1.6852642958191366,5.735000470088697,-0.7156603976105061,4011.931073267141,1477.8345008193182,-0.14760272278027975,,367
734,0.6099394405239164,1.7893688139509267,0.2659484115353939,0.029679285690990716,-0.003971915231224056,1.591733000811166,321.8048195986756,-0.6865948992999789,3.0549311914424035,5.817167327727617,-0.5736072826323602,842.042300831967,4868.86401520552,-0.14566149208900359,-0.21976266600244637,366
735,0.610287656997999,1.3155010485624012,0.7680949831504224,-0.03367278899191488,-0.027764844289704698,1.2131112562632718,594.4450849138548,-9.126840518189699,1.6327559312802833,6.095653700232555,-0.7815085067573933,2341.7989815111605,159.9059115002866,-0.1450907516354632,-0.36193846958134623,365
736,0.6105028820538938,1.2191448997380494,0.17991618124876274,-0.04381608536090621,0.04635872377463714,1.6776584525809808,617.6709888955503,-7.2043596693060366,2.5395984114898846,5.582880137735314,-0.5965182517908175,2268.9656275313964,2888.7884213724324,-0.14473815214971109,-0.21976266600244637,364
737,0.6105375643356982,1.4746132234948874,0.46607201536396575,-0.02041396360277499,0.02125681654279284,1.9084905543858608,780.3066420819473,-6.479573616155597,2.78020017788961,5.8379468079457855,-0.7169727627282315,1626.7877843422534,1509.4420441703887,-0.14468134439704283,-0.21976266600244637,363
738,0.6109586928405998,1.7698268877338272,0.9507066552150264,-0.010006377305305625,0.02023592823582694,1.871786554682128,661.2006419695248,-9.983426655928442,0.09018900291225364,6.064800993065485,-0.729999506378948,2182.460357871522,4520.026344630976,-0.14399181543763323,,362
739,0.6113389936432543,1.426773074636133,0.22067172130354476,-0.04901207603287283,-0.021465636079036333,1.4207868009185227,394.2476833646121,-6.744434725583792,2.877998573048441,6.068042917306627,-0.6500339810772356,2646.4934825791966,2386.287890785309,-0.14336954343445937,,361
740,0.6114350402373703,1.3426500010817413,0.567472378148139,-0.02345549756666139,0.03234784952579768,2.250560173944271,773.0107865324063,-3.137326543436827,1.086436583336589,5.781355989829239,-0.4701746305949526,4595.329908519414,2932.8400689821133,-0.14321244720624182,,360
741,0.6118481484263555,1.0619220224958346,0.3814448694461343,0.0022860571149377383,0.027579047736457436,1.6612423924137871,701.2245545236111,-6.800779268116476,0.575370997184576,6.06156744659141,-0.6820270548960252,2321.150171438376,3146.115318366117,-0.1425370382600336,-0.7187449729767704,359
742,0.612236081167289,1.7373176184036139,0.7119918095943315,-0.02640284948381595,-0.03174744339205404,1.3859260459711444,433.38462285449884,-8.607378136011599,2.123428376864385,5.516104690542965,-0.7699850260199584,219.0523978371961,2722.7879796207753,-0.14190320482839525,,358
743,0.6127312921651509,1.363752192987772,0.8641082020825865,0.03644018665163709,0.032804175904883257,1.826604778501074,586.041766503348,-5.361728234996765,2.7520158318174177,5.982956646686308,-0.697828726581424,3160.6840001638934,2686.289665448792,-0.14109467549836235,,357
744,0.6132361396185599,1.5199543252032297,0.26995648761287405,0.016200637198869033,-0.0160736332858585,1.3484460951684452,698.1914204335519,-3.5825707516840604,2.100671651257289,5.8692300205216785,-0.6480185296617844,2734.396003023684,2836.200306733129,-0.1402710851339834,-0.21976266600244637,356
745,0.6146586233461998,1.1259379799813385,0.6643584054743664,-0.02889368753149595,0.0036486534894927068,2.7730373071741665,362.07123537300464,-9.711165946683293,1.949387537974049,6.026153968293159,-0.6169647945698759,3904.9518112392134,192.14299162143612,-0.1379541367978665,-1.8600397697631286,355
746,0.6154576525980171,1.8778135235462332,0.15271682905368425,0.047277531094413947,0.013939324177545481,1.7181370474254456,432.4099208697704,-9.708685915518483,2.763378916109264,6.13987179602797,-0.7591622322479262,4943.29788193421,3607.1257066726394,-0.13665502486865866,,354
747,0.6157171266269503,1.8861473896559895,0.49446615413380846,0.009483993919817427,0.012912302878775941,2.339248758748658,500.8755078808365,-7.518976306249572,2.924957647430397,6.090809915668199,-0.6515124505234934,4920.962527766379,4548.319259229724,-0.13623351845519593,,353
748,0.6164039702698905,1.7149519925878027,0.4107073169215643,0.023341951163392455,0.009286172751618058,1.75685113624128,480.9407006578199,-2.2416688700119196,1.5167855759011655,5.626853803396633,-0.6896908393796758,2117.228744777586,4919.519843610505,-0.1351186220123093,-0.21976266600244637,352
749,0.5242528749682395,1.8647223174532936,0.13301173212979592,-0.004861074489402985,-0.023598869291054793,1.1658395817557203,780.3872997878285,-6.401255993095924,0.29723287507852575,5.990590780813782,-0.6134292560697079,3607.3243645759576,2891.3897371645153,-0.13488025795164324,-0.21976266600244637,351
750,0.43232787234707976,1.8108843519341438,0.13351082542367967,0.026062807389690107,-0.010007585721389869,1.5770179335122634,677.468528092811,-7.1912429809279494,2.464547604946214,5.511891454984327,-0.7655714689100793,1075.840367880335,4488.11320560647,-0.1340170247361941,-0.13488025795164324,500
751,0.43239492837447946,1.4944833460618974,0.1928711393605983,-0.006162599850203962,-0.02916724020499821,1.8186383319879382,729.8380355895249,-5.306082515060542,0.5832321528581267,6.245678898135456,-0.4964635685048472,3833.546737073808,791.5417608751266,-0.13386193219673725,-0.21976266600244637,499
752,0.4326417931085853,1.2951690581456785,0.3812942764639999,0.03279242681685657,0.004932270382945083,1.3037749167520147,586.5899498765207,-5.882107827206814,1.0970450814988963,6.2777523155816715,-0.690658618910871,2397.5020171799065,2062.9635080166795,-0.13329117089917608,-0.13488025795164324,498
753,0.4326667488771214,1.4190434180720983,0.19348272032846256,0.04000502920924004,-0.0030194291373998655,0.7537878514428392,403.58412640124646,-1.1601356550862718,1.6755745102195152,6.201611704651591,-0.7049571924072355,3514.9259403149613,153.29291830346324,-0.13323349027468856,-0.13488025795164324,497
754,0.4326672969214114,1.246090683050831,0.36308733399764087,0.00010018835119810377,0.04558893725849257,1.2044796482115925,651.7628987874946,-6.398685950768906,0.45035415204575424,5.693096940998957,-0.7098793810755286,2855.6391752317595,421.64724567997996,-0.13323222360941617,-1.8600397697631286,496
755,0.4326852176488496,1.3580909001294248,0.28511094232130774,0.03297637682051007,0.024665003700609346,1.871177403039864,489.1141800028065,-5.566107414930229,1.4196749202266767,5.944297447819906,-0.4867835984501155,2110.6843705169417,4505.503207521264,-0.13319080528074492,-0.13488025795164324,495
756,0.43274207012043087,1.587781831514211,0.8042631687320667,0.03441930998589698,0.021684861688048528,1.924558560676052,708.3966677117563,-4.124432223245881,1.82720725053615,5.8137539970551995,-0.6364572063572469,125.18541932032804,826.8801218455217,-0.13305941938042165,-0.13488025795164324,494
757,0.43275052740710573,1.441787567899273,0.20719882172364892,-0.010822856358372698,-0.0430000570114399,1.6476078873076252,618.4690897939331,-8.046701220521047,2.596408398768138,6.207292192701208,-0.5872351313460186,3438.9775322636506,4890.030733467435,-0.13303987608979218,,493
758,0.4328903121639385,1.9513087181382371,0.28895627893155634,-0.0136250272990483,-0.04344769669572694,1.3654009388731343,480.68318852931554,-8.615469673828166,1.507643648485024,6.203413211021181,-0.6409327858147703,3655.475225123273,3404.903970739836,-0.1327169136054744,-0.13488025795164324,492
759,0.4329605906539074,1.4102935136849728,0.5087857475150744,0.03607208225440965,0.021898504678635772,1.5192696944669353,672.6745131165251,-7.876075684032881,1.9713459980098114,6.108367746571732,-0.7652116054795044,3575.3715282178314,624.028657177203,-0.13255457967497314,-0.13488025795164324,491
760,0.432984526048517,1.4830703071345563,0.1543164888966253,-0.03588256983678722,0.0005438616987166619,1.6902918407653842,756.3226709778656,-3.3114919931804594,0.4779938792766881,6.152640030972339,-0.6152947184603116,3050.527427493402,4746.1818683337415,-0.13249929812388356,-0.21976266600244637,490
761,0.43319698683392266,1.9798629469719886,0.1479307570583713,0.004780795518704271,0.013317912413477795,1.0873968614440352,733.2010579565804,-5.187093540642252,2.8891046437919705,5.9249488351884585,-0.6709789766371531,3196.171622096401,1143.4444856972214,-0.13200872937701305,,489
762,0.43323434912959685,1.3398459328880594,0.4272369089746346,-0.040427392012973844,0.0422892257460632,1.8767244382927715,769.1693679128713,-7.8073080990997665,1.021023013006802,6.012578518143368,-0.721653756524176,1790.346673215798,2483.113136918268,-0.1319224852763261,-0.36193846958134623,488
763,0.4334348729141206,1.9407103863257278,0.40961926617404915,-0.03941848592138295,-0.009565034687280032,1.6860022970728479,524.5798365873939,-4.914219788292234,0.023141172032092566,5.60735593338537,-0.6396484215789668,2316.1150281491427,948.8616698769365,-0.13145973943743516,-0.13488025795164324,487
764,0.43409952952080944,1.9475018463894305,0.14010655096746477,0.007496927265316873,0.04991461773834362,1.4136066242252523,662.7359646306027,-6.227335844611928,0.3738697601586284,6.117236537844117,-0.7446906707116299,4406.4185553902735,4746.925768092773,-0.12992745037804773,-0.13488025795164324,486
765,0.434123865814176,1.2629147073917653,0.22571975788160975,-0.017817229323318706,-0.008139037467964922,2.0195314645170943,348.485979788972,-6.9269998254615315,2.03669003649516,5.79562440376883,-0.7352889647190055,908.1970117238891,3966.4387609399814,-0.12987139039737428,-0.21976266600244637,485
766,0.434156498810541,1.6505005376534576,0.1437717817787646,-0.03536320949733699,0.01748890539131929,1.512410866431997,700.8486848400763,-9.661539311633428,2.684938320647056,5.860710334153302,-0.6898428355596821,2194.5053811046237,573.0570465870575,-0.12979622344045744,-0.21976266600244637,484
767,0.43417959546670853,1.3649372388604886,0.741071138474129,0.027606553210832496,-0.028783772928193004,1.8085520411262601,668.6089480529653,-2.9852769320589276,0.864084311264316,5.975570245808926,-0.680781114116047,1935.4706381242959,4817.363646604007,-0.12974302593709075,-0.13488025795164324,483
768,0.43419876336874147,1.9873718504935225,0.4625680950645675,-0.04900137198260741,-0.03632394300251481,1.0347982827343913,613.8178126885845,-0.783867401518018,2.0281089321555816,5.490652342770661,-0.6073480957255878,4462.641872365233,4458.568089048597,-0.1296988795075013,-0.36193846958134623,482
769,0.43443661757361823,1.9996375035701281,0.9652531230229856,-0.026754808267293796,0.0038663867341126815,1.6758129847004506,656.0491631735788,-2.7454458725801647,0.2812963341805666,5.98904505640982,-0.5931689606855213,431.97625006949795,1997.6687024201965,-0.12915122921357616,-0.7187449729767704,481
770,0.43462116778853827,1.4880185303305768,0.7800460809484943,0.02494419125656344,0.04588887233363663,0.327093848131615,761.0582197740536,-9.240585179042839,1.1137741252605298,5.7649021210691,-0.6579929320584819,928.6508682831518,4846.1322128774955,-0.12872651587278494,,480
771,0.43467291570211536,1.2759045460575638,0.4697742829181504,0.02479122380886478,0.017793642759370214,1.4105290904895056,296.7721116263814,-2.5007515848825155,1.2956464402729206,6.221625868958086,-0.5419133174162236,1463.1316079151984,450.8710347770365,-0.1286074585488654,-0.21976266600244637,479
772,0.4348328331847338,1.4278185233214873,0.3510969674125365,0.034446389702518086,-0.001595575050634809,1.441721036813226,614.3740490337565,-6.251591291329328,2.1159134797064296,5.881647073516225,-0.7241753238658811,2254.1820925464235,3986.9099145298187,-0.12823962317885143,-0.13488025795164324,478
773,0.4348786334689247,1.148595052058211,0.125078881854222,-0.02997687405170198,0.02587738781678129,0.5375264874902965,760.9411854550315,-4.419491367795582,2.278738726640738,5.905082759042034,-0.5435284642885472,3046.930072144974,2190.725392003461,-0.128134300239079,-0.13488025795164324,477
774,0.43493955337910484,1.4865904878047425,0.1635071945772216,0.005524275678813642,0.011366277894861334,1.503514339199108,719.8837168348313,-8.545278569708337,2.9345688474215113,5.705759905136186,-0.9514289130371858,109.27655554179631,4927.239560030904,-0.1279942251953517,-0.13488025795164324,476
775,0.43494168762201624,1.151548383333725,0.4468617118569889,-0.028324836349854172,-0.038471879436673316,1.9268456010234607,529.4653319176568,-2.262878265495759,2.9459092779912224,6.227098318777991,-0.6549557312113271,96.94577540497508,2456.670540909828,-0.12798931821990772,-0.21976266600244637,475
776,0.43496155727133423,1.6115981788954732,0.7729768455201786,-0.0007422541073007812,0.041470872203287365,1.5990791341422492,681.5631957329609,-9.708079436357902,0.8433591238720554,5.812215891801079,-0.8623883020958308,2805.498601619928,1233.3071928263087,-0.12794363578467216,-0.13488025795164324,474
777,0.4355003678557193,1.4233492638789882,0.33514130209335935,-0.027694490806445295,0.0432283642599266,2.5516423537974613,767.4363438330663,-0.14616649875546872,1.7760113581006958,5.754781801042838,-0.7967991280152816,2560.710430353434,3383.1925677556987,-0.12670564791262973,-0.7187449729767704,473
778,0.4355386673513335,1.8659334832935355,0.13129527146843065,0.003409060575400851,0.04657435976848249,0.5481612489041952,605.3169634932178,-1.6022782422901263,2.967654431069176,5.857134152676376,-0.5803629211343636,3950.32772795135,2564.1142491153932,-0.12661770812100126,-0.21976266600244637,472
779,0.43568946852114093,1.295496490651306,0.23058194140278884,0.03267344839698156,0.009316403526958443,1.6000070989759143,435.9885234911483,-1.297288525742037,0.2632533097194273,6.0066857567803895,-0.7060516820674146,999.8688541972869,4361.401621099138,-0.12627152744771528,-0.13488025795164324,471
780,0.43585406972597746,1.0170225230557626,0.39597188622194057,0.008293332115793792,0.013643485763982818,1.9231290113210153,694.9883927095159,-5.35806157225474,2.723703317832971,6.059694798136495,-0.7837969542162643,3213.6131385130952,1184.9744115853334,-0.1258938040189759,,470
781,0.4359940553574649,1.2531731389709406,0.340533056655935,0.014439730704415165,0.0018105688147236807,2.6590731404945456,721.540323558834,-5.987152613790043,0.45672928927079376,5.925355480588952,-0.7296185301765498,3217.979576327372,959.2115356950139,-0.12557268012448242,-0.21976266600244637,469
782,0.43605331246159346,1.5906138294661372,0.47660608454612396,-0.02901240241196932,-0.03762888727849427,1.213210311789035,710.3997205624543,-0.023094398789957366,2.7394558677387755,5.49583306604492,-0.7801178131448137,4137.023260507847,132.86975672954696,-0.12543677671737918,-0.36193846958134623,468
783,0.43641882278290456,1.3621648696554498,0.15011711657797608,-0.0056041345154432326,0.014518857526310219,1.4024400064820517,661.750370425357,-1.9782807382248524,2.046131912194183,5.94363082085185,-0.6285170657551525,649.2378032461683,1446.3165699427484,-0.12459890390072048,-0.7187449729767704,467
784,0.43642207992233495,1.0125578617169984,0.18689424345891006,-0.016462786580775695,-0.0038209188783516717,2.121651930337042,714.4568559830519,-4.89322404528238,2.0980155046901823,5.757356097071746,-0.7512650242038823,1836.1371359238417,627.2602579931997,-0.1245914405946264,-0.13488025795164324,466
785,0.4365675385235618,1.9272555790252281,0.5165687406279786,-0.007993554923225135,0.041516828212158186,1.833828442332657,671.6938545230188,-8.44424340758636,1.6073409598116073,6.08962752516333,-0.7714629738981119,3279.704999899581,3560.635334261014,-0.1242581981378883,,465
786,0.43672080199893265,1.1138436334349002,0.46162779996552256,0.04062466524098347,0.04402359349507684,2.398628875336672,430.2206250527325,-8.742250123553791,1.738625263514614,6.232722051728137,-0.808432428554644,1921.1125112775103,410.40782004453536,-0.12390719499300795,-0.7187449729767704,464
787,0.4368826010142217,1.0685215022508914,0.7904636549413562,-0.026745836523829024,0.02300640302770129,0.3099069941509567,628.2654215443118,-3.420423609225723,0.1029846661507001,6.2189492951040215,-0.603843348141928,339.1916104320209,4243.022263288078,-0.12353677744064795,-0.21976266600244637,463
788,0.4369642204520848,1.4979522078960252,0.6482352657994827,0.04187196419781259,0.038672626441148654,1.272995168801451,586.3609855626703,-6.621497426311333,0.11847479165123238,5.547968700156567,-0.6247013417840843,2442.712004891654,2903.49103019646,-0.1233499725313619,-0.7187449729767704,462
789,0.43716379345534084,1.4309009622001128,0.3709130827987576,-0.0172125755036896,0.024540195044111833,1.9020056459099393,445.77679785108506,-5.770800813397291,0.7460552139377447,5.666684681170383,-0.6711537202963025,101.12222120319989,4924.074400700353,-0.12289335060975781,-0.7187449729767704,461
790,0.43731793573394656,1.9136836157628165,0.49574577238037637,-0.023402894921691567,0.043661806451302486,1.8959948785354015,638.4504685599569,-5.760559192426614,1.2840045127822088,6.222197899501466,-0.6193215039325677,3566.7209115020737,2193.367440591006,-0.12254081658860844,-0.13488025795164324,460
791,0.4376199589577864,1.479166340399418,0.15357224519908774,0.03655461670500379,0.040244091268281094,1.1203926028344047,727.4623327498468,-5.659615356677048,1.9858135426705006,6.254222791346735,-0.6802282500744055,3783.0104414819934,830.7257589592567,-0.12185042876182903,-0.13488025795164324,459
792,0.43773077791092974,1.2644496056088077,0.47201170434843276,-0.02787941843928156,-0.02585065423886741,1.478661726867027,418.6638563782617,-9.629032404846528,2.7848866650367152,6.08291608195369,-0.6909406309213121,1699.4732573711472,1699.1768859913725,-0.12159722978898418,-0.13488025795164324,458
793,0.4377740206441594,1.44425822946959,0.6939146489832535,0.007000327564295174,0.012407254647721886,1.9360294274883536,638.7891543127478,-7.369750515206068,1.2133000693998042,6.272822281510662,-0.657819337740994,501.8295857175762,2544.792299656373,-0.12149844624529585,-0.21976266600244637,457
794,0.4383668640594159,1.2632807490989162,0.5524844397658683,0.03965091314637017,-0.023775906393049672,1.7520300803021058,346.29264008964617,-7.303229135296389,1.7129774976106256,6.000658191745704,-0.8158734442868458,4811.335396905492,1352.558129167414,-0.12014513990816678,-0.7187449729767704,456
795,0.43854193187838253,1.4554609154095337,0.459117102526316,-0.004668218439110851,0.005426744951363104,1.8567921663465488,614.8553114459893,-3.260999538467388,1.9345759799897237,5.743615467157951,-0.6265840597032162,2853.0979089622774,1849.2737789313192,-0.11974585591850287,-0.21976266600244637,455
796,0.4385623221193656,1.3934808489424573,0.7232423863964997,-0.010362154859654811,-0.010859453247899548,0.852522719375535,756.8365223328567,-1.96610952718102,0.5262292805475878,6.282212358984739,-0.587691795158195,3410.1961173145273,902.9647287662087,-0.11969936146616406,-0.21976266600244637,454
797,0.4388416678950153,1.736181825680268,0.7860326372713906,-0.0067874675513155125,0.012621783483532217,0.6381190148082977,546.6963269753628,-3.7891942045223983,0.6293167400146994,5.907273785618589,-0.7015530554945094,243.13485343889369,2695.053867651274,-0.11906260624678433,-1.8600397697631286,453
798,0.43891683461039954,1.2634363545633265,0.22790168627924542,0.03586805123792102,0.011406175690852442,1.136063193313707,736.7973621195858,-1.7979247542951715,0.7751734642860776,5.82884991979155,-0.6388509420005886,3572.2989187911785,993.8828940678263,-0.1188913365516105,-0.36193846958134623,452
799,0.4391953820256262,1.2072305583368916,0.16687948241309533,-0.015664581944262568,0.01975126481138101,2.9873492746493793,704.4799463124829,-5.09210803364226,1.5588832635587622,6.074839357425947,-0.7361899445701602,4112.120421825264,3408.2484958906257,-0.11825691325284649,,451
800,0.43921758536688144,1.0337024737390104,0.834020023627499,-0.04366701930031696,0.048058499078793365,1.0161262225370256,645.8151064188171,-5.008502443717191,2.32580835840044,6.155984788421166,-0.4835634991196043,3532.4911008248796,412.90891869357193,-0.11820635994346373,,450
801,0.4394860477814995,1.4020437112303594,0.2294179728038095,0.009111076131433535,0.03768046161577507,0.8891333802485603,758.5677957235439,-7.788959378814084,1.3174135543687076,5.8512204424083585,-0.6072188215202793,2552.017312646039,1694.2188182038412,-0.11759531792010819,-0.36193846958134623,449
802,0.4395238381594997,1.786813397174707,0.15096229062078914,-0.02093910086522239,-0.04960165742493298,1.2799530754968242,416.46761131994185,-4.082759622723127,1.9583903627355022,5.87418104317991,-0.5175814234066607,3772.0095304621414,293.6914354324514,-0.11750933395424529,-0.21976266600244637,448
803,0.4396548017005474,1.413835294809462,0.33920913301458466,-0.04880916345277346,0.041748695957867,1.8151390433106318,536.7204665492083,-1.2315568708602673,2.817776975378447,6.1523273748256875,-0.6716297156212901,606.8813658790702,256.34749759932845,-0.11721141147050179,-0.21976266600244637,447
804,0.43967597188352614,1.778173417259197,0.6511748848031028,-0.030228955825242418,-0.016025276492781168,1.2502172269853578,786.496755146608,-8.969733446960257,3.004882365541522,6.115336329923305,-0.7864758434922611,1240.6306379822631,4130.949826931133,-0.11716326080039532,-0.36193846958134623,446
805,0.4398210574587118,1.8553729290702217,0.4333331729081186,0.04148950464872688,-0.018535887675097715,1.9394107760624122,555.5838165159499,-2.626984802133274,1.8169766382371926,5.6751863898182044,-0.8440312927505709,3860.69712382251,3802.5863086349796,-0.1168333322806705,-0.21976266600244637,445
806,0.4398412687296209,1.9623119550014771,0.16234669894234335,0.016538515904065153,-0.041401848402821,1.3069123432875625,606.5617948801956,-9.582225397651184,1.0099110674415925,5.604829667611849,-0.7788938965892476,4353.707690493264,3801.1544279191157,-0.11678737994117433,-0.36193846958134623,444
807,0.4400510856746151,1.4303023625072298,0.5825850353218459,-0.019825560003340455,-0.032529193085870975,1.8736805573023882,485.5917407441913,-6.3627059627181275,1.416797958523788,5.897994029267147,-0.7364462639491651,814.3728200006788,3925.24208200403,-0.11631046490052682,-0.13488025795164324,443
808,0.44010429683348656,1.0031039528440895,0.8387717853115766,0.011337487810822486,0.038345009676036754,1.6805915976064567,639.3308354181817,-9.572495022995112,2.6628376794414574,5.851814450244581,-0.6690176671836625,326.0128853306921,4181.452340444714,-0.11618955179817081,,442
809,0.44042475213383225,1.8881702599658423,0.13284077035751768,0.029797017078093145,-0.04259441201010496,1.946826728498762,744.5755847789485,-1.2584089666914045,1.4573964633387038,5.7384315419926875,-0.6415268833313101,2829.079236841479,2690.363262799695,-0.11546168185483421,-0.21976266600244637,441
810,0.4406716643693278,1.76837960508256,0.38162205881196787,0.015629001485291533,0.026619104224140443,1.5982915365056225,163.47161713884645,-2.3495608625799065,1.2451346821064098,6.1487166064852214,-0.6445149456583337,665.3208664715658,1439.1289855827708,-0.11490121596866443,-0.13488025795164324,440
811,0.440842108577299,1.8371065683177743,0.2003935800811329,0.04576189250100221,-0.010483653805892773,1.5642016083444437,509.43462577562127,-1.6080502808108115,2.9809567084608632,5.866235867096468,-0.7189024822112524,3994.5996776145084,3047.4520536723794,-0.11451450797764587,-0.36193846958134623,439
812,0.44152720135973594,1.6041961332686252,0.855780296465989,-0.03150134463534375,0.004124101513530704,1.3684705117185085,476.71380528972423,-4.557752069911452,1.7115134929640632,5.958704100210313,-0.79812960862517,4571.7749501346425,4914.110500506542,-0.11296165949933612,-0.21976266600244637,438
813,0.4416355681871867,1.7929585331753493,0.9229091048414891,0.018124832165897355,-0.0021928642434268083,1.3566234038395195,586.589213128512,-2.2987357436854006,0.4468327866373522,5.858626089817328,-0.811419616924241,2995.5597083603507,1217.189920682561,-0.11271625325777923,-0.13488025795164324,437
814,0.44163612849347766,1.00249224872723,0.4205917305071911,0.02885837170390944,-0.006966422472410791,2.0621040356249587,602.134700377153,-5.333923119039687,2.39773379573625,5.923931650898068,-0.7288792789443518,4094.70697768094,883.257185105345,-0.11271498455124473,,436
815,0.4416486929832497,1.3562747993579896,0.7043043545968183,0.04797444033325396,-0.016545138316830424,1.369792443781318,758.279532177159,-4.639823337411189,2.8380714823975604,5.757343995644839,-0.7840493853126594,3965.4155510404044,1404.6594517682188,-0.11268653508745116,,435
816,0.4419011973644833,1.7014132274192628,0.139665349801974,-0.012585002152704045,-0.04906420419507271,1.3416791381455464,786.351425402939,-4.01631277686147,2.117293470287989,6.095625225705402,-0.6363962745397551,4428.321827140515,82.93233162480817,-0.11211496716385802,-0.21976266600244637,434
817,0.4420171952675283,1.8366277973299343,0.13146849046884596,0.01517970155432497,-0.039401829433450844,1.7141339556601227,729.332802303656,-4.725231938153651,1.2750773792342585,5.6564503912285655,-0.5983933411858398,1460.8478641140107,2168.9296737343893,-0.11185250423809975,-0.7187449729767704,433
818,0.44229585199658406,1.4748455849622204,0.1412607197089423,0.045778870356260895,0.029054301869911203,1.246927235994494,469.55792579808036,-1.5016770686025165,1.6447726846267243,5.972290594507738,-0.6038100513456037,680.6728259592298,4829.857068107962,-0.11122228230672501,,432
819,0.44236655287259347,1.908260597157645,0.23339269673694976,0.048559192624871385,0.011536463925542584,1.6592903564901427,642.2821416933257,-2.796975512550536,2.781903005296618,6.029035029251931,-0.8780505369316915,4537.162005146856,165.7578818888194,-0.11106244534346471,-0.36193846958134623,431
820,0.44237476780504514,1.1416158400578909,0.483819886556648,0.002389010846279095,-0.000685157118197183,1.4042574622524464,342.81792870927865,-8.432937088096141,0.33692231896601194,5.872752564476822,-0.6850352571833405,2509.2459035905404,3221.749891216317,-0.11104387509641278,-1.8600397697631286,430
821,0.4425058773026131,1.3363568764047413,0.1963822796580957,0.012151286898536482,0.01248298800039596,1.8470868917843557,714.1683708885948,-4.269873126687581,1.1200218632102894,6.038466109630209,-0.5047003212676505,786.5814503550403,1111.9634552969947,-0.11074754247972585,-1.8600397697631286,429
822,0.4426856656366105,1.0742831730848028,0.907269391983673,0.006758754854622412,-0.03485278004866081,1.4994594634418892,515.5622876357505,-6.356137253916268,1.8743687263850137,6.056421945716333,-0.6295956787053478,4388.092704838591,882.9747318234549,-0.11034132907222968,-0.36193846958134623,428
823,0.44287364972993737,1.3793885712998477,0.2760197556432396,0.03860599241417878,0.03932100933429597,1.9888205040675413,605.7969385098836,-9.107005306879042,1.9316507572234387,5.780215873251244,-0.7372664054116156,123.92641051504995,2506.4594744043666,-0.109916774572313,-0.13488025795164324,427
824,0.4430153439678648,1.7607115633611476,0.13881329512945856,0.014823946684368924,-0.03681276539947317,1.704088998572759,465.00241154668737,-7.6843788275577545,1.1119279643546895,5.992419014415976,-0.7308740908032596,2709.4845937454766,2238.7611091031686,-0.10959688293772119,-0.13488025795164324,426
825,0.4433514948298301,1.1828734460020425,0.8957330450309071,-0.025341534846216783,-0.02297519611233789,1.9691433336945126,638.3118946645827,-4.75089007241832,1.6306687330928014,5.985336748102412,-0.707010535467601,1102.0674892991206,275.50163410757267,-0.10883839138913987,-0.13488025795164324,425
826,0.4434035667575409,1.0964836535700393,0.5202079881508083,-0.04962674028323433,0.026167864660031417,2.0113107859945623,752.103533533127,-6.528723618891931,0.6634454352943537,5.986448798709892,-0.7561810210357833,4351.009601030168,52.52386734844663,-0.1087209476212963,-0.36193846958134623,424
827,0.4434835359619489,1.2683887783704801,0.8827706293810152,-0.03426228887100744,0.034373219090836994,2.0795148799247904,677.6931353220007,-7.096338896727989,2.885897936743366,6.033999236824887,-0.6047629060182914,1765.043940880601,1523.9679613733078,-0.1085406107906709,-0.13488025795164324,423
828,0.4437045335143068,1.9287747635644061,0.27207529294560406,-0.016381925894503994,0.02745415682374482,1.6634940819801967,657.1685139088805,-6.743206178562787,2.976015231391202,5.771436498546459,-0.6349177898279227,3170.2982723817313,1882.42033397411,-0.10804241302508549,-0.21976266600244637,422
829,0.443773277651002,1.272866311224139,0.21973792157757338,-0.040347432347555945,-0.04553156018333562,1.87251630226032,717.6241239531726,-0.4883221087587174,0.5881227430927489,5.770286044632514,-0.5123917327582364,3401.8592631405863,2018.941035668921,-0.10788749278716175,-0.36193846958134623,421
830,0.44379385213248834,1.1870956262157573,0.6473345602735419,0.04951089833617078,-0.0031773139891039534,1.9779129632991068,679.979133249132,-2.970803019794249,0.2937685964850378,5.765739529677142,-0.7635686408983167,546.7795284374561,963.6996144572996,-0.10784113126521644,-0.7187449729767704,420
831,0.44388453223577895,1.080940633831331,0.249884147364477,0.025826253694835863,0.020795461772240925,1.9655588492853378,710.713844847002,-1.5074021949705028,1.9992067930428077,5.856932841286147,-0.5381737760856724,4666.246836622499,2620.376675178022,-0.10763682280125964,,419
832,0.4439762931013234,1.2878497975569418,0.5419648792512548,-0.015395734079291328,-0.0031075993191939147,1.2760361958172088,672.2513420793114,-7.654188053345371,1.7441727785768686,6.167580188259503,-0.767188970626679,967.7711695726586,2742.9004154003655,-0.10743012178855235,-0.13488025795164324,418
833,0.4440197066524553,1.4053206428695066,0.20355508541184666,0.03165903194723023,-0.029646753418603393,1.2234227622238623,508.56685244704175,-4.748366467007031,3.0764452977356913,5.891445225133323,-0.7273725529005521,3501.6533658233525,2321.683636434066,-0.10733234307967124,-0.7187449729767704,417
834,0.44417340792211285,1.7198917595960976,0.7482200144283915,0.02631949054082273,0.03274157243730018,1.7730124855409624,652.346146778217,-4.280497555131371,1.7133386809351399,6.088779814353509,-0.5779247300030865,4468.2196850751425,1977.0622760864812,-0.10698624431201612,-0.13488025795164324,416
835,0.44435716521432916,1.8168960407391521,0.6413774368706565,-0.044654486165309544,0.02167601832041361,1.4202966546643094,712.5426720388921,-7.700801523325702,1.3215166667426157,5.8877101774407485,-0.7330934710525367,1146.5699002784265,3777.062419060489,-0.10657262366599657,-0.36193846958134623,415
836,0.44450189330297835,1.6372447645766777,0.1366165310042645,0.01807830228487388,0.049195066456625566,1.843674715818501,568.8829104106728,-7.918627403943688,2.9850196591559444,5.634151337932011,-0.5012463039102943,3573.917479111102,522.1595788471022,-0.10624697453515503,,414
837,0.4445610279871179,1.5924659264899068,0.1949976267712776,0.03361876871721213,-0.04077245246611175,1.9629805895145869,788.274106432755,-3.46435380176244,2.367549914597944,6.141301624605293,-0.7081245400061084,1472.548762613009,2650.857218808725,-0.10611394754052567,-0.13488025795164324,413
838,0.44460300759580784,1.3525939107020528,0.47863060251916073,-0.005419163667022811,0.024594102490863006,1.6238826517691083,258.53940701477006,-9.594969906393013,1.47033857034244,5.8701961311438975,-0.6891934626315266,4698.105751416181,881.4510465066475,-0.1060195226491677,-0.21976266600244637,412
839,0.4449421060887066,1.194533223260182,0.14671222676498963,-0.022835442914828467,0.013425327631535144,1.689108702269439,145.540586472528,-0.3354572717849703,0.017849698083392766,6.005393291521774,-0.5420390726988217,947.4643125944574,2354.2597846552435,-0.1052571138537248,-0.13488025795164324,411
840,0.4450311420586244,1.0413564261401071,0.7572366288112224,-0.021856417230856462,-0.04122268658976402,1.0033132532781581,769.2420103694924,-3.490796587813292,0.3007581426781668,5.837347725446759,-0.6468685511044671,1656.2876130382576,3489.797783665559,-0.10505702700751812,-0.13488025795164324,410
841,0.44565659811774777,1.0955135888285494,0.8065872242863513,0.04213813162624233,-0.032546324558599626,1.0595293655972224,615.4520819545236,-8.785490367279184,1.2810513679995976,6.095114782999682,-0.8047689514322659,450.207671065713,3617.1311099965724,-0.10365259280743491,-0.7187449729767704,409
842,0.44581180145385185,1.120726140323577,0.15213167872649858,0.01921341638747019,0.026810182200117015,0.8790495813971589,794.4764359579536,-4.854211872713642,3.115295366421594,5.586676858429654,-0.5827333293941139,2000.1795162543626,2266.4258212052823,-0.10330439574796513,-0.13488025795164324,408
843,0.4458392660623839,1.744544843873111,0.2709402868423196,0.014880099455872172,-0.03205398190417955,1.6137136714352331,468.0566825017582,-7.658922442435546,1.9623291947482615,5.757698757079913,-0.6956440520107394,2078.2141259991813,37.369320935736944,-0.10324279180995732,-0.13488025795164324,407
844,0.44595464842046584,1.184377226964729,0.1683110718543716,-0.003286777093804841,-0.040085266149738785,0.761734656141453,696.1096065114994,-0.7722559234803054,0.2993566337084725,5.91807875285456,-0.636892453552795,3287.057501779946,2021.382476512409,-0.10298402718542549,-0.7187449729767704,406
845,0.4460449707070125,1.6986435220729725,0.9924546152346136,-0.025881719245549373,0.0036217188674129482,1.3463813240483844,592.500958690724,-4.8994227081166635,2.9883916009083213,5.818749728903788,-0.6194257397174554,679.7285242162318,498.15405329321493,-0.10278151076072542,-0.36193846958134623,405
846,0.44630000092217087,1.1801080109853417,0.15195561465874424,0.02653988757714101,0.01172352725419721,1.0786434602157853,647.7437755730073,-8.142004051362573,1.898417527669556,5.845347311582288,-0.559812844933643,4273.711607810499,37.50547793519101,-0.10220991517779277,-0.36193846958134623,404
847,0.44650186936170366,1.498665462907974,0.24663530906262082,-0.0009396349891849158,0.010436388431818376,1.449610019467381,324.0805167160187,-6.816000360223087,0.10790488597779957,6.1032862289653576,-0.5453284867599598,905.8139795968523,899.5564313508345,-0.10175770187115613,-0.13488025795164324,403
848,0.44679645536844736,1.0225892294169052,0.7573071083068812,-0.01637414851526906,-0.0007552185297537775,1.7897418568002392,502.4081950959175,-7.943676152707166,1.2288763770617406,5.8742373765893365,-0.6890174389737679,2496.7871731517534,4851.406897817643,-0.10109815508985562,,402
849,0.4470962031622798,1.5211786331755308,0.16259492200092115,0.045893422518322693,-0.02638938307437262,1.5881612793177655,306.4882911380968,-4.670626041460415,0.3808989292906436,6.2571930341810695,-0.7023959446964698,1773.0499025936908,2469.8476715243555,-0.10042749781976146,,401
850,0.44713094113256435,1.4368126573212243,0.21268376006140222,-0.04201178554517966,0.01363891508384395,1.888884291580909,596.4398210085683,-3.490681660308883,3.092002761476882,6.041502936316528,-0.8684044386347606,3835.6436258761746,3742.9063729737104,-0.10034980397980206,-0.36193846958134623,400
851,0.4473409229505613,1.3291943309314793,0.166156762980131,-0.04321925161219027,-0.024296760696439677,1.9717606056057815,615.9967091487267,-7.12992101608313,0.38059025471402563,6.244873026475993,-0.8323720926230509,970.3044031530926,2414.0105915931367,-0.09988029380223773,-0.36193846958134623,399
852,0.44744118295593877,1.4057172527540356,0.2159296854436253,-0.009108404049129243,0.0013010834395072654,1.4784765512828852,680.5369434260602,-4.960255855770756,2.9479026097497436,5.557688175965751,-0.5916523865566334,324.5378536321541,2025.0056850196013,-0.09965619453801333,-0.13488025795164324,398
853,0.4475942392076926,1.601897914467167,0.409030917144377,-0.03093969569523844,0.01747522794843987,2.4313567530980795,488.29114619634305,-2.3052809030150416,0.5254753790716951,5.995283994760741,-0.6020006299143055,3297.357188431287,998.2932387223077,-0.0993141829271802,-0.13488025795164324,397
854,0.44773378729215707,1.20285313114609,0.24685602708588056,-0.01712235980395782,0.044200818306660845,1.5772031357983007,573.016777275915,-5.422984956257052,1.0002113522427016,6.134619476755001,-0.6758047448530421,4648.272129139747,133.09598273790803,-0.09900245788008691,-0.13488025795164324,396
855,0.44776387144613955,1.2113057581428583,0.35776871968270924,-0.0002405708965155425,-0.0019249062146601747,2.0618063883638102,497.4738151494772,-7.132190996471879,0.8304523538483176,5.946629218552458,-0.7258287883834256,651.815717653063,2315.549220629588,-0.09893526808080289,-0.13488025795164324,395
856,0.44783576328453895,1.398726267193175,0.27169708280731597,-0.020521269853591546,0.007582983653078247,1.1038247225575557,771.4228519545544,-4.654134561455225,0.07348713303720622,6.022558498990148,-0.6247926651175074,3385.4016643706414,2697.7819419052453,-0.09877472348979016,-0.13488025795164324,394
857,0.44792850818340296,1.2205317533987141,0.3446792665188704,0.0152401183116067,-0.026944989513345986,1.840139717082985,467.8815757802812,-0.7502112818096358,1.5738469220659237,6.1281237896416165,-0.6888729788521184,4040.9084296221367,1490.4495189897677,-0.09856764914630342,-0.36193846958134623,393
858,0.4481229229463214,1.016581145729925,0.5208103586713391,0.00419397426327687,-0.036951529559483325,1.9581886361386507,223.12409621134523,-7.79354233362009,0.7990036675405642,6.105526521373363,-0.6844864863498837,154.88201320100825,1456.3290431380187,-0.09813371252342296,-0.21976266600244637,392
859,0.44839246819454354,1.6505515838238354,0.13184133206881257,0.022151299778609645,0.038244999360940314,2.010288276966862,360.52239463419835,-0.6825520826975687,2.90417796271401,5.882042034422864,-0.7747188711550217,3645.382132735756,2272.675600470107,-0.09753239489076071,-0.21976266600244637,391
860,0.4484765208192298,1.3800623251334008,0.25174724001893334,0.017274971395948288,0.015402546442921938,1.5237802855848954,600.4901116424737,-1.5184162684603848,0.5391490978397693,5.711881842810573,-0.8105652761163556,1261.7141547555666,2423.074810321342,-0.09734495920960815,,390
861,0.4486185600419254,1.3189980995953292,0.19354322939287005,-0.009960681700144807,0.035940322042423464,1.6894366860750976,713.7080996542132,-8.302877274551285,2.3260509839914145,5.852772238447141,-0.5453352181431869,720.7103026063736,3559.4855852619835,-0.09702829439462524,-0.21976266600244637,389
862,0.4486507360209702,1.8974982295906828,0.20667356320706598,0.02060398494426258,0.01696638840388133,1.5842011083435954,576.7947168464605,-9.328032205870965,0.38628251651081025,5.986526615519311,-0.640729742883799,3623.4043765374927,4824.711065952493,-0.0969565746128524,-0.21976266600244637,388
863,0.4487087230985953,1.130858586092224,0.30918561528807714,0.0350920642650354,0.01892221542277628,2.7818058931950627,795.1636999780454,-2.0913286201088255,1.8022672430580429,6.263859337257197,-0.6622793948233235,2186.949772605967,4415.334001987343,-0.09682733526040999,,387
864,0.4489685991970244,1.1691336775657064,0.5844894111730722,0.01909102581888862,0.015000118818216612,1.5703576088936368,643.0937476620886,-1.8582637251746839,0.39002908546500836,5.982458052487303,-0.5962665003912405,3124.19200870816,3116.904769153259,-0.09624833855587175,,386
865,0.44909570686919886,1.181907553165481,0.16819809192696716,0.026700433566585798,-0.046984070433719695,1.057684814917956,680.7992961620924,-0.21926515928255874,0.2091263969466718,5.9411182594717005,-0.7837002706359724,3399.3823958544003,2826.286530515463,-0.09596526824082538,-0.7187449729767704,385
866,0.4496591623061895,1.7228744941712628,0.8166853893625948,0.019159930422120264,0.003174491683358494,1.7006043853149109,380.7082459266252,-8.088578661884716,1.587350047988793,6.232511537876234,-0.8162655707561434,1842.2229988891324,4683.7857996384555,-0.0947114101975336,-0.21976266600244637,384
867,0.44981767139633316,1.4888447884023304,0.9155054246164176,-0.03269615302011309,-0.02310601178424429,1.7180835087015442,434.4445221850346,-4.71281123573559,0.2516776494411684,5.798769764699387,-0.6310418468039514,564.907783879776,773.1921404827756,-0.09435896289518507,-0.13488025795164324,383
868,0.4498563233303828,1.62214342053186,0.2001702541371597,0.01702123367483828,0.021009021379567838,2.2829184180526,332.4695453397443,-7.291821518952949,1.8006189271544784,5.837626313575218,-0.5709429171429199,3073.032075445413,1900.7176447099478,-0.09427303858415526,-1.8600397697631286,382
869,0.4503766166444942,1.9947063161513872,0.5680697968423853,0.03188884435086346,0.04597488344341574,1.543639307140508,509.47796885290126,-9.629198489567106,1.673745380023517,6.175676328214207,-0.6462983955367253,3954.279219428213,4987.216651121338,-0.09311713026546015,,381
870,0.4504373470172777,1.460139630268026,0.13751070314292269,-0.012263771659553273,0.007227261521953594,1.2489823675069,579.3329735339576,-2.577794104096382,0.6259419303211717,5.907736574672039,-0.8080067524363554,2398.113709018951,1951.4986947252792,-0.09298229582616663,-0.36193846958134623,380
871,0.45060339398012983,1.0440736935200758,0.16740702303793784,0.039360222487368576,-0.03897608001319585,1.5995102130799133,329.8638332139535,-3.321264897892821,2.941068430772261,5.935737248093182,-0.5475018181406269,935.3702113043468,1777.8192493204347,-0.09261372877436011,-0.13488025795164324,379
872,0.4506368543540634,1.5083791381509262,0.6035127299249013,0.02597525505430944,0.028405078241756608,1.4276502891309923,398.0790074283668,-6.64603084291314,3.0831409244739514,5.925687314366823,-0.7061310043372985,4542.564314600507,1163.9248886659168,-0.0925394747139002,-0.21976266600244637,378
873,0.4507052502535089,1.617100457982987,0.2626247567546696,0.008883712563528146,0.01399762546279215,1.8221815385138953,565.7305441140145,-3.038523856672146,2.8182339284122637,6.156863237976997,-0.5726994969544897,4500.182690617887,4237.836764758929,-0.09238771014140862,-1.8600397697631286,377
874,0.45071802476964795,1.2527146184612916,0.16517956094986114,0.02237423885753556,0.04219564117123384,1.614531622687974,612.4918528956359,-7.76173104322784,1.2391076725647043,5.944782318857957,-0.7022833717404202,1095.4688984023592,2872.7209397357656,-0.09235936714978793,-0.7187449729767704,376
875,0.4511174716165692,1.4892431280498306,0.14312696665157076,0.04284578951495098,0.030575903613375095,1.7629666714981314,766.4482720856699,-3.4825023262465464,2.1329705536963823,6.209098460894908,-0.5007223952507956,2241.4002190698857,364.9228501088346,-0.09147351407647536,-0.21976266600244637,375
876,0.45125110129249674,1.3869598477330327,0.328529736677003,-0.027619875913522187,-0.007949155755382974,1.8212182429963164,594.8469655488041,-2.9923244957016704,0.3595805307169059,5.772694003864913,-0.5745754010342385,1803.752159348582,1998.373954638629,-0.09117733869778188,-0.13488025795164324,374
877,0.4516815897714389,1.2150393222288671,0.34050584997248035,0.040699402570240246,0.016542372870197494,0.8623503784931034,792.6625055417129,-1.5269436511192698,1.2601128841501563,6.2517197782167235,-0.606104719614667,1491.5938954120493,2037.7453054320486,-0.0902238046950275,-0.13488025795164324,373
878,0.45186838821623676,1.7402074377605885,0.3883293776772926,0.03363214552815884,-0.02474428722744748,1.7045968489397574,733.3327643724175,-3.9379190410142684,1.122399087742099,5.92503665998096,-0.6879232222549484,1174.9816254898737,1733.1734810061305,-0.08981032795988222,,372
879,0.4521221832567675,1.5669291998901778,0.8068751175539904,-0.016278626984360074,-0.015571408077975189,1.181902446465578,793.6253215470134,-0.15467838694835134,2.402151567331266,5.756199184976282,-0.42474547211872876,1670.5308635305507,242.98234753755833,-0.08924882863637146,-0.21976266600244637,371
880,0.45281903644737315,1.2044053367517833,0.8659360784976791,-0.02716829352553768,-0.02726499335889161,1.3429762003358119,542.9432839670416,-1.2346157301695908,0.6201978724358523,6.039014101069715,-0.5356492293098616,2279.853457331142,2165.273955645778,-0.0877087212500024,-0.13488025795164324,370
881,0.45283992104573567,1.6945591129808835,0.2288910913316581,0.005918413644847444,0.03799481359124464,1.6947076507289103,443.2676669273814,-0.12807192533773382,2.860939098122686,6.205650801458011,-0.6781496582532914,3013.8643506507824,2634.767419139814,-0.08766260102294494,,369
882,0.45285146253221126,1.9796540016236777,0.1822744100408363,0.04505486172540254,0.0019375305614477952,1.292787043051503,761.855830651575,-2.58081739811585,0.48232703416165623,5.605156715846967,-0.8583037358143778,1932.0075983025645,637.0380177408814,-0.08763711444621837,-0.13488025795164324,368
883,0.45301844928189455,1.410745720733746,0.1251651943533596,-0.01458942414953127,-0.005612293610904831,1.541369397049625,130.848941240991,-9.353734470836299,1.565992147725721,6.105797816536446,-0.7667625706172196,2523.870031383406,2020.716695550453,-0.08726843733395938,-0.36193846958134623,367
884,0.4530693667209523,1.038580963204327,0.18794516324906702,-0.026694459025574015,-0.015098760827995014,2.25118976290321,383.34132019468865,-4.5886464903868855,2.0161340780886983,5.981934461084423,-0.6068480971325684,1970.8968560117607,12.762356507865544,-0.08715604769975915,-0.36193846958134623,366
885,0.4531319981314657,1.044908806975208,0.18369508487405614,-0.03353212297520537,0.025975315258228462,1.1309826585590486,766.6832777198572,-0.7484614439859563,2.655186301737188,6.007698594350358,-0.7006548800795204,929.7200540933122,1223.932512793514,-0.08701781923747534,-0.36193846958134623,365
886,0.45334097506697074,1.7006157801097488,0.34019132590187395,-0.026445563808502118,0.010408741588005891,1.552739379784869,567.6595142344759,-5.285175594253079,2.9660361083453783,5.931887350488755,-0.849452750536979,4512.106811522537,4988.337915582317,-0.0865567421940782,-0.36193846958134623,364
887,0.45361314538713954,1.7555969481384048,0.3119590603015082,-0.021595374259883195,0.0015551634305553909,1.6285444716258277,753.9774265075747,-6.262561690681367,0.11220740768254503,5.2426306833491365,-0.7090359762255233,4613.829774762229,3184.505589929009,-0.0859565567553657,-0.13488025795164324,363
888,0.45365570459192395,1.4047278706236859,0.2728894552530442,0.03379695820722718,-0.04554309789600484,1.2494145394985203,694.5668999703081,-3.042150306237303,0.05075038901639714,6.030628946608547,-0.8316513512764591,2887.404874802863,2189.983761722082,-0.08586273846801167,-0.21976266600244637,362
889,0.4538773865223766,1.5183038179979294,0.5055522549120786,0.036303465042315075,-0.02632497287242398,1.6320704242628126,719.5219648371842,-9.69138005085508,2.764898076926568,6.0481208244975555,-0.8035460105509881,2570.5469689974043,143.6812157294802,-0.08537420105368045,-0.36193846958134623,361
890,0.4543248855827747,1.3901675516224798,0.7307753655234954,0.029888969767328646,-0.033585946423748306,1.517492152448732,578.5789882134667,-7.454930152065109,1.9473588628067962,5.934380640538994,-0.6449010571585901,1747.5935296896228,569.3171643538974,-0.08438873975202715,,360
891,0.454392902660783,1.1429493768872867,0.5889890353854058,0.01450038751993736,0.017953456853516195,0.5091249561756639,758.88314866282,-2.550774890947105,0.6756077144728894,5.82277160369064,-0.647463238693664,3826.434129317896,1011.6054573748479,-0.08423904073877025,,359
892,0.4544282791581959,1.930415029195977,0.7020095914798236,-0.024546029561526763,0.01656894713875443,1.2952871255487868,610.15615331946,-2.909385561268584,2.91676562314712,6.2224167290480485,-0.6809610260524492,420.5342622237125,3950.706805603324,-0.08416118934590339,-0.13488025795164324,358
893,0.4546827761312947,1.720696147968926,0.500439963773807,0.026616301788634084,-0.033406748360265304,1.2500185226841258,547.2151298039162,-8.391048166278063,0.5280638093062189,5.837607709684722,-0.5469161618636437,3668.9532688178347,4298.067430001091,-0.08360130839788504,-0.13488025795164324,357
894,0.45503239992674943,1.1830500357012832,0.15084806289096586,0.03392322287724843,0.012280584243797483,1.9076579344892064,798.2326634312246,-9.436172285820033,1.1735763512991322,6.063048147013598,-0.6168718725234501,2720.67447797543,3728.1328150843983,-0.08283266383335287,-0.21976266600244637,356
895,0.4554476639999984,1.9861774006974073,0.17185948161484982,-0.030097928016518435,0.0061497506732921745,1.8832825590953863,748.4075938965996,-8.838977860638817,3.126578507182601,5.879996085030389,-0.4995930979968334,1869.5702378481585,4332.948160587612,-0.08192047669491612,-1.8600397697631286,355
896,0.4554630217976871,1.2742720709924482,0.6077694361253004,-0.038687708422983344,-0.006149395993757485,1.6859981645749675,499.4836083838883,-2.2501906767770423,2.944411553069046,5.749682550721021,-0.7720489811926379,1970.736523069849,3482.6282616390185,-0.08188675703850312,-0.7187449729767704,354
897,0.4554796487080087,1.7665604089628582,0.9911679250557438,0.0039320173879357845,-0.033359951238736536,1.342159369221523,684.3363187567015,-7.545843678882285,1.630096413724717,6.020015021911381,-0.6547285870555835,3498.022532865234,3382.3087519161886,-0.08185025219389237,-0.13488025795164324,353
898,0.4554893587947089,1.3910612219165943,0.36794247969851107,-0.04872684690779941,0.010097789790081156,1.795734339811733,272.16802689020494,-8.903911447178604,0.10932209649839184,5.74876223643232,-0.6050493115265482,1967.205968879856,849.3047078351524,-0.08182893404452046,,352
899,0.38730995807434115,1.5165636292930789,0.41927360674360803,-0.016937151613614473,-0.0033025504973589574,1.5912081922223522,478.516231361173,-4.21482301138858,1.0824525419296647,5.856407415528228,-0.6970963877136294,80.64047713059529,3456.084561902149,-0.0818092363468535,-0.7187449729767704,351
900,0.31914877040716366,1.1233051478502067,0.6530802478973455,0.03901896243311538,0.029357352016643787,2.3436171737575813,654.8660395559846,-4.3342011808567165,0.98173959681862,5.911415334191076,-0.9089239126311385,4903.106487150278,1117.7558463291825,-0.08172405227707247,,500
901,0.3192220614793578,1.5235386320535356,0.1781748793019144,-0.03082917267387701,-0.016621369651183774,1.8904088827397958,689.8637860987747,-6.22471483206572,0.17120325829051816,5.957872465721818,-0.5617604080496438,432.070439777401,451.87858232414374,-0.08149443316266225,-0.21976266600244637,499
902,0.3192398814990435,1.1872422488346848,0.22996229403135626,-0.02182025378014637,0.02244139240032527,1.6550588590191937,589.3029603771063,-8.0514887628192,1.8814389914029128,6.0349098414951365,-0.6872972237876298,460.90512740298664,4250.310871190008,-0.0814386114496293,-0.21976266600244637,498
903,0.319261166537823,1.275699657013166,0.1532171943486777,0.033485455717832485,-0.008093973012041396,1.2401105202747125,530.1613485259088,-6.6281328220018985,1.7886243333843241,5.677330748537147,-0.5506104862921248,2778.987865778553,3547.1768254188764,-0.08137193955034588,-0.0818092363468535,497
904,0.3193167113808901,1.2007974437002658,0.40671980333486,0.032185497061284825,0.028009730298148103,1.627994021974421,254.2855719862147,-0.8423369778030116,1.5787933924684372,5.814120845964636,-0.7021405660365855,2586.061681846277,3977.24669828094,-0.08119797535540937,-0.0818092363468535,496
905,0.3194620989389466,1.190446335416563,0.1283440967205372,0.0016091132060726948,-0.04570662792133257,1.9164804303340806,740.1460278740899,-0.3703146222901226,1.8185221894845887,6.016411101545456,-0.6870460171527735,3451.9898519444964,1046.925152814441,-0.08074277064854532,-1.8600397697631286,495
906,0.3194929130379566,1.6092699195893476,0.7484083659743387,0.017585323755175478,0.008262687795627732,1.9929375013896813,741.7825101022798,-1.2784993513296241,0.040269802724866466,6.196535065871342,-0.6509230660104172,3988.4994109118675,989.0501720374868,-0.0806463191036434,-0.13488025795164324,494
907,0.31958363053354877,1.192741893274104,0.2275291259074271,-0.028885144928532523,0.03307736922644098,1.7512321674241818,385.6064011332247,-0.11159056854977949,0.6773361063207437,5.729275251903888,-0.5344104044374144,222.62614148038128,747.1112059697317,-0.08036241728586585,-0.0818092363468535,493
908,0.31963592182385003,1.4896003395548145,0.48613706455703865,0.04028897731072088,-0.023888777600728963,0.83660855972157,590.9021840762399,-2.087797092761874,1.9891743536673745,5.873493470737529,-0.6887399008854006,1102.747185246995,852.8500547700735,-0.08019880748940422,,492
909,0.3197018389412832,1.7900743331330071,0.53616400819776,0.016028646586654434,0.01862322592526118,1.7621736902602494,637.7810954533329,-2.8006296644487967,0.45448409988181043,5.632713234422463,-0.7096293396514649,1988.1128917905364,1941.3045667681813,-0.07999260312699029,-0.21976266600244637,491
910,0.3197705061180701,1.2456787591954595,0.30078016610806324,-0.02531040260839913,0.03674530529052614,2.1156209568673283,713.0122525633252,-1.4833091775185654,3.1066501184787088,5.931865609385704,-0.6934528508420162,1762.1412912300316,2629.316006058374,-0.07977784113593467,-0.21976266600244637,490
911,0.3200819066660676,1.728478649789842,0.20991519817176135,0.004467606066692493,-0.044936030865339885,1.6451600694392803,177.17244208845406,-1.943964334470532,1.7596092381958264,5.677452911579297,-0.6279289336615226,1865.7705697714246,712.4687824108246,-0.07880448988686493,-0.13488025795164324,489
912,0.3200919514146571,1.1028843878104928,0.13111509715064115,0.013652157394856892,0.024168502739598273,1.5930766600144168,773.9251921645272,-1.7354960701181017,2.4308015313386977,5.766977377009525,-0.7108791740387611,4071.698215165905,4512.834562522115,-0.07877310857231855,-0.36193846958134623,488
913,0.32043783850022906,1.4860295235371692,0.1764726722897442,-0.018891878402332935,-0.02974686285936976,1.1163894045317864,586.2517998537094,-1.4755737981998847,1.8476128178280264,5.966146359545232,-0.65819021413118,4206.239581841552,4654.703292256708,-0.07769310534800672,-0.13488025795164324,487
914,0.32047303395272564,1.6648872770479017,0.12681650608799966,-0.018051345908852136,0.009117832841518844,1.894862400771723,667.0865214894627,-5.334383531577991,1.688521387968668,5.763437121545414,-0.6213508140175779,1187.3007326942254,4330.3465194177725,-0.07758327587237568,-0.0818092363468535,486
915,0.32055119343877675,1.4911435113705152,0.15353911024449582,-0.01913173816879457,0.020101177081965304,1.7598505902647166,339.9173660903407,-9.25795286026843,0.22253011252926871,5.756567299339925,-0.6646195361626249,871.7889762535608,4878.395917207899,-0.07733941773694872,-0.0818092363468535,485
916,0.3205545592250201,1.4204765010836846,0.6062532224214818,-0.038359760432872016,-0.017592640757114045,1.297489120450879,529.1068407013647,-3.077635339984024,1.5064045248433633,6.0155530665865955,-0.6929894472358751,2888.7257345022476,1352.7432683724428,-0.0773289177960377,,484
917,0.3207718597319491,1.2214956973401832,0.7900568838571229,0.004458737055209111,-0.01614633533404105,1.8403313718740895,335.88999366840955,-2.6336531995922425,2.2924162315787355,5.99076524588396,-0.6531635835663859,1994.6563059672828,373.65370633457803,-0.07665125815557539,-0.21976266600244637,483
918,0.3209794372570659,1.4394385979250721,0.39684432290689375,-0.016164909699522043,-0.01871114976545003,1.6506181558837374,592.2637106255663,-3.0253043547667837,0.2726478234250348,6.112120084188496,-0.5332432322346106,4736.137065365774,3769.0213218004856,-0.07600434857134503,-0.36193846958134623,482
919,0.32102023834488824,1.4955745306828394,0.3831518582503406,0.0040706821299865675,0.015894005748446266,1.5240051150258482,335.0487216371043,-0.7543303935403843,0.330887138994235,5.717257104925398,-0.6226787367006043,4573.738043825373,3896.5415566166066,-0.07587724231430482,-1.8600397697631286,481
920,0.3211775308766043,1.663297131872493,0.16904757376634894,-0.014818421878820914,-0.015394836885549216,1.6907172623126356,591.3073902771438,-1.473383197080705,1.374235345438,5.947472765283186,-0.6890479858330015,3338.68749399996,914.925272275154,-0.07538738531882205,-0.13488025795164324,480
921,0.32118840573459945,1.4537507910228813,0.4465750584486945,-0.01603703981339751,-0.023463454068087166,1.5752298859338763,581.8440888195452,-0.5519117673092049,1.4240861370116324,5.853655938776791,-0.7780670179743177,4906.326985415258,2053.7430699624597,-0.07535352655589439,-0.0818092363468535,479
922,0.32120983796092206,1.0055605113756012,0.2330749882950063,0.017295721416616498,0.0165045925797048,1.306676267025986,611.9323266308269,-3.561699966819248,0.41088939318751283,5.749125909336769,-0.5875682827304874,3203.6790182926616,899.686394845891,-0.07528680088683377,-0.0818092363468535,478
923,0.32121088802086784,1.2606048178929146,0.48302667378850045,-0.008198450270889257,0.004418282689478056,1.3780060702351462,715.1482162769147,-1.3923705033130893,1.2318998209463525,5.941014090501858,-0.4631294555407493,4172.643384913869,2894.0813615001134,-0.07528353181433758,-0.0818092363468535,477
924,0.32135373848633314,1.3076435636601103,0.6152002142554329,0.04518910855057895,-0.006291588854924392,0.9805414458949706,714.9115609688013,-4.887846279420358,1.6358744521813873,6.1318982814915275,-0.4706802236051922,3424.584293281958,1360.3924612479493,-0.07483890582049163,-0.36193846958134623,476
925,0.3213664833691496,1.1942905265637294,0.35504116039142725,0.030315298089855808,-0.023271357440203005,1.3633643640283166,633.2486642156637,-6.14102801063871,2.8492248912225797,5.92788496621347,-0.5803443584377093,3941.892640645309,3340.800865876404,-0.07479924662703683,-0.0818092363468535,475
926,0.32149696254792925,1.3766624761429425,0.3265446164824783,0.043060430613232434,-0.044659226046470206,1.2497675913080855,711.0673948923665,-6.025997838261708,3.0061527133708603,6.039156250309741,-0.8202635184751776,4892.970563710134,1332.0713850970562,-0.07439331537864774,-0.36193846958134623,474
927,0.32151291194348997,1.238380681020819,0.9691938214398487,-0.002261293472030111,-0.03507852245365117,0.8226563148613966,713.307857698205,-1.7145832892197879,1.6862613178239416,6.2408516274099455,-0.5939954952284907,4849.302891232912,529.8444158016873,-0.0743437068229883,-0.0818092363468535,473
928,0.3215712764389333,1.393079620512277,0.1499809080201385,0.02794880421292978,-0.0009839551667661511,1.279698910698046,707.4512955029932,-5.252555907050899,2.3820432163841376,6.028349495905055,-0.6145536890245092,4688.7437745786165,4500.493796195409,-0.07416219249987654,,472
929,0.32157684261375874,1.641573439934353,0.9159289042852793,-0.03435233223989524,0.01488049224568806,1.3862204416481134,449.7997087133831,-3.1073111777413045,0.16656326265551175,5.994427966812947,-0.7581462123947191,798.2386952066508,2256.6165982246303,-0.07414488334612568,-0.36193846958134623,471
930,0.3216162883812246,1.0416194304066233,0.29028260001733897,0.0006129919383330443,-0.03286768706962027,0.7027287870602754,365.5881099054929,-0.9442511318579957,0.4212654995243801,6.037835774347308,-0.655083125889632,2608.6096102211104,2063.904440530487,-0.0740222272864175,-0.13488025795164324,470
931,0.321675258276494,1.4375943664722612,0.2606220361917001,-0.026542750216229954,0.025099684983495702,1.2243703016805785,629.9853965262896,-0.3637264974238642,0.293779767668586,6.136101269891703,-0.6474754113154955,2306.3428454747213,2047.0195722999506,-0.07383888927820034,-0.13488025795164324,469
932,0.32171567723989913,1.5248904311727622,0.21705714588868721,-0.02345485511723494,-0.01073904261282007,1.034446737684562,566.5697602392171,-7.752900461842977,1.7117825620852418,5.923853058429907,-0.5649687513825812,4636.475782923987,397.89826872983946,-0.07371324571937826,-0.21976266600244637,468
933,0.32185184324209887,1.8320470279648255,0.39911801463244545,-0.013107102844236895,-0.02664305172931953,1.824292557328356,731.1512794357318,-8.013494771379262,1.7673469309203536,5.760224880539325,-0.7034907517963603,1860.8739800371013,1020.7583324319185,-0.07329008575592426,-0.13488025795164324,467
934,0.3221884334501951,1.201300460552041,0.37691733230168184,-0.004008063236290145,-0.0045891854492477865,0.6760516100407932,777.5339176851809,-2.5880185322131055,0.6987287715309203,5.730341929867237,-0.8023539534609656,3894.5651865570485,4250.731338009745,-0.07224483982666419,-0.21976266600244637,466
935,0.32219068736455,1.4423243021469991,0.1632731842562315,-0.03157831344568911,0.026137261058459742,1.6456950952377198,176.1169549733816,-3.627608716215679,3.0815853312915147,6.059750481779237,-0.7625212125315255,884.8841313259344,2431.1508187375352,-0.07223784421092605,-0.0818092363468535,465
936,0.32224039621838907,1.352352302563675,0.49865077600868424,-0.022486129255647115,-0.024559138783959916,1.2139625155877882,652.2502332730364,-4.378553676428216,2.2808708351215716,5.746354345559209,-0.5927645943252524,2820.1610984276954,4165.004557923801,-0.07208357215542782,-0.36193846958134623,464
937,0.322292540221019,1.003165654408971,0.9430242912476301,0.033732936995169625,0.00982718413633762,1.2225344231377306,272.9381453262373,-3.315901632880785,0.5771840987467876,6.028703323760655,-0.8263017843821248,2864.1407377170467,1883.1902617883418,-0.07192176815821294,-0.36193846958134623,463
938,0.32241370428391125,1.8707291650161202,0.14879084330996686,0.023601627441858244,-0.02746713847431328,2.0411951318801482,683.1438671420544,-6.288985543058525,2.5911102570178057,6.098190052616835,-0.7136502616965166,4412.049764121365,1646.3968002176534,-0.07154589444723197,-0.0818092363468535,462
939,0.32257053515494877,1.9284408609339083,0.20555300452496908,-0.0339666809471033,0.005535379603100461,1.604592736551549,447.4653848248879,-2.875783166667826,3.0621228930861126,5.84481616182311,-0.6522435082611572,3572.714607956653,108.5223236690274,-0.0710595852800664,-0.7187449729767704,461
940,0.3225919952810427,1.390811986097435,0.2425530612016053,-0.01343383132619217,0.04832055701671713,1.4826292644218046,294.1767596596588,-7.529905997594819,0.06809895749756403,6.04999105499211,-0.4762924061787709,1066.971807930319,123.31788793579857,-0.0709930590170164,-0.36193846958134623,460
941,0.3226169798054239,1.3560707845348587,0.6417057190170659,0.009785230578584339,0.04396925018614699,1.3778902657441714,633.248492061224,-4.625182502885652,2.8759936551224117,6.013265083625194,-0.5275507129484754,2037.1287107475666,1842.0363525426064,-0.07091561271564772,,459
942,0.3228007602442232,1.4546200811236083,0.12578018780048467,0.0171779668815579,-0.01880739414917483,1.6062125891465735,685.1449018564568,-8.389671214456964,0.5750518794280413,5.87944343877785,-0.6836504423105232,4957.639387840005,3380.975193718212,-0.07034611971174501,,458
943,0.32281668799381286,1.6472076950124614,0.22550901428991457,-0.03997241655224451,0.04580952474859182,2.146367027365931,686.693817982732,-0.8165228532542401,1.7982172722870626,5.971871468388722,-0.5388774171537394,4803.12944364569,3724.1475310449528,-0.07029677857436312,-0.36193846958134623,457
944,0.32284829475735943,1.8421033161793945,0.6684291691059232,0.044771109031399345,-0.032238380626033236,1.4641945819834898,535.1729813378678,-9.044222814799213,2.8443015046572966,6.226734218211043,-0.6564085472840073,4806.370581498561,4037.0987086695945,-0.07019887404366847,-0.21976266600244637,456
945,0.32292791670456,1.5982723812099515,0.14955436174437925,-0.01562717519317134,-0.03720208625112352,1.8097850223602596,752.2848728879545,-9.855114967413321,2.1642496557376654,5.786791293906716,-0.4938244978995833,2650.911867211925,390.0955878812105,-0.06995228104070322,-0.0818092363468535,455
946,0.3230167624256212,1.672883407191667,0.9030408288144041,0.036805051638372624,-0.03611644644035124,2.1268095669158473,752.3330310826044,-1.580071574377449,1.2757631916883247,5.766728177050524,-0.6425550021866774,2240.8289460471274,649.912711886812,-0.0696771933296515,,454
947,0.3231545308330888,1.7963794156730082,0.8971036281410296,0.0380600535188684,-0.04639136182742406,1.5008954287730945,179.83740328191993,-9.186700516109784,1.5778773276889864,5.9693257633917085,-0.5428155793087083,1549.0002755879448,336.5038666194269,-0.06925077881388063,-0.0818092363468535,453
948,0.32316877474930633,1.819065884881344,0.3721567287012829,-0.004634844260805025,-0.00028306628059003927,1.7618349055198428,770.2187731457683,-4.867872027142617,3.061480874125105,5.710171653645542,-0.6973140784597989,1320.3308261249822,1636.3029153303485,-0.0692067020613043,-0.13488025795164324,452
949,0.32319573799372825,1.319495580201227,0.2792365472714935,0.0011727436660575136,-0.004666180206765231,2.0029792904072807,676.8575112607755,-9.013165851023997,1.488245546669625,6.081468791775571,-0.6590532886669999,2010.0059609012894,3689.242368057771,-0.06912327160099058,-0.13488025795164324,451
950,0.3232370714542645,1.4243035407667533,0.19568656802379203,0.018599206830387724,-0.005752085909361753,1.361225642969068,588.6126842332521,-6.210636556976035,0.3549308681965537,5.7108433549981585,-0.5024601386694887,3321.259038705603,2522.2599694796945,-0.06899538990929358,-0.0818092363468535,450
951,0.32331148920467373,1.7327304714884657,0.1258420551355681,0.0439447641907913,-0.01714592793682134,1.483159715972866,745.0093556717827,-8.867458165100203,2.7450403016262728,6.093112014251387,-0.48537587989527253,583.138327325704,2984.9864970989224,-0.0687651898739743,-0.36193846958134623,449
952,0.3235016765741025,1.5087646165536093,0.1624647049143075,0.010064086702260508,0.00613221116571205,1.9077095865335132,672.9611312351988,-1.1115033067905467,1.3777062614848776,5.911461742644712,-0.9172851048960801,4094.287459479842,3478.9254405998563,-0.0681771147234875,-0.36193846958134623,448
953,0.3235806709353959,1.2492258834661536,0.5659186561134778,0.005581196263869543,-0.01359325175446759,1.2384565338767861,366.5351410750581,-0.24935277114032983,3.1212187491855645,5.770328193540097,-0.7206404439865818,3186.2483706764433,1927.4387987626424,-0.06793295920919495,-0.36193846958134623,447
954,0.32360337577734016,1.8737485603000847,0.26126294088145996,0.03646767445815246,0.014742721938524977,1.377463356853503,716.7709939283557,-2.6051459489324214,1.776485269986769,6.020293773178991,-0.6835851699315,4041.090925303591,2936.8452353252333,-0.06786279418556865,-0.36193846958134623,446
955,0.3236561243997054,1.9261395825333327,0.15199939955043423,0.04897353499146429,-0.010343319530622053,1.4815514713263709,644.3460390979529,-3.261245180667494,1.537999325051652,5.653540576571801,-0.6842649409479321,3810.802115793566,1219.3133867687275,-0.06769980353814284,-0.0818092363468535,445
956,0.32379825932523953,1.785546372864011,0.15739792599933664,-0.0008493605947585627,-0.049130854022423176,1.3007056562916688,691.3248261455421,-9.318703473537512,0.378097202114608,6.003417244406635,-0.7473644914797491,4832.315423248498,3445.70080164036,-0.06726074580253699,-0.21976266600244637,444
957,0.3238892865242064,1.170323998284147,0.34150801334382586,0.03300899695928064,-0.0008496599438526113,0.9328726786261491,629.0540219969787,-7.629452014393274,2.6948129938470253,5.841814486871206,-0.7562806216416067,2060.013270657842,2713.9367207756445,-0.06697966212211476,-0.36193846958134623,443
958,0.3241460355856086,1.0476942054205391,0.16631762537711522,0.008666440158840721,-0.044374169978249264,1.8499622455990172,663.4234546710311,-5.609835994853983,2.8200568935463144,5.937819980053727,-0.8106580102411609,982.9159930846208,152.05645729690977,-0.06618726989886992,-0.0818092363468535,442
959,0.3243006013420755,1.4394138551136106,0.20063523549518078,0.03590841588820975,0.04048858521802321,1.9108859634794833,777.961670181907,-6.946494087267992,0.007412330853332705,5.967109850114169,-0.6870230034294088,3270.206642703934,1893.6442669760004,-0.06571054367164393,-0.21976266600244637,441
960,0.324323638932361,1.5193716924644913,0.13391459971862213,-0.0008112622054852418,-0.004370260814889795,1.6569165977423277,446.6507939009235,-3.7086287451988533,3.032519095543136,5.830445877739721,-0.5198128824264091,2955.784146714964,2497.436736155394,-0.06563950842848763,-0.7187449729767704,440
961,0.3247612875686521,1.312759293920696,0.3534058819193394,-0.015836690795341574,-0.04246089007965145,1.7350498710187732,722.0295476467769,-7.751523640912701,3.0076278623488277,5.858043666909651,-0.9848566989884825,285.3286209863705,3180.8064972929915,-0.06429099859643614,-0.0818092363468535,439
962,0.3249439554721007,1.6912119389293774,0.4901739577067587,-0.0033948656142307634,-0.04947476829764069,1.221585891632852,786.7438113904233,-8.298951990119642,1.7348160838323128,5.847507009073696,-0.6683301989608909,1896.7621449847197,638.0303651870802,-0.06372868850207586,-0.13488025795164324,438
963,0.3249659901058295,1.3106067844947482,0.8047827678690863,-0.046102100165892196,0.043268800678728084,1.8668648649172956,742.115364245334,-7.017332170566829,2.8406295642376853,5.9112157511858285,-0.8234973935576008,1992.6570385265184,1261.0253128367258,-0.063660880234512,-1.8600397697631286,437
964,0.3249738452477338,1.6646114315973266,0.5779082557892894,0.01916518518425995,-0.02552508249912016,1.3399723151369334,705.2712219707514,-7.958452537165559,0.08056444708548618,5.991402199601988,-0.7493417115620047,80.98750851628107,2424.1624405348884,-0.06363670832979583,-0.0818092363468535,436
965,0.32499796618533344,1.408716259307791,0.3024355867183924,0.02488951932835764,-0.015345012167785001,1.5587362526166841,640.8547317161458,-2.2263357025793242,2.0283975122938123,6.266381418369656,-0.7171390336608945,4317.790566147403,1574.1698242649375,-0.06356248684145516,-0.36193846958134623,435
966,0.3250010883948377,1.9229994122797414,0.31170551080036013,-0.03947763741872001,0.01639483056335323,1.4971376497342486,516.2937021751934,-5.855313099746132,2.8128828323232695,6.161405864596806,-0.7237875262768376,69.36210389558642,2388.9526906065257,-0.06355288002895998,-0.13488025795164324,434
967,0.32501773964077024,1.0064069038907333,0.1668718210893359,-0.0283041197171084,-0.03700108091099984,1.2274795115539852,737.9197630615614,-4.8203528571435035,1.4429289435369066,5.819512799782863,-0.6115588639278857,3060.6812263051384,460.9012891802375,-0.06350164691011034,-0.21976266600244637,433
968,0.3251248212436711,1.366444359031821,0.18612490379387875,-0.03704801010382024,0.026018344351859284,1.634806976880665,370.6946933897431,-6.514425528009637,1.3446530676659132,6.109036914662243,-0.6308981974911432,821.798647172242,808.3127078236287,-0.06317223729959567,-0.0818092363468535,432
969,0.3252653885464414,1.950065134827854,0.27970193540627514,0.030503095500409933,-0.026664104503687364,1.6352209880339754,768.5712517333992,-7.7331533568055555,1.5173459278495303,5.6209962440947665,-0.6250644629711555,4441.361086136773,429.2390768124467,-0.06273998200781128,-0.13488025795164324,431
970,0.32533297537883515,1.2312114971151331,0.6092504479567337,0.027283603533434134,-0.010365000517190762,2.038922317062049,781.7736150136377,-7.056502170036708,0.2468727069523009,5.834150254863433,-0.44042684168038876,648.7628823268908,4459.27059214789,-0.06253221378591518,-0.13488025795164324,430
971,0.32534151882119455,1.2557802731227856,0.4690583298932253,-0.00028353609093960825,-0.02113805510858,1.2484168044402861,769.6393839599161,-8.621908630634088,1.8172235312414937,5.801566178968865,-0.5831275371109532,4173.29920971873,1839.3814521086024,-0.0625059535208886,-0.7187449729767704,429
972,0.32549907022836855,1.0853839892055812,0.17688904773504413,-0.013764095891606893,-0.002387173595784024,1.589703982910927,467.6970861227105,-8.674515074878153,2.0088632343520105,5.703063838663601,-0.5771730022892261,1528.7695340004734,4370.08454844153,-0.06202180605706986,-0.21976266600244637,428
973,0.3255330838017984,1.3091658152132484,0.4312434461665811,0.037609945613625614,0.04313136720141193,0.958404265771538,539.8123213179422,-1.220846838648665,0.7643914873035683,6.245410353083925,-0.6005976936244309,286.0378888971093,3408.9195931850213,-0.061917314832560244,,427
974,0.32573779297146016,1.7994763663863118,0.8355905976479142,-0.017974807023202297,0.0022262573658201456,1.43041481686627,476.83213471888354,-5.817262144118017,1.4565534113908332,6.110487812053952,-0.7087108797428748,4155.812829951048,4203.498361422852,-0.06128866956774073,-0.21976266600244637,426
975,0.3258896823310967,1.903215052428151,0.1450706240492613,0.018222311185587252,0.03631915078430932,1.5830341640653502,791.904876732484,-4.474475636822071,2.7733095733448496,6.059105911554195,-0.6153028544195841,2120.895349588199,4898.273478865369,-0.060822484920433434,-0.0818092363468535,425
976,0.3258963325479097,1.981811522873369,0.19183688083197653,-0.01510275097933271,-0.03394134884469184,0.9332778041216371,596.9901270483933,-6.545330228473862,0.5575609283265552,5.870832611759689,-0.7009353779059713,897.5863159326836,3750.8161942182,-0.06080207878504984,-0.13488025795164324,424
977,0.3261818993328544,1.1943353013347389,0.7998899395150721,-0.006506470499566555,0.04765242935821487,1.8531363982688944,692.6563962803139,-0.6856101353497243,1.4593356985528545,6.117744418366608,-0.6811502290809377,3468.804960307225,1828.028230792685,-0.059926212089166236,-0.0818092363468535,423
978,0.3262088822353085,1.3268527779438812,0.7612481111634083,0.02693827160555446,0.027512806679854028,1.6543825322881953,424.75412069094443,-2.1437802301939244,1.4636812408879483,5.919459559669353,-0.5884238100400055,1783.5773120105168,1497.8059156044521,-0.05984349202867621,-0.13488025795164324,422
979,0.3265177998252278,1.4158980742891154,0.8180373872054667,-0.014603574288028116,0.018443791135948566,1.9035710332120765,332.17571102029706,-4.379948749324553,1.5645009756529324,5.789786665326267,-0.8673485393067504,4440.917262169862,356.108043757283,-0.058896946954080764,-0.0818092363468535,421
980,0.3266549528911006,1.978393858495344,0.3005958633472006,0.029216168197961828,-0.04383088628917984,1.563728245770219,554.2041477330434,-2.326253510586403,0.14076387201511772,6.065048707009568,-0.6530046770806393,746.7657911413517,2960.3046980644544,-0.058476987403369665,,420
981,0.3266658438455648,1.2757501310195556,0.4237586059233054,-0.017119148020456332,-0.01332897250693154,1.4902543146167435,520.6597700718859,-1.336604568254208,0.42670156430669265,5.774196893839229,-0.6196521354325527,48.279673398792454,1683.9574162907143,-0.058443647107152386,-0.0818092363468535,419
982,0.32668279772757275,1.1649099106843568,0.9700837190317102,-0.04993679974505823,-0.04079732610829028,1.516893847975157,541.3463483805276,-0.30584703635154753,1.2904611414755716,6.03989766132304,-0.6496611240643939,2379.6368464693096,246.806469224643,-0.05839174868432563,,418
983,0.32682129189603054,1.7985886228485775,0.25157034217884244,-0.0013384063066490186,0.007817353355869791,1.6258162467647015,679.323525449143,-9.073382760502636,3.025828129385764,5.765246694643567,-0.4749967934620747,2423.1772150321704,4140.151790813794,-0.057967897716182396,-0.21976266600244637,417
984,0.32685238555884955,1.7693012092055747,0.7238582412435998,0.04489855343031328,-0.030709441064457128,1.699831422617183,655.5000366914383,-3.2771519501300648,1.66430330532093,6.0868723595063114,-0.5872463722368036,2250.741068156611,604.4794973991654,-0.0578727625932037,-0.0818092363468535,416
985,0.32687842963664504,1.015051213919551,0.5298360384684621,-0.042892564528441986,-0.024223969635305983,1.3572678682174308,650.169812443267,-0.49914485369582307,0.9861171515979815,5.873674779407478,-0.7896191778847667,349.3273833577655,762.2754534987197,-0.05779308429988156,-0.7187449729767704,415
986,0.32696007166643887,1.1832297790599628,0.6538516579365835,0.04628434560658898,0.04110536427761376,2.317256430959274,596.4467447145842,-6.0991381714714885,0.38167516600819706,5.9909910779857976,-0.8759191753072552,4449.794033402685,991.2984058339516,-0.05754335281399481,-0.0818092363468535,414
987,0.32696344043792835,1.2055497832267907,0.9190764434999187,-0.023380273818034866,0.048751714790774045,1.8435631693511842,765.1958358276078,-4.9092949686505465,1.9847827586202582,5.675403765309694,-0.7775829833035434,1359.3677288676718,3200.2899226882782,-0.05753304955559514,-0.0818092363468535,413
988,0.3269897059502596,1.6563731303811575,0.128897143113091,0.008899235050719446,0.014965752878773416,1.5951362090883066,478.8053708815516,-3.610662720220566,0.2758408260270577,5.860584307477333,-0.6075307913758562,1489.301150559343,4691.477610579835,-0.05745272113299689,-1.8600397697631286,412
989,0.32700061065006614,1.7981120132222177,0.1370159795473938,-0.04825197240141373,0.020567866014253845,1.6803783643240369,221.8620400075989,-9.021170023496113,1.5356838687760836,5.999307845560021,-0.6001987989370403,1481.3847614859437,3372.4360964642137,-0.05741937293338556,-0.13488025795164324,411
990,0.327015736646343,1.7827895367813664,0.13772873164584945,-0.009338360321477297,0.04682833620162224,1.0017424506804102,781.0637540497856,-7.447848102736351,1.5944214123805744,5.693659748316858,-0.7119022736518114,4685.675628383699,2248.502176155807,-0.05737311722027677,-0.36193846958134623,410
991,0.32708173867239065,1.049606152768038,0.28144388904370554,0.04476396883796266,0.00011365237011365815,1.0813025545737607,472.2831796086271,-4.2844567664241175,2.2634502928507927,6.038871807962255,-0.6399900162929586,3857.617548140522,1088.6860091153678,-0.05717130624013472,-0.0818092363468535,409
992,0.3272752176223024,1.1303935877215265,0.15140848933919096,0.02422539636216637,0.02179568159170482,1.7000731218203207,492.5025305989972,-5.77890522237994,1.9070377324056897,5.82494596359884,-0.6478975768338883,1530.7164390247829,548.7876862866339,-0.05657995024193517,-0.0818092363468535,408
993,0.3273263893448069,1.7407582246346442,0.1528253838664972,0.011084963076536586,0.013460038716840686,1.4252822901563782,289.1710652206267,-5.595052927143742,2.9666874072846428,6.172028687052165,-0.4890703817536063,4605.1072013541525,500.55136198479465,-0.05642360561327439,-0.0818092363468535,407
994,0.3276153336022683,1.4673635890291872,0.4643209610962581,0.04127123251510538,-0.008614937166036089,0.4287955749017751,784.5204098774294,-6.469219935532958,0.014257184528234736,6.0784923270690205,-0.7717082426586809,2256.468034288589,537.696999619757,-0.05554125450901415,-0.0818092363468535,406
995,0.3276291161088579,1.524110425633283,0.3411087402125301,-0.010753780137226734,-0.013029081805201797,1.7242153901610733,477.43933770173044,-9.32452772880356,1.5420629113715931,6.099974390485567,-0.7539670681103865,4014.914708261826,4216.031215404954,-0.055499186219558,-1.8600397697631286,405
996,0.32764744677581625,1.1983923041587925,0.8537331797125555,0.026362694525286667,0.04698948326240431,1.8679229053671054,762.9514676095309,-0.618977136695906,2.936124246376987,6.158678302071721,-0.5953155517217986,2713.1608715886878,827.2917864888952,-0.05544323834045477,-0.21976266600244637,404
997,0.32765937135608403,1.2599055927678078,0.6402075643203673,-0.004570678442301873,0.0400444126278224,1.60510561605723,766.5102595248082,-1.7099862769623102,2.225048333570399,5.6779052629693405,-0.6560019824415951,4037.2201737704695,2658.9621568805633,-0.055406844456097365,-0.13488025795164324,403
998,0.32769786379620147,1.709047867991113,0.21567233074066575,-0.01912692607687053,-0.009804036559415889,1.8852916285498937,725.4486969349806,-5.88213358704148,1.3760834436218894,5.993116639056588,-0.6686968880282973,3427.4488282254247,3121.118465810926,-0.05528937435553603,-0.36193846958134623,402
999,0.32772587798714936,1.7404967967243463,0.4444350702407126,-0.03279979307440548,0.0034392727108684303,1.2495411589852818,630.1885546370688,-6.939724459759462,2.0838869899313677,5.592742160477152,-0.7311588331576239,2110.9086608973353,797.409976852928,-0.05520389014376814,-0.21976266600244637,401
1000,0.3277361802024535,1.855154901451994,0.7340087342470396,-0.030839196485985768,0.03452789675961935,1.74678630736808,490.0191384210304,-8.310470861977564,1.4659173254516795,6.097923527857799,-0.6482680129528626,4707.739917549939,3133.422307092636,-0.055172455173053275,-1.8600397697631286,400
1001,0.32774425538785035,1.0238382206124335,0.1561391149350124,0.03445534176843028,-0.034261990011648584,1.4317084434693341,687.8039234983703,-6.560236745692544,0.2783254971338172,6.1782577915069625,-0.5471945890677898,3518.7694068593637,4954.210148651159,-0.05514781619081449,-0.0818092363468535,399
1002,0.3277875882782442,1.9286235977124973,0.5155764284785034,0.007323703537579289,0.023580396321968868,1.6890903573741325,448.6184655497335,-4.778419275901399,3.1059917985033785,6.0491404339371595,-0.7661238222539534,215.8288106104881,2537.312697840445,-0.0550156093701432,-0.7187449729767704,398
1003,0.3278161400036052,1.7867266530855053,0.3634160987825995,0.024025341464462294,-0.013597735002164102,1.5800474867034018,793.9285472004622,-4.560830875065818,1.1034285866599411,6.137817046817876,-0.7444842980550544,1834.927936091676,2914.131964545089,-0.054928508811846716,,397
1004,0.32782908823639534,1.0068000924423597,0.7879450360351578,0.030772888864047603,0.00025964705042209174,1.5181285333049552,381.5041629945842,-7.449584211397269,0.08676839966792649,6.100710692315947,-0.5933799904251419,1816.0493328883,3557.898056704489,-0.054889011131554366,-0.13488025795164324,396
1005,0.3279469794195616,1.463639767664357,0.5591870977741765,-0.0073714087514969474,0.022979365561892603,1.9108111352871053,619.4838460555734,-2.592172358805299,0.8951699533502402,6.122956172528464,-0.6628912197694032,1826.185166418724,2023.2573115093815,-0.05452946405371101,-0.7187449729767704,395
1006,0.3279798431400522,1.8664735030737987,0.9689437331366892,0.040154677821035364,0.04973397071556194,1.3831255818058257,764.1430863358344,-3.2210811449512176,0.856787858498812,6.123291086247861,-0.5933350964427819,1533.7861072859116,3816.2304731596923,-0.054429258605866226,-0.13488025795164324,394
1007,0.3279950926021364,1.8349281928288976,0.453351027750195,0.04947465473488477,0.029500082961297275,1.4017889428875199,503.2997694296509,-5.516895734217319,1.9719324813292174,5.512653919837194,-0.7356798005052418,1867.8064713303365,4379.20899461091,-0.054382764566929295,-0.0818092363468535,393
1008,0.328057973182564,1.631664566600244,0.19655504521291847,0.0495106648244024,0.04493192832495875,1.3778966040645706,660.9231654723975,-9.991404070416515,1.6743706593943182,6.036917140693582,-0.6085129280104534,3128.2949238788556,4484.04237917244,-0.05419107098631798,-0.21976266600244637,392
1009,0.32806344795905623,1.671797682816043,0.4432813860342851,-0.031516988176708075,-0.011355791311180488,1.2703479190656786,668.6562617944732,-6.736785036206951,0.33765594613809014,5.61689781668626,-0.5656223425660166,1551.8980265862497,4444.652978235794,-0.05417438268351199,-0.0818092363468535,391
1010,0.32821692053733376,1.901151273530113,0.3331227578838489,-0.031828095274276894,-0.01405275695558078,1.5572021382516579,653.5234403339945,-8.621571183642354,1.8551072108905624,5.859539911882871,-0.6349446425649655,914.5239582221537,3102.8357187276224,-0.053706678365537816,-0.13488025795164324,390
1011,0.3283355650870696,1.7903578381487006,0.335390132959453,-0.0011876023509555457,-0.03477751996070279,1.8654796356480527,581.5337609398707,-9.1530164666853,1.7654497708317434,6.00974298834335,-0.863190468566274,170.05336426047026,1346.0613038717702,-0.05334526155991001,-0.7187449729767704,389
1012,0.3285758797030225,1.1293784943377074,0.23305813128874012,0.003168146233828794,-0.0042770085210672056,1.6005090993372038,404.93793940393016,-8.221199708245827,0.055417008673382825,5.628603818435121,-0.7161592740791358,4063.5812020863273,2987.2496312654234,-0.052613611567890836,-0.0818092363468535,388
1013,0.328793205508806,1.5105279803569078,0.4797132378727966,0.006046157285058598,-0.005349159833204846,1.557757686286086,578.302951427752,-4.795050330547737,0.3599255377013266,5.824681414523842,-0.5096488176226636,4603.0647779654255,2101.6475282577217,-0.05195241280273058,-0.13488025795164324,387
1014,0.329015374438662,1.5285932468140053,0.775144041338672,0.03808567538779338,-0.00554977687842817,1.4371524828756068,394.0908956861184,-6.0557284459785565,1.5779723201656692,5.879454946098318,-0.7110567382320496,3335.536649610801,2053.4195181263603,-0.05127693077022133,,386
1015,0.3291202024087119,1.2131829661338618,0.13785796927816546,-0.03466455287206572,-0.01346164625458803,1.8899058880297066,725.5335900463605,-8.573678367603108,0.07677055343091735,5.736299380177168,-0.7920973917017861,4036.146071536162,3627.216786221756,-0.05095837035614825,-0.13488025795164324,385
1016,0.32913337345956006,1.9004070543413918,0.13333164275146528,-0.03918976323515774,-0.0038045467283976467,1.9180914480721913,771.2499876885141,-1.0251354117317724,1.6121225439592692,5.953121741327955,-0.7212417332992729,4058.0987721203905,1518.6709331904765,-0.05091835218884097,-0.0818092363468535,384
1017,0.3294276161821844,1.0985860409146404,0.583357067211568,0.02334550410841736,0.009965950289603395,1.3623777771809804,612.7669810482694,-4.304649555799896,1.816671196745584,5.874290177382668,-0.49757336356438214,3110.383140150351,4696.111741028395,-0.05002475919797343,-0.36193846958134623,383
1018,0.32952978529610377,1.5714025176563684,0.3797042387297483,0.011065135172003426,-0.03203321796404529,1.3876065913102997,539.9758527858611,-5.381730188998652,0.12898541123735988,5.622881140832687,-0.6467189395897053,2742.9020574938645,2475.6389086120544,-0.049714665967331914,-0.7187449729767704,382
1019,0.3296532520826872,1.1643947983208318,0.15047321821712747,-0.010710119330251615,-0.03674516810785435,2.5263822715471176,728.244235167792,-9.449759235841707,1.0491922684993973,5.563091059698457,-0.6035035239755623,1103.0977276741519,4943.009983317457,-0.04934006049048123,-0.0818092363468535,381
1020,0.3296891225810773,1.4637335838709666,0.28870042979363225,-0.03843214233015164,0.03503299052660082,1.5187869560246225,503.57638834103994,-6.847558649414077,1.8945706608094885,6.033404754291484,-0.7054716035698583,1083.0053153792358,295.7783328245081,-0.04923125359505212,-0.13488025795164324,380
1021,0.3297251660589333,1.742161986033022,0.603936869849035,-0.02242264321593388,-0.03920917228250449,1.5775288476202105,420.5683424759146,-2.0781486713322472,3.0740187059904,5.907706600045152,-0.6508832993271816,4841.205689887715,2520.0102971315073,-0.049121933919957755,,379
1022,0.32981711125457003,1.3776479092661127,0.48981662601183334,0.04817848136988928,0.0377554062624995,1.5253072115603132,345.27573925630054,-6.67232245070445,1.8358740083307745,5.7889803770295405,-0.7350821387208463,1334.3504928225825,3970.8830052669546,-0.048843118749524496,-0.13488025795164324,378
1023,0.32985536086611567,1.0510190430485742,0.8064264648631781,-0.0016713867822631347,-0.009149140955460917,1.6309353806165252,688.8061680131851,-9.503454042632017,1.4278594343457789,5.731114499116861,-0.7003220522642075,2274.6451432260687,3383.55789418761,-0.048727153287227945,-0.21976266600244637,377
1024,0.32987176536653423,1.1136844512169903,0.5945708057967658,-0.03931014001985083,0.03153798302147806,1.4773984395107083,647.7458402135641,-6.323557887083671,2.9822914410373884,5.801786923896811,-0.7528448606669071,3905.37576749334,1064.2953666152732,-0.04867742211872536,,376
1025,0.33001953559763525,1.2094290497533484,0.8273384311957245,-0.040693848255379986,-0.021983809276581858,1.4676928586699467,422.6525475645456,-0.3034448587363858,1.3528029706104174,6.145595594655483,-0.6610434232811162,3487.176018780067,884.4672284043853,-0.04822955977121963,,375
1026,0.33002097090581417,1.4675056361236825,0.37588037464474083,0.04149369650146687,-0.006121177227913439,1.401165476781102,680.6501972641063,-6.277811616486292,1.1091256000639291,5.952596355829111,-0.521055043952774,4810.213780738491,1706.3534277359745,-0.04822521061942445,-0.21976266600244637,374
1027,0.33020645183324376,1.8835485066102204,0.4826109414845342,-0.04395325130588497,-0.00795418612583032,1.5495378312526862,720.5429888051647,-4.25927141969392,1.8231698124265865,6.0551637838838,-0.7147827770322901,3292.306531825353,1720.9459080685951,-0.04766334079722506,,373
1028,0.33027337663281797,1.9846550525015114,0.5150945562459227,-0.018085016758824117,0.013804244347806536,1.9850010508949545,433.66327907565096,-4.56997679471556,2.7654779593595635,6.144529065800032,-0.7453602628452338,2464.8968080272807,2483.821213329719,-0.04746068570640671,-1.8600397697631286,372
1029,0.33031549218089545,1.1392320189349447,0.7100186792012667,0.04845816490451689,-0.038899446344785,1.4993373735361075,654.6640462692416,-3.211775674997674,2.7697280592871314,6.001149057899744,-0.6286331650849679,3562.409357245161,4129.288043765757,-0.04733317660020522,-0.0818092363468535,371
1030,0.33034768976746554,1.7382835710932418,0.2252178528312921,-0.009314855450671263,0.03125231605340733,1.769351049979634,687.3498607866537,-4.24468501777088,0.3478396967804221,5.7310600936080505,-0.6235657735887361,4513.060067780377,579.500459536175,-0.047235706096396546,-0.13488025795164324,370
1031,0.3303638665539439,1.6776652861746875,0.5123802435508198,-0.020583362028996854,0.042590173711933556,1.7701908924003118,239.9183680533061,-4.7177606299104955,0.08202893558019055,6.095253427731373,-0.6807578939059936,3287.161633395042,3535.1295487496473,-0.04718673832419329,-0.0818092363468535,369
1032,0.33040457980220284,1.6878679197147772,0.30525140601311396,-0.04019017876577854,0.03605573631333882,1.6352321333914408,758.5278626064567,-8.635813228588061,0.5508478992524808,5.621137938056138,-0.7666276563959894,35.056810244257804,3453.146842831323,-0.04706350832273172,-0.13488025795164324,368
1033,0.33047007623604313,1.9693147666000144,0.2524565980962855,0.0218007055315307,-0.003495844751289929,1.6329998193069768,628.1520877936214,-8.437533888346357,1.7704463191131663,6.0106632498466555,-0.6663424529663049,1038.039744955354,4092.9816286157784,-0.04686529695703989,-0.13488025795164324,367
1034,0.3305276106206966,1.4547467825162688,0.3275066490596696,0.026777729436176307,0.045162259640076,1.6261724229800623,285.0663016601813,-2.9489611158815072,2.8851006883791124,6.203400896509056,-0.693724712120823,3492.5639432016337,1025.806040376561,-0.04669121348917839,-0.0818092363468535,366
1035,0.33055634064792866,1.937876664263215,0.28093695900921356,0.04367224805096684,-0.036747632659872013,1.441777675414685,615.5202445319568,-3.6279591233894966,0.2362035516428637,5.885988561632416,-0.5539097115234702,4135.798651343916,4544.09788282523,-0.046604295550302766,-0.0818092363468535,365
1036,0.33056431970308203,1.8673763727040078,0.29900207577202853,-0.022398392875530776,-0.018211784233557144,2.3607788119205355,703.1945564041325,-7.773972079152571,1.6172301019040722,5.772022723132683,-0.650699131157775,451.02362619372195,358.6137343744992,-0.04658015758085943,-0.36193846958134623,364
1037,0.3307033905915899,1.620343553593043,0.14186556182903362,-0.02547382079384707,-0.005108001922467711,1.570945879907493,556.4549288400477,-1.0234437577967364,2.77284614525684,6.164162796263102,-0.6678356948186039,4930.267109358818,3036.8400815698715,-0.04615953855351748,-0.21976266600244637,363
1038,0.33070578623872654,1.0598178511187513,0.5860269415699402,0.03775466907975812,-0.02893563512816302,1.9056928524971823,559.5158043446031,-5.462197323112694,1.1071994094085602,5.99761313655447,-0.5311935432348794,1270.7310120792617,211.2964222272633,-0.04615229448362354,-0.21976266600244637,362
1039,0.3308611351734289,1.8346752767601477,0.3990911302238112,-0.038579956883198596,-0.044470487913156345,1.9701685991270486,646.902323134545,-5.477467323197443,0.0069919514341996,5.818772689675735,-0.5927120153224563,2821.8520905386895,2822.4400119603324,-0.04568265510916272,-0.0818092363468535,361
1040,0.33101879486338137,1.647696024412058,0.45966235988642123,-0.03823168201781013,-0.03739738764559891,1.7038697798027325,500.71727933603194,-6.903320065052781,0.23552422178853974,5.7556732066274,-0.6147618876633183,2938.0821267359534,864.2093091941138,-0.04520625543066495,-0.7187449729767704,360
1041,0.33105830700310795,1.8261805032805707,0.578100682402009,-0.04015813692892985,0.04255807533655505,1.3786071251833147,562.4395719602036,-8.930210522051127,0.32853910491593485,5.4108784769469604,-0.5416991465305311,4254.403582280222,823.4713472233105,-0.04508689730863735,-0.21976266600244637,359
1042,0.3311287969912764,1.005067907472992,0.8061339114084425,0.04845193195938927,-0.045489742643016376,1.6444801000460096,151.0569737188484,-4.311007736128506,3.0719710223565007,6.126519590412728,-0.617537790463781,1582.013039825454,101.70062366129575,-0.04487399679150711,-0.21976266600244637,358
1043,0.331159343865075,1.8058044558773299,0.18117546847151664,0.004737651982621707,-0.0025154416003679864,1.6343218596899958,643.8357625824507,-8.17791459373265,3.0224374324064778,5.864325802049941,-0.6940732424882947,1040.2164245521324,2055.7006196216303,-0.044781750314681346,-0.21976266600244637,357
1044,0.33125007603165657,1.2519400817451212,0.2032143685706061,-0.005391433826670093,-0.03140614455637082,1.3987903830017108,607.5551171883116,-9.334532548673055,0.5850328542261761,5.920425413532302,-0.78513866951138,4999.095094021699,2090.348942370965,-0.044507804430374776,-0.13488025795164324,356
1045,0.33132253130825084,1.9946828645657946,0.22493938771230543,-0.025648581677978628,0.008660017485191856,1.3508564612538798,662.5559892697211,-0.4643864836835988,1.859103937116485,5.597676053232666,-0.7580426496765202,3001.124555668087,1285.9661462801446,-0.04428909548861917,-0.7187449729767704,355
1046,0.33142778675602025,1.6584180791802876,0.20299985891722336,-0.041454698440289046,0.046134034782266777,1.6723933704691119,491.03392780050103,-2.5658054615537216,0.19467559538292903,5.900887688705318,-0.7709344830489103,43.69229957042779,4512.59304708726,-0.04397146320456336,-0.21976266600244637,354
1047,0.3317048487539527,1.3668392813168972,0.4517633502299232,0.01873825787395657,-0.0465913814602235,1.7314953066166607,612.9370781262173,-2.4813153984904535,3.010134423860895,5.972415955571163,-0.44550856109767306,661.706813370741,2719.283450076925,-0.04313584752463997,-0.36193846958134623,353
1048,0.3317078187922897,1.771474941682618,0.12521899295556774,-0.0482581034582331,0.045293782831026384,1.8293672566315367,640.2616526212051,-5.903637091707118,0.6258405928417867,5.7418335128250595,-0.6044835315128267,2835.5231459704614,2152.866806682799,-0.04312689370608133,-0.13488025795164324,352
1049,0.28207094893321233,1.7890492593802703,0.978401403663781,0.012655079107038834,0.016065840662627888,1.3938224885028905,684.9143013978526,-9.491111695874244,3.0538354242814605,6.155210428074264,-0.7502349195494525,190.2334272938815,3810.936478454197,-0.04305602518894445,-1.8600397697631286,351
1050,0.23243571414975486,1.1976434960278663,0.7722085601613994,0.01141293337455179,0.015894892798949904,1.3256733062271775,627.0553003434019,-4.6426489720137765,1.5701447201664798,6.006759314151864,-0.6657979449366866,1642.1107346174847,3679.9744817124792,-0.042947845127251874,-0.36193846958134623,500
1051,0.23244489303608262,1.523778447192424,0.17893675965727635,0.022055076978485137,0.017775590193360506,1.5843736973336962,613.8184867089983,-7.536586321306408,1.1595066257967122,6.184341239075458,-0.7053554747794035,3633.733679163252,4474.616489431112,-0.042908355906982845,-0.0818092363468535,499
1052,0.23253490898860002,1.3112462308815143,0.7050147573871641,-0.028237381145950403,0.04281894318154076,1.5702075733244778,797.8997890221224,-7.198796085010288,2.348945791322271,5.950243600559131,-0.6699587774547335,2617.3614930125495,878.82158285216,-0.042521173697161185,-0.0818092363468535,498
1053,0.23255915406861505,1.5484805995850446,0.9407848603917592,0.0023173567887101463,-0.000814082131752775,1.5590314714618485,99.96570338303447,-6.31702378295166,0.24348601574528464,5.69083548356619,-0.5694842523321235,4456.763825766137,3063.707520430876,-0.042416914873150635,-0.0818092363468535,497
1054,0.2325826019806271,1.8371663424306413,0.9459394124110583,0.04412404913392757,-0.04386733815989091,1.2274003179392867,598.5475655951923,-0.17658214142798173,0.19151577219976973,5.908193129392939,-0.6340556739595673,2104.2854569629276,4256.016750742684,-0.04231609437387229,-0.04305602518894445,496
1055,0.23266172714202332,1.6152780213184752,0.147963781163753,-0.039241295226104665,0.010372621271442306,1.5838488287213328,696.4815562841235,-2.968513598925407,1.4335023322677747,5.823924578829202,-0.6932807422664121,204.24979789165386,3084.440418410219,-0.04197594982102326,-0.36193846958134623,495
1056,0.23268062429454672,1.0182363050337855,0.40632736614407666,-0.004824111695613362,-0.029542453135327402,0.3613388825773921,678.110427842455,-5.27688593244251,2.0654040778412748,5.896949353123781,-0.7907393036435212,956.3004745433515,1301.1776580670291,-0.04189473154178769,-0.0818092363468535,494
1057,0.23271485910626924,1.4033595529558547,0.2594570557832246,-0.03434594009592043,-0.00021343417499125258,1.7326662104667092,544.8243099736151,-7.093141473497396,1.6955686801189815,5.695189576439357,-0.6997727594564965,2084.1351445266887,3298.829920706138,-0.0417476101664799,-0.04305602518894445,493
1058,0.2327150146911154,1.961610764361504,0.5059336990285122,-0.007119819660154465,0.03835489680446038,1.506268211884264,529.7067788464722,-1.6029497603328797,1.802318393948305,6.027349220237554,-0.7190263415238702,3753.639863019929,1676.8000094695149,-0.0417469416023763,-0.04305602518894445,492
1059,0.23273548566001026,1.0913149868668015,0.1872499539473558,0.005150651727077848,0.017682765132745193,1.3259511762855898,677.4101774548384,-0.34578592125647617,1.7641798706160052,6.047960481711916,-0.6013111344971309,3191.0556198612985,2013.7820821361277,-0.04165897964341493,-0.04305602518894445,491
1060,0.23280640933535032,1.2033394880059463,0.5168867657199459,0.0374669060236404,-0.005432451462385209,1.644843243421359,596.8255733761268,-6.219796346888691,3.012595452511651,5.856890129249673,-0.7007365900647438,1036.9956479936732,990.3590396068312,-0.04135428665387704,-0.7187449729767704,490
1061,0.232823915462933,1.9655267981354605,0.31505005099130834,0.04496011614623832,-0.012425856210299398,1.620895176469871,556.6653634650352,-3.544359555670557,2.1827972983577815,6.0409952025819695,-0.8210603727516393,2605.4594315123145,4188.269545321066,-0.0412790934086259,-0.13488025795164324,489
1062,0.2328289477934644,1.8403915016029422,0.6468633535887477,-0.017511323277514257,-0.04285791167572732,1.8229567301307372,566.9922657597275,-0.9847371529615498,1.3417032024776225,6.148887248600299,-0.6174082421653755,574.3622974426632,4792.6942045867945,-0.04125747932252391,-0.21976266600244637,488
1063,0.23285422090954117,1.5364197732969982,0.1366861369412634,0.014709612038674666,0.005263550759116147,1.765401784900198,753.4378745744843,-0.8107768348235381,1.2062722929159724,5.806752831256073,-0.715092158411303,4256.343997014719,3251.798400017207,-0.04114893721579868,-0.0818092363468535,487
1064,0.23293631863159883,1.1894895237102268,0.5232693290263921,-0.010678774939496915,0.003997847232371898,1.8223540404748337,392.2418236521275,-1.529164472933475,3.0157819786337465,5.656905646489688,-0.7514593154123325,3779.8251709002816,597.5204067822416,-0.040796428025799414,-0.04305602518894445,486
1065,0.23295115875070027,1.509509015802863,0.7860032298644052,0.04367556228474734,-0.04612030452483563,1.7254167729769068,555.2304345877088,-3.557356447735965,2.9573645195783818,6.1891111819984985,-0.709073117412023,3225.095781637418,4129.236285913206,-0.04073272114455058,-0.13488025795164324,485
1066,0.23302218323172177,1.7912962091532292,0.9857681688983287,-0.014189039831121013,-0.011300630550209783,1.2522761007794259,581.0314016663608,-4.89886923926603,1.1668422236639082,5.736035219349791,-0.6798274833985248,225.60979635993456,2685.9057180536306,-0.040427877604438556,-0.0818092363468535,484
1067,0.2330399193971957,1.4840910101242017,0.14589681027041201,-0.012128801648566338,0.023274790851040783,0.9506532382687407,485.7838578570994,-8.539566470457585,0.46919946055933925,6.027009521858771,-0.6928946454599855,4419.23898290893,4025.3006671319677,-0.04035176686562347,-0.21976266600244637,483
1068,0.2330839440711501,1.7908728758661936,0.17862180192367924,-0.006805298985568612,0.04744080844774142,1.6212293871976584,343.3938729359148,-5.735409236379184,1.5961756271032397,5.827192935860175,-0.8329667908168419,3429.237692250842,3665.1948744498823,-0.04016286997560553,-0.13488025795164324,482
1069,0.23308997894005032,1.5509193163593158,0.6975411288301449,0.006558837266229465,-0.026388979970663626,1.1772523005530942,659.8029024588251,-2.697222664174121,1.9679203683195272,5.837776113704478,-0.6125312859661942,3861.165265581251,3571.3154352617667,-0.04013697891386006,-0.13488025795164324,481
1070,0.23324639059529623,1.239254419737787,0.6237514132371302,0.036847620940712214,0.03610830565551236,1.2894740005845504,458.78366428157153,-2.3764723575004587,0.8137950487629458,6.026146335457533,-0.6315671041381511,4905.447006656705,4898.871813024895,-0.03946616843741313,-0.0818092363468535,480
1071,0.23325279317167347,1.343241613443502,0.7624997059265572,0.01835429326029996,-0.03224829405483089,1.6367341561814357,251.96906078238416,-5.425028040860921,1.5391873106561178,5.909051052997243,-0.4921248563580251,2619.7812821928633,3438.792376685961,-0.03943871897302348,-0.21976266600244637,479
1072,0.2332651755299414,1.373716562021068,0.43859443038721396,0.02538019925193133,-0.033765782440575105,1.5298455256683057,439.8832958476806,-6.895481437440085,0.19197347179210003,6.020147128197777,-0.8068363802636503,3277.8371079653616,2182.003620824912,-0.03938563480870766,-0.21976266600244637,478
1073,0.233351356373502,1.934998139847948,0.22519577789756012,0.04327067556578107,-0.02953676624216988,1.6724342954347944,413.614787185712,-4.543072218473666,1.59958060488276,6.078810277487367,-0.4121652969353761,1069.9631141511,4121.478100357887,-0.03901624864828969,-0.0818092363468535,477
1074,0.23338019223540635,1.354298563533165,0.1856455708497515,-0.011708785965243844,-0.013215467905292275,1.4728769814820861,433.601520560739,-9.53752063093367,3.0000969382972227,6.019680707470398,-0.5857452066908168,4878.402685349088,4269.791904390459,-0.03889268356236916,-0.0818092363468535,476
1075,0.2334528407415371,1.4505597420114162,0.19942464464872584,0.004862055657874011,-0.006178594179645695,1.6622292589367846,761.4195511963799,-1.7826439388926163,2.551873562530891,5.807734785812546,-0.7022093768520393,77.32915588129727,2390.2613031318706,-0.03858144377607392,-0.21976266600244637,475
1076,0.2334534157605219,1.3739842592238887,0.2695652805730381,-0.04432018217191912,0.025647637461165003,1.8202390444328398,444.072711801931,-8.906870510793711,1.2625726449297665,5.826206235575896,-0.6178666850022747,2897.7067535732244,1748.319662235408,-0.03857898067356669,-0.21976266600244637,474
1077,0.23347615324300824,1.2334994902536813,0.39676588888210645,-0.03519844639687747,-0.027106417094266876,2.2312879885286825,557.7407989158988,-7.051080111468563,0.5875873057338057,5.903311138302413,-0.799457173781808,698.2871588072132,583.4062990459181,-0.03848158918662137,-0.13488025795164324,473
1078,0.2335018625073225,1.5846483564850202,0.22726103113219281,-0.042310634398226486,0.02653176185152322,1.9326033629753485,648.5149026905196,-9.392357797888252,1.7251769798097194,5.870789931728095,-0.6154094705034797,2096.851177796208,3759.42793867625,-0.038371480087456056,-0.7187449729767704,472
1079,0.23352832741161855,1.368206906104478,0.7782330436806632,0.04757045258146865,-0.032233691612615946,1.8264136017513606,758.9649916296647,-0.4156074039381182,2.3520005223508527,5.996971211955993,-0.7187270954856506,1625.9589383188622,482.536823442609,-0.03825814735263347,-0.36193846958134623,471
1080,0.233546866600269,1.5336366973378146,0.16762439657636474,-0.03462242577943145,-0.045025762040683745,1.6747499307998523,578.5066030637329,-9.221290019070592,1.4264726137625852,5.9899324026020375,-0.7520499728105825,1125.1237759028668,3899.0215975721726,-0.038178763181023846,-0.0818092363468535,470
1081,0.2336192519039817,1.1049063866273383,0.33451640974708924,-0.03342744416275142,-0.012149551716607952,1.3997623145075444,693.5954379717332,-6.315537511350384,1.4254520943995663,5.920846884760802,-0.5983373821397001,643.6668674358751,2123.5272390435443,-0.037868872110485244,-0.36193846958134623,469
1082,0.23362375390055257,1.7121939278567615,0.2984825668617938,0.04201269382877936,-0.0268705852406971,1.6352185845680565,315.39603569353295,-5.0967802735104195,3.0584203936626113,6.024848486818191,-0.5574265546857097,389.3927913108312,3159.2578374134937,-0.03784960163884167,-0.04305602518894445,468
1083,0.23364727315836345,1.580261685567084,0.2947532088480322,0.039388781163900835,0.021210562967575092,1.5157066469429996,635.8050404562892,-5.454239464656037,1.701209886092281,6.067615660442194,-0.6018342349153071,3812.9168579963507,2509.3919826727515,-0.03774893518848066,-1.8600397697631286,467
1084,0.23366530298733626,1.2668319790498295,0.13910930993886092,0.033017003262870874,-0.025527807558956173,1.7659173047535728,705.0253006574092,-0.7421538299880106,2.0598894977291584,5.849385303529292,-0.7632117530785674,4669.618399042393,3673.6542874784845,-0.03767177129473703,-0.13488025795164324,466
1085,0.23367634502032134,1.5762458490867197,0.9975439534772401,-0.03271728724041413,0.0024845113210816027,1.3084720284087665,445.44919829593766,-4.750578848284189,0.002708793116861674,5.837178929792363,-0.6401356627348249,1084.8911516725493,2815.127605743419,-0.03762451664479308,-0.04305602518894445,465
1086,0.23375358818824107,1.476635445519213,0.49897309122093425,-0.037962614258945516,-0.04462683176342286,1.4623829593858884,545.1526603131882,-6.038957543971534,1.7296726134366998,5.939982291663734,-0.5180282655104674,917.9625968448579,1911.604904707872,-0.0372940150523989,,464
1087,0.23377204345106778,1.07288984556333,0.9488482441256577,-0.045005026920231506,-0.0183919110566684,1.6616452018180916,734.914724593135,-8.364026825695365,1.4500598877094975,5.734909865211183,-0.6398907107737883,472.5013478514238,3727.4868965519017,-0.03721506638488305,-0.04305602518894445,463
1088,0.23381381416845762,1.6729841006640949,0.4905255839708971,0.021682546073388608,-0.0010051398155063588,1.6726764523890556,781.8234140635386,-1.7733270727439179,2.0100832556081354,5.700720678425099,-0.6269084485359784,3715.3292531964294,800.207455184184,-0.03703640094061516,-0.0818092363468535,462
1089,0.23388054392342136,1.4978899153484737,0.2357588334091723,-0.0020373456046435794,-0.033017013413645595,1.4739571455515397,349.06502683849016,-1.3816231646121584,1.3822278041180784,6.191724190185399,-0.8543763611062702,3425.779367765361,51.046347075875346,-0.03675104468483174,-0.04305602518894445,461
1090,0.23389626518624282,1.2762512121879945,0.24173994532755147,-0.04159565443187506,-0.0036637480367340026,1.5777744882004692,721.2574573985075,-8.882086230299132,1.658038285722635,6.26872705803096,-0.7156726601549922,540.0289922768961,336.69516352493315,-0.03668382774494535,-0.0818092363468535,460
1091,0.2338965569943467,1.8501863788262265,0.8858660698532062,0.002420528979527947,-0.03949079693924978,1.143086090245859,594.0454898638459,-0.19898787136451812,1.4808605695069543,5.737707157312168,-0.6890809651927228,4668.285022973061,2592.926602201665,-0.03668258014956005,-0.13488025795164324,459
1092,0.23391032849421634,1.3152045167206694,0.15649813658990036,-0.026652004595012074,0.011084823641175794,1.8061064684547536,690.3330641450359,-4.256915961345108,1.6402078525229946,6.035843963400854,-0.8145054789245958,1174.2436762833945,2169.9952634508354,-0.0366237032911442,-0.0818092363468535,458
1093,0.23392667841862133,1.4191111016139921,0.688554272205099,-0.013878092578932083,-0.026652699492031078,1.4660608198141165,197.6818301931626,-6.174954974496296,0.07674979981667754,5.869466914181665,-0.595464417763545,3906.5578606366416,4434.613315753458,-0.036553807476240485,-0.04305602518894445,457
1094,0.23393003180239694,1.5211964160363098,0.806799706569922,-0.04116280858809657,0.020628045278583727,1.8365743789257056,631.9971116433679,-8.934522445201456,3.1050349174240743,6.188913159645279,-0.537485498793367,3429.5392987706277,781.9886787624512,-0.03653947238733447,-0.04305602518894445,456
1095,0.2340834699690751,1.404511577474922,0.29347027960237454,-0.04418099719597649,-0.044967380709692986,1.4897003499917278,592.3601969763549,-9.642944480641589,1.361061699106192,6.088157307576286,-0.8264130538133753,3824.699257802254,3468.3535817473917,-0.03588377261968976,-0.13488025795164324,455
1096,0.23408677377808232,1.433093340861552,0.15553289143018334,0.015271524292062882,-0.021693710242725824,1.1462450594946723,793.3641049089458,-1.98975263334885,1.839777217191501,6.261691062381735,-0.7451640150414335,2801.185326499072,2640.6953817505773,-0.03586965891189753,-0.21976266600244637,454
1097,0.2341579589244368,1.9571976168108982,0.12975833483544325,-0.025265026785214705,-0.018674294798523675,1.4618776147928516,643.3588685194704,-4.57596138826765,0.20308011533227413,5.9613451197334895,-0.5082382906408229,3172.456212064091,863.6578648347005,-0.0355656078807401,-1.8600397697631286,453
1098,0.23416345851869128,1.1787863569300163,0.14293319978762653,9.074414207861108e-05,0.04628508848088682,1.8259295758531993,651.461868690906,-2.2308587366321415,0.8231622303199783,5.7747949086644415,-0.8253666390740669,31.640483753345656,4048.370501040622,-0.03554212147142827,-0.04305602518894445,452
1099,0.2342068440925765,1.2611954687774543,0.7991599236026355,0.04836465140669348,-0.035052372010913116,1.8467058919023387,757.9274428463896,-7.974907536928431,2.5367422693454786,5.761363611672611,-0.6502521743808064,4882.277958980317,2016.2924165626173,-0.035356859623055015,-1.8600397697631286,451
1100,0.23423286650482147,1.0310913563580253,0.16954961549187675,-0.027915346673229098,-0.03212162937426426,1.8441804300974334,620.8012704366926,-7.801203722607534,0.46507955180900995,5.545242043206275,-0.5348989226437008,4122.064604522508,327.396437007911,-0.03524575711956183,-0.04305602518894445,450
1101,0.2342471496053952,1.457815669612134,0.16410660038300534,-0.01631672738681368,-0.044434248327560454,1.8460049043195557,773.5784346256711,-2.109706069947048,2.9843327656309913,6.110885995203295,-0.664674681397401,3913.114267542876,4177.651609868252,-0.035184780770110044,-0.36193846958134623,449
1102,0.2342972749536456,1.9632284426847777,0.315418134703935,0.01440430990518786,-0.010598183674256634,1.4048174144443437,792.6930294356994,-4.971138650902951,0.03973465504867234,6.063412936495627,-0.6028889106656431,3266.1532933236385,1612.5683714291126,-0.03497081878141395,-0.36193846958134623,448
1103,0.23433723949833912,1.5815988606612799,0.38092437613428204,-0.007839046294782003,0.03020533910970501,1.7369710833950813,306.51403370932326,-0.9815679945860297,1.4314740290747063,6.076110848431477,-0.7201805374496012,4750.566285552047,3904.1434281352053,-0.034800261370261265,-0.13488025795164324,447
1104,0.23435265342936887,1.05029270460738,0.3224171175652994,-0.023296371621204022,0.00032448981009208897,1.8032532086448299,561.217527025546,-3.838192240799115,2.004263987859767,5.478822508250209,-0.7798907678719766,3341.867938354528,1744.3146610935937,-0.0347344868303133,-0.04305602518894445,446
1105,0.23441375671158476,1.3984630352905274,0.37084843750546115,-0.02406113812007872,-0.02243620334400241,1.5709172124241308,343.7011853123644,-6.843964492564576,3.1380841784158764,5.867427141149993,-0.8036582202234815,4580.116695198501,3471.640736803744,-0.03447378861794583,-0.04305602518894445,445
1106,0.23446973055851503,1.9479872985917166,0.8287994571549566,0.01270938871843562,0.02361414393282652,1.711603408832655,776.5307450220951,-0.4416897649965862,3.0369883664187793,5.983360278959492,-0.6345927540420249,4648.12001637118,4791.589772184152,-0.03423503486051084,-0.13488025795164324,444
1107,0.2345310733541329,1.0696387046787401,0.13999978449998043,-0.009911265152444575,-0.0007335244130038331,1.4005492382315305,436.76980762091745,-7.6830563795501385,3.024114127298024,6.252083576905853,-0.6913404430011164,4065.875083276611,1016.3960650254446,-0.033973445560609376,-0.7187449729767704,443
1108,0.23453759735091007,1.711129459090827,0.3009862700473903,-0.005088356490263466,0.02375981248953505,1.4179412160846472,649.1775832323823,-7.667938256159096,1.65743997417721,6.017922850582523,-0.8008091272538019,4180.699978535654,779.6160611442755,-0.03394562875182009,-0.04305602518894445,442
1109,0.23459402161365356,1.1425106777538925,0.766283091210831,0.04778523625184849,0.0030327221442760215,2.162567125630623,639.1335014994063,-5.926096212006962,1.0683210650714823,5.827054520168549,-0.7732794216867108,531.1865346236872,552.5483903288801,-0.03370508106442349,-0.21976266600244637,441
1110,0.2346257824606264,1.295243827406477,0.20295776735967314,0.046438218424236094,0.005725050669213345,1.6483922917493645,710.3879197746195,-7.174431072439025,2.2822230122873646,6.121557765120295,-0.6027631162811009,2548.803871099886,46.954664925235164,-0.033569703798769,-0.04305602518894445,440
1111,0.23463270226389626,1.4117936130082982,0.26571481789259144,-0.0005025470978256356,0.048372368684723804,1.9815269395086443,521.1864050446103,-3.3043024572114965,1.9553263478131135,5.661477517523969,-0.5799469418481278,1652.2200272027196,165.88565528508627,-0.033540211297321265,-0.13488025795164324,439
1112,0.2346690652399358,1.0811905203847494,0.15899498057983968,0.04215556396027111,0.02327087557288518,1.5791731883133135,732.652074728027,-9.444440605128081,1.7634215399096218,6.140732908304077,-0.773685291057681,74.30606605127937,4553.320394508616,-0.033385245010684475,-0.04305602518894445,438
1113,0.2346798785070017,1.5368869859567293,0.15464844415523674,-0.045018385872844895,-0.044687477302619,1.4232070224168183,665.9219435642545,-8.025575629875183,0.15918067758480853,5.934089086796344,-0.7878433347237944,557.5630234562786,656.3195436061895,-0.03333916728018278,-0.21976266600244637,437
1114,0.2346912846726892,1.560763349615589,0.8243737903210383,0.0073322179895497774,-0.03383931671967899,1.6201117060636538,551.595214564922,-0.7382717126026891,1.6867965590158591,6.019577003992834,-0.7768367502150635,1041.4375594551816,4221.956259073264,-0.03329056537801568,-0.04305602518894445,436
1115,0.2346967013696636,1.640269596582146,0.8125276272767195,-0.03365668245396029,-0.03700849173556527,1.7402689912895744,751.6519024835693,-9.219277778316696,1.5412647597465343,5.915263635557344,-0.59013374573235,3478.6107163937595,4402.592412990943,-0.03326748555008543,-0.04305602518894445,435
1116,0.23476688740082477,1.9759782209409609,0.13782115589773186,-0.039079714616108346,0.04469209279166779,1.6983260699268143,480.77084330310333,-1.8113278571479448,3.054101678958302,6.13313141332995,-0.7511909323508407,804.3191793543899,629.7993060589579,-0.03296848033061939,-1.8600397697631286,434
1117,0.23477833636607073,1.1568869657265946,0.2644880099652614,0.028114523114057918,0.033112576124097806,2.8966992069437874,389.05193294919945,-1.7071762016152052,1.0630877294677936,6.047646481017185,-0.8289464273279887,2415.0239825027484,842.8611182234339,-0.032919714142965795,-0.0818092363468535,433
1118,0.2347943921831998,1.8165788365482505,0.30196207494335603,-0.039651042464422546,0.03699395417154628,1.2172308348002516,491.96896356200267,-2.9756023182316644,1.0362763797471988,5.8905023481474545,-0.6715691914071779,2044.128238953874,1114.8122649902525,-0.03285132934901491,-0.0818092363468535,432
1119,0.23486258208888494,1.0806804867138566,0.6850437695134336,0.041093109888169915,-0.0463445124212082,1.2793966988893986,777.1412661362934,-8.562045364771045,2.957781306187839,6.018795375123228,-0.4874635116637895,3748.0358390461734,2076.3783658791945,-0.032560947602779826,-0.13488025795164324,431
1120,0.23493484439368653,1.4864412260141213,0.7128350740106965,-0.006945804281768733,-0.03280745402747885,1.7118705166334156,705.0656790132242,-5.677111893135467,1.692108159649167,5.9678702184446095,-0.5987661459065117,3969.6521660844787,993.2321959550876,-0.03225331583944498,-0.04305602518894445,430
1121,0.23493663044771645,1.2549046743099097,0.18558017944647345,-0.0425381531012724,0.03766191893645746,1.7323788643351448,786.2699546882726,-2.9921688203993457,1.402712387455007,5.816753467956819,-0.5822978496745259,1805.9356341351456,3584.5131685246524,-0.03224571353070575,-0.04305602518894445,429
1122,0.23494089459786072,1.422783064981809,0.7635554442203477,-0.006090459377530711,0.020724053118782258,1.7279547898751164,443.39980552784345,-7.4968083095906195,2.681757318381405,6.023892744267415,-0.6712452475618383,1691.0807830506965,655.9609847360128,-0.03222756348125738,-0.04305602518894445,428
1123,0.23500035689950624,1.5553196054238316,0.31552815336943807,0.02526627711479927,-0.04528014822921518,1.683092992360975,543.832435969053,-1.3241206280044064,1.3168558852179815,6.163499789061988,-0.8544017929925657,3208.022920626349,499.2110153937712,-0.03197450077697081,,427
1124,0.2350290533578938,1.6252417574875586,0.7594656957987155,-0.049450938153104924,0.008156411157858033,2.0196936594605295,771.1561640863267,-6.584981058818768,0.7444101608913702,5.727268610282714,-0.5983515229869261,2999.7210460348633,3514.0334533851965,-0.03185239582866711,-0.0818092363468535,426
1125,0.23511333595625056,1.9253388406644794,0.6461466577356867,0.03674752650793428,0.007523852570346495,1.6082136102483118,582.0574721539048,-7.872751975808749,1.5253856707262936,5.798941228021745,-0.8149835988235185,2657.81120377984,258.31482232732805,-0.03149385509221478,-0.13488025795164324,425
1126,0.2351144540521348,1.7105026880659573,0.20268281800133905,0.026857403522875,-0.045535182104356274,1.3686070469923435,662.9681691622742,-1.3449620498340515,1.197497573656076,5.692604503237507,-0.7262656805689204,4674.241229337264,1142.1507865256258,-0.03148909954216053,-0.0818092363468535,424
1127,0.23512751718883784,1.3804904297835399,0.7384727226690625,0.04428958004821802,0.04160084242802303,1.381095904825317,758.5189398901975,-2.4909469904725605,1.4409310152181676,6.052401270169232,-0.6725890699836705,1492.7508705825621,4672.5356676227275,-0.03143354033004942,-0.21976266600244637,423
1128,0.23513762987057332,1.423801403806101,0.9485406016964395,-0.008793497147209957,0.018596565560298706,1.617780051709383,94.15964510511364,-7.7915825715559,0.20527657781443243,5.640490265301026,-0.6243827595671048,3942.9111315062464,1946.5538120612675,-0.031390531904734065,-0.36193846958134623,422
1129,0.23518220144562219,1.4167980647435598,0.7696001430126301,0.041489843451998645,0.00790114149105989,1.5150621570231577,741.8297522262538,-2.532137408542703,2.0341186660129345,5.675612021310464,-0.6941774780081179,1792.3741534653693,93.74158422550265,-0.031200994606015983,-0.0818092363468535,421
1130,0.23524480964026856,1.609800899370034,0.4933427057077738,0.0065644258235917335,-0.00868402480245566,1.241338841133214,727.7412363819718,-9.804682658390318,2.9483945570528682,6.2368244386068925,-0.5390835431018389,3034.3850233207395,4234.457497185644,-0.030934818584925833,-0.13488025795164324,420
1131,0.23529168711775741,1.7582449642913704,0.9010922227410864,-0.041217115237074546,-0.028035608498941045,1.7817289689426403,604.7675128105889,-1.5005623852495482,1.4798118612265903,6.059621896054718,-0.6258995784045541,2368.566158481965,3595.018224876777,-0.030735567398454094,,419
1132,0.23532816202243917,1.2467716965451736,0.3300286704242727,-0.013287032641265201,-0.018776487836128872,1.4654500137229394,751.1203294320136,-1.9251825572264538,3.0030092560757344,5.883687362166427,-0.6729384852696471,2813.336380669609,3736.6151831098678,-0.03058055946654204,-0.04305602518894445,418
1133,0.23533033995598776,1.8938244633761714,0.24549338113736383,-0.0035903899573347456,-0.022653718581502055,1.5341086707926956,757.690851682931,-3.3443886757367967,1.8703601151424931,6.171207648816149,-0.721537033592275,2922.2110390032285,2189.9007919902633,-0.030571304630846508,-0.0818092363468535,417
1134,0.2353638288504879,1.0633880409845022,0.5347688419774764,0.03349332276223388,0.026564078781214737,1.8884521820683,688.6802684033827,-9.537038918283619,3.1288410210453517,6.0362115298793615,-0.5694046684620359,2193.182937834359,1847.0077258233412,-0.03042900886098683,-0.21976266600244637,416
1135,0.23540344169684277,1.4920370928429059,0.16203547044352437,0.049955115452094405,-0.032793979020829325,1.4578941603762507,405.4754409587825,-8.511436509386229,0.27432580226933023,5.733915193527289,-0.6168192748150152,3462.614480566634,2015.9939801180924,-0.030260718289671702,-0.21976266600244637,415
1136,0.23544143273213727,1.1987576077443418,0.5114982421034535,0.012758982071561674,-0.037128845875694295,1.5029472976465692,607.3961828356995,-0.8616695187665803,0.15852040591715774,6.01603555476132,-0.6307977597453753,4492.241260284297,4427.448080063905,-0.030099344395853288,-0.04305602518894445,414
1137,0.23551210062599184,1.911983402306884,0.13661258216166958,0.01098748225438707,-0.03291679609396407,1.428443489964934,490.2140550922609,-4.337064210513086,1.4402042307457132,6.036911647550349,-0.804872059523907,2269.217786374963,4944.359402248734,-0.02979923880428864,-0.04305602518894445,413
1138,0.2355283826356646,1.533246331584369,0.22449231923354282,0.005711707348175832,0.0002707203440072898,1.533484509403377,525.5000220322015,-8.244696074719725,0.2209834827183601,5.917431098275611,-0.6023627003321126,2787.1372177492026,3001.6927089245128,-0.029730106700948458,-0.04305602518894445,412
1139,0.2355628050597805,1.282748328931277,0.6098708375381733,-0.004312256456237294,-0.020501583646934465,1.7760266070614392,646.564503991423,-2.838730144648838,1.9054606770781668,5.854090295879325,-0.6509342034432088,540.868826381425,4112.329218671492,-0.029583967587849064,-0.13488025795164324,411
1140,0.23560724022247997,1.5480429470035857,0.24148552016898306,-0.026556170409489724,-0.029853568934688657,1.6587365632480653,637.9559456507104,-9.859664387149888,1.6806987711755188,6.076440006864327,-0.5215867002995048,986.2494667712283,2821.21625255606,-0.029395351340846164,-0.0818092363468535,410
1141,0.2356448133154902,1.5547463119111893,0.17095542629295388,0.04967102186218389,0.022302613563769086,1.5252112008706524,762.3263690278139,-1.1255012710938237,0.12850998542014205,6.207949880579747,-0.6309997550163652,1161.1650945098563,3513.222840052896,-0.02923589063259468,-0.04305602518894445,409
1142,0.2356668329651222,1.3523566630291501,0.5957323064908475,-0.01924184883406752,-0.04737756006680071,2.463252007600032,737.6159681928962,-2.4217291155648812,1.444084102509045,5.856043146667125,-0.706523409183331,267.977831652306,1835.2586227827708,-0.02914245076192723,-0.21976266600244637,408
1143,0.23567558374790365,1.5660802915488548,0.16786890360864748,-0.036827483525853154,0.04948594816594038,1.5128080468845606,237.513051998521,-6.756978447916705,1.3880648489613834,6.162512636796037,-0.652860175918033,510.2174652182571,886.1040548485173,-0.029105319443153213,-0.21976266600244637,407
1144,0.23571073295633135,1.9727877520449209,0.9679052101642487,-0.011145902563845199,-0.014891407527696576,1.418711004526123,578.7113091455728,-6.731710944426137,1.3476266357529034,6.083955888902067,-0.7020832485545536,521.3170448221382,1242.6588385759462,-0.028956188222048346,,406
1145,0.23572791166977128,1.8896524096497063,0.5463577286783327,0.020778918783203884,-0.010325378608023121,1.55915765121618,590.032293793401,-2.039791128233281,1.4926681913125994,5.909379174845693,-0.6401993504474991,2291.277170351738,4191.6511724972,-0.028883310388887,-0.21976266600244637,405
1146,0.2359403809897874,1.1967662071573777,0.1459760987045561,0.038636928388899455,-0.03274607158718604,1.3179639978717603,670.576553525347,-3.568564275031967,3.0268028195669365,5.939108166232617,-0.6813683758649363,265.1105463291934,40.102575571680326,-0.02798238345488821,-0.0818092363468535,404
1147,0.23598735308761887,1.0130900672837875,0.3125909927122981,0.018594674770129476,0.023678876655406866,1.408511794671502,546.9423111583418,-2.191820977522403,1.801418808085355,5.801752670440397,-0.706224877356431,1826.199297367761,2429.4448739343175,-0.027783318663389078,-0.36193846958134623,403
1148,0.23600763567019054,1.8700092607161602,0.18483974740965617,-0.036709386774391686,-0.022720990068160318,1.672635305408127,656.3480259333863,-2.5387227680450404,2.8820737401905983,6.201346318443583,-0.720500986303279,3299.409038097658,382.3262357918097,-0.02769737460438295,-0.13488025795164324,402
1149,0.23602891327488756,1.283456291348363,0.23708890946097766,0.035326337221995435,0.0334243696125539,1.7850874390322475,782.9601168060694,-2.929120044625892,1.632034226367878,5.8325424880132966,-0.7978726802899287,2506.5345768369684,3071.8046278502543,-0.027607222243246632,-0.36193846958134623,401
1150,0.23608699444232314,1.163797672836509,0.4422988033710734,0.033058034407217544,0.0420997135441427,1.77448145653085,711.5857618659227,-2.202987559065514,1.6639600830271024,5.750108728993862,-0.670520486276682,1655.7524493048945,1520.6682235828923,-0.027361176021219846,-0.04305602518894445,400
1151,0.2361322532270979,1.6507260347805395,0.1353794887534181,-0.0042033245597692314,0.04100557776413055,1.3798838519604109,358.8021429251785,-4.713326462859572,0.4271452017564449,5.491373230455253,-0.36031878651076416,3966.5976618252093,817.4028122852623,-0.027169490548243108,-0.0818092363468535,399
1152,0.23617797564608667,1.193166509016308,0.18021498422753746,-0.025925616087792962,-0.01452553707709039,1.6027103544255454,784.803260881931,-2.205116490394947,2.7704431842896247,6.154233601390148,-0.9639547987169851,83.52739494534254,538.8874205494222,-0.026975878738328588,-0.0818092363468535,398
1153,0.2362492525258164,1.8062334046949178,0.774445933137892,-0.03854024874141395,0.009913743211309554,1.798989690774075,661.7896529487741,-5.838870383550841,2.2121294282347446,6.129793330612594,-0.73043441686157,1069.1813695494452,4963.650681798355,-0.026674131184337924,-1.8600397697631286,397
1154,0.23633621512744288,1.2155115818525888,0.6397734904112967,-0.008653662565775266,-0.027883387163690432,1.8132961525312286,390.73040033395995,-3.6673721439139717,1.7723508545963982,5.9242824261104685,-0.6968788154190568,3781.095696648745,4730.290642519688,-0.026306102082431698,,396
1155,0.23648251193195102,1.0472072353000217,0.5193259908426067,-0.03137632213058979,0.0377058033506823,1.5133037460432266,649.0719429116102,-0.7539712377221246,1.6550835951827374,6.1477031011052645,-0.6530603365966882,3626.9573158902112,2563.172143171392,-0.025687273762846526,,395
1156,0.23653303747195534,1.8679172310666983,0.8451599915230102,0.034947230438273434,-0.020897770519283036,1.07869675689623,587.0225126052892,-7.289110299659443,0.07276202663410862,6.06029636151565,-0.7709089224222199,2736.9668397835553,2932.9514231589856,-0.025473642138052477,-0.04305602518894445,394
1157,0.23659443875066746,1.1733186494863141,0.22732486654495918,-0.028514893095279704,0.0334160374790307,2.387940461143328,639.5997493315665,-0.34803758979634325,0.8260084823071213,5.980837089951867,-0.7238846271381091,2151.9768300166766,3641.0145351332967,-0.025214087230957194,-0.36193846958134623,393
1158,0.23664521804889524,1.150547498590873,0.9887088438150557,-0.03811949979708587,-0.015772848530116915,1.3875644044986615,632.6252819430863,-0.9334507428005967,1.7246634255908329,5.71216100519211,-0.7204837587081923,1393.1450630992458,1488.0691927486744,-0.024999484343405064,,392
1159,0.23665524243533062,1.642851694397057,0.16337296701889462,-0.002786979339303147,-0.015067735496785053,1.75340108132105,587.9641714654357,-2.2707579262626547,0.06524140020260738,5.870526522540589,-0.6946231920160402,4724.249478123073,4941.691771696738,-0.024957124839188008,-0.0818092363468535,391
1160,0.23665547275441992,1.132490725577273,0.7182005298742129,-0.03763288631442025,-0.020460233632419635,0.8795306263136655,787.4183303167177,-3.3582106407283954,1.3953409719821406,5.893774466174573,-0.6484950467913113,1785.182912312441,2654.3808881576706,-0.024956151613438476,-0.04305602518894445,390
1161,0.23667934963065984,1.9149625123389586,0.1364629964257792,-0.04768990034285594,-0.02168568508566188,1.457156769996915,541.7396767160893,-6.367367521820756,2.984588136334752,5.914753981433499,-0.8826637093486246,412.0106425791887,4085.2167745364864,-0.024855263721225956,-0.21976266600244637,389
1162,0.23670626408416487,1.3849136543412561,0.3425436148980717,-0.002872078403934733,-0.02404123515106489,1.7900660000508248,618.017391889073,-1.7394045008859713,2.499947456015283,5.646894054581254,-0.8027332431542415,2444.0947669544644,1034.0110740253017,-0.024741553237634273,,388
1163,0.23671523920530696,1.1854409122174403,0.345490780539327,-0.020497091820100392,-0.03653019080370339,1.811146774553255,766.7925328919946,-1.6562208868867825,0.11394190301045512,5.804689287432719,-0.6225822166786337,4987.768734201679,4841.303213961375,-0.024703637253340457,-1.8600397697631286,387
1164,0.23672860922361524,1.5380285117516428,0.13794423610344048,-0.04864953870525289,-0.01584193968370485,1.4416703254476293,763.0393133671223,-9.418155276155971,0.33785122048876615,5.872765946929813,-0.800905964848072,1702.8425291000494,4218.810515616058,-0.02464715740531489,-0.7187449729767704,386
1165,0.23673800422149824,1.8477501809712396,0.567449387053972,-0.004170613908532317,0.009094940965841307,1.5111960552304902,681.2121720280536,-6.506849277798841,1.7437673680955594,5.943997828983565,-0.7046423676168949,4320.8558701776265,4585.8592020629785,-0.024607471405844503,-0.7187449729767704,385
1166,0.23682585377734733,1.4702881400164838,0.9096822141880022,0.004918200938454933,0.01987639457980482,0.727943930138288,601.7482614249003,-1.842749856667543,0.5997442615898256,6.000712976374715,-0.7310447522391463,883.4951372064156,3530.1843751913757,-0.024236456788135796,-0.13488025795164324,384
1167,0.23690936681083916,1.8799843339000506,0.2093291551538203,0.007393829972715211,0.038957330947418455,1.940885560856021,771.8961437180104,-4.586523060034523,0.9237477326226842,5.632119557097696,-0.5875407113203176,3298.8297570215245,2112.6500646651716,-0.02388388416644388,-0.04305602518894445,383
1168,0.23695834173655536,1.3357520179338314,0.12526486286143074,-0.041409515738646076,-0.011474301175577852,0.9863450936601138,749.0819439823917,-7.41094957988589,3.113832534504142,5.912020513424255,-0.4425858518451504,1676.853089748207,386.4622158502363,-0.02367718121957746,-0.13488025795164324,382
1169,0.2369802708604958,1.3381611108427887,0.21465633945798404,-0.004358477380692141,-0.017477943789928792,1.7835410511284973,128.1711902747882,-7.310618343822279,0.58890595437585,5.615129608550008,-0.7119466882446485,1646.392096356798,4246.955268936878,-0.023584641285621544,-0.04305602518894445,381
1170,0.23698250617859196,1.709882730747082,0.7901466168143005,0.008056614151209732,-0.03477523464217142,1.7007592086507932,689.9724850573854,-6.716979189206444,2.9412363911312314,6.114794949325218,-0.6268476888626017,2940.8975247758167,29.246241451818452,-0.023575208823026758,-0.04305602518894445,380
1171,0.23699294398204607,1.6218549728954157,0.5178996954908915,0.008852224017464388,-0.02716865026709367,1.512563762247456,280.5149386522575,-8.441087064235719,2.979287940403352,6.238255327335777,-0.8332552179007954,64.18048961812933,3218.600402903894,-0.023531165177083833,-0.0818092363468535,379
1172,0.23708017793061437,1.8452280876119929,0.14724949259259645,-0.02741324356826019,-0.014077443643211634,1.74228068549329,719.8867124637577,-9.393794995379352,1.4566901310671072,5.732380346138454,-0.6247740154103872,1305.4543601357414,4950.21701146726,-0.02316314621326565,-0.04305602518894445,378
1173,0.23708707041497143,1.234128538865122,0.4498376691287209,0.012809277339698723,0.0007110332289450964,1.3715508122655318,704.8202012311722,-9.12099696895333,1.7771560646715951,6.266140281425923,-0.6227100682472935,1461.3114158547078,4439.519124667684,-0.023134074258644,-0.13488025795164324,377
1174,0.23710728262792866,1.9194739016982698,0.623860832374177,-0.04566426211737237,-0.03317125126012231,1.5985792069551954,763.0400272607594,-4.442837474307459,3.1011737690364667,5.760147818268888,-0.5336279801082116,3313.976129310003,3339.587878144779,-0.0230488256138503,-0.13488025795164324,376
1175,0.23715427144576542,1.3646929141447914,0.22409866078697596,0.0008295630373758898,-0.023199986417010897,1.6239879660347638,431.9009751852669,-1.1281691202353248,0.6147329580021433,5.37726455223685,-0.926407333294116,2505.9100320735993,4878.148304502745,-0.02285066990171419,-0.0818092363468535,375
1176,0.2371575493253134,1.3109380756896876,0.4410370095052634,-0.04824337286531296,0.03497707369759114,1.7385652593109635,595.4684444525658,-3.158489027287791,0.103408164596066,5.7680873976326525,-0.7056132724969,3262.323127946338,4628.6180045592,-0.022836848278880925,-0.13488025795164324,374
1177,0.2372701665184383,1.4156475722938202,0.24894716003977624,0.041049502523809796,-0.039530563775976954,1.6597364717203238,633.6589026350688,-4.476113366208997,0.07040406855610737,6.063190964725873,-0.6816707800041351,2929.9415084517154,4465.039628759152,-0.022362098632173488,-0.04305602518894445,373
1178,0.2373691009781992,1.3369308828863466,0.24130808716743665,-0.0290095495798518,0.014641436174049624,1.4949259673572752,641.1059660677931,-5.772708763650257,1.634692923835057,5.689330561410751,-0.7312996481104042,3898.101991946466,277.1858045560424,-0.021945215883635648,-0.13488025795164324,372
1179,0.23737571002861385,1.6343785143343434,0.2429950785308374,0.02667114285037034,0.04130500613782231,1.0897481915033396,572.0661541264719,-7.098748878060564,1.4670433821824695,6.040861572272122,-0.7052012397928117,3212.6051373926416,2855.0908704493663,-0.021917373344876034,-0.04305602518894445,371
1180,0.23741673366496605,1.2993640964134276,0.3343193567684266,-0.027644791299088683,-0.012496968552746629,1.398774312864484,670.9866905822485,-1.9619180644484537,1.439776247311647,6.075256783280767,-0.5143962411271917,4995.018086366601,4499.845357616444,-0.02174456673432294,-0.04305602518894445,370
1181,0.23751185528787527,1.9150192083830493,0.778560850930086,-0.008561532466130055,-0.030303147705695012,1.4912227861993304,651.9319519496544,-2.9089630281606564,0.21665699426399845,5.840137037278592,-0.6307520097718597,3664.133755487653,4964.893007207671,-0.021343994410819495,-0.04305602518894445,369
1182,0.23754785924559482,1.31424068836142,0.3039625832584849,0.006837198794722602,-0.03081302821286663,2.321581208441627,604.9884994188282,-9.032663960392927,1.2718622608916326,5.517607332345565,-0.6225332650525083,269.348990463322,4431.682810114475,-0.021192417854512702,-0.13488025795164324,368
1183,0.23757043329801333,1.3820737118309043,0.185630728253921,0.013034147902447604,-0.019319270969445433,1.7182139353517052,545.1677164784319,-8.290497088369344,2.955832432269653,6.139716415820483,-0.6744487244972682,2052.971231674828,3111.205109634668,-0.021097392877387558,-0.0818092363468535,367
1184,0.23762686500492206,1.422334155622167,0.1567989099442854,-0.029424807957365542,-0.03589816666310768,1.5735655353075204,793.9841327784092,-6.981032071828059,2.826349310942424,6.174422692825385,-0.7997447166695628,3566.2304316615405,4121.886384284571,-0.020859884342011935,-0.04305602518894445,366
1185,0.23765833515755086,1.8491340511666172,0.14531023372443633,-0.009203317382711827,0.04411733418015774,1.6038785771893656,547.9397841669916,-2.0796333195002474,1.89342391300292,5.742755574654004,-0.5657973337466115,4522.248097759617,3373.9825328152792,-0.020727457947702116,-0.21976266600244637,365
1186,0.23767476225940662,1.1831348161573534,0.13407080008486583,0.03870889481323024,0.04647600019701806,1.4210832072579689,643.5281639706218,-8.572090250663466,1.1817852420508013,5.820942048055225,-0.522929588708454,726.0799971773723,1776.6729988790664,-0.020658339672757084,,364
1187,0.23769520728488108,1.3177510465315425,0.38962732394662875,0.021081719593815742,0.017680504825663638,1.531942905233647,728.282654985935,-5.376716949140188,0.1883661080913578,5.955133752164071,-0.6347176763370339,3159.511873701531,2626.5586510529924,-0.020572322352366224,-0.0818092363468535,363
1188,0.2377254143958206,1.1011209194097744,0.6869451060573418,-0.045136007302645,-0.020877900247924016,0.4821450325753612,736.8796757126912,-6.403923344760015,2.984151738400098,5.889666139247945,-0.717574429586279,1429.7490036285715,4272.470210202802,-0.020445247044255432,-0.0818092363468535,362
1189,0.23775047533724727,1.7102712083878986,0.21645048371632775,-0.048100441138170746,0.025815886135152757,1.651606812767912,389.3862899382889,-6.9436246915492115,1.4198414189226338,6.113094542814157,-0.573770502890697,4076.1080332858405,2236.7508790682964,-0.020339832902345305,-0.04305602518894445,361
1190,0.23794543718928007,1.441608671925434,0.46466043149897307,0.014842637856234726,0.004357544323384139,1.666357153032333,775.9850607116122,-6.45389011944669,2.5120198083300322,5.8100311554723465,-0.53649450242723,2684.323723854527,2256.465743302353,-0.019520141760099335,-0.0818092363468535,360
1191,0.23802180737867645,1.692126095174917,0.5229438266396238,0.04197471698653716,-0.012015583213048638,1.588186722409146,455.60840832586956,-4.489934706481514,0.04819355790568036,5.76107455254634,-0.6707663991018417,2152.459125258289,2331.1113287832172,-0.019199236525916222,-0.0818092363468535,359
1192,0.23806411944050923,1.0052054702075888,0.6644895805230879,-0.03896412837033353,-0.04660050416531554,1.3415728979645511,447.90241811317156,-5.0632328630212164,1.1488476362193358,6.131559379417234,-0.9586591127330976,1547.6017409953545,389.147984159222,-0.01902148684013999,-0.21976266600244637,358
1193,0.23807516636616383,1.0834085793416444,0.782665111699285,0.0008410231143097466,0.0237242942245343,1.976677867421002,654.744720969604,-6.69173496957802,2.1023702880230677,6.09559572150659,-0.780427392323466,1387.5085757067848,80.56173829870153,-0.01897508476417134,-0.04305602518894445,357
1194,0.23808847473944883,1.1859962114970637,0.4714927728616472,-0.020477830893721613,0.005509546172444018,1.7434565400953779,586.22913656295,-7.583722909862029,0.3093372549807054,5.641948096108202,-0.5992884109244125,4305.539901741154,3569.4674449831296,-0.018919186446271552,-0.0818092363468535,356
1195,0.23813857839149633,1.7575787030053538,0.13313190223725735,-0.00824032724025027,0.0349585510019658,2.008344484434487,637.6376536259943,-7.863935006745845,3.0856507783684806,5.815751832545969,-0.702068413136188,865.4400784202908,4294.399492612921,-0.01870876726949111,-0.13488025795164324,355
1196,0.23817557814101023,1.8755809326336772,0.14926567086281436,0.0013870366525313667,-0.015400784804378,1.3770072416432202,672.6583091986518,-3.2466716568623846,0.2070058714410097,5.732388883495738,-0.4294058952074794,3572.2480080954165,2729.889940353526,-0.01855340867234606,-0.04305602518894445,354
1197,0.238183677491209,1.913404669442781,0.19565103925778102,0.02982034996261322,-0.048002511152891295,1.7449070863096483,475.22520875917587,-7.391235309635597,0.3004370088389144,6.113770957863028,-0.6256879776287133,3496.283906889197,984.8335205137467,-0.018519403454219818,-0.0818092363468535,353
1198,0.23822403881405585,1.3132555929728291,0.6065188528686,0.02597644275150666,-0.030030098146187824,1.5928717992844434,417.6642733168242,-5.911273616322915,0.36873974015893246,5.660786979189258,-0.935424800346285,1697.8834325794005,1505.286483943439,-0.018349963197250706,-0.13488025795164324,352
1199,0.20262665870015278,1.6849790010475532,0.6470375162158241,0.011332063038807242,0.013176778116180262,1.6227219471264016,393.1859733375863,-5.488141641821222,0.12226556799990389,5.778530979503254,-0.8155693706674026,3406.542075822612,3871.0066499036466,-0.018029612744777428,-1.8600397697631286,351
1200,0.16695694906323788,1.148841190574879,0.33004109261374076,-0.02895176965102117,0.02802613025509889,1.6898978576943946,543.612549576663,-5.075437711629696,1.7122201525842475,5.883179234890949,-0.5853657341393714,1739.0862622110035,1350.6182246892697,-0.01800566687964166,-0.0818092363468535,500
1201,0.1669622407714302,1.0937160507250916,0.5251743491515586,-0.025634221044513274,0.032295120378357356,1.49551827699442,700.6945888272462,-8.78600748594888,1.4481697041989061,5.923310055163164,-0.5633693103315688,2865.618174060072,3056.1857661998847,-0.017973972335768792,,499
1202,0.16696922001646058,1.8261812130478847,0.18777268776259845,-0.045899818306939545,-0.014270255927881718,1.512721104262266,302.2681716168659,-6.7913514037879015,0.17019219578783817,5.615009441796283,-0.500520764770298,275.55217727197265,1920.3140164376232,-0.01793217187162391,,498
1203,0.1669950986589738,1.7351828824665483,0.3053671272666124,-0.04702964243088957,-0.0350327000576562,1.6075196441937538,786.1680054263277,-0.2167166936326602,0.32498959350849294,5.728624024415687,-0.5682909045600109,4336.896183182502,3556.730599835074,-0.017777193383710463,-0.018029612744777428,497
1204,0.16700093974980845,1.054080907307967,0.4386630457882836,-0.01627619471208726,-0.014565502583130888,0.7594035622945263,377.69196635723773,-6.285814285224463,3.1085373285328135,6.046039623765455,-0.8218864116410208,700.6720724046584,4269.684828681601,-0.017742216376982478,-0.04305602518894445,496
1205,0.16701272512325196,1.6837612452345068,0.13844565717417312,0.03672597835442658,-0.03992528227379563,1.6388359706666262,388.860142024115,-4.0958621079315884,0.20844836897200614,5.852578509071763,-0.6092098303367792,4775.08583103068,95.70427849352603,-0.01767164816567906,-0.018029612744777428,495
1206,0.16703111459313014,1.1326059413278013,0.13584206653703662,-0.018306791831123784,0.03888965936726558,1.4615331517768353,447.89250117290027,-8.741859689892618,1.5766517367177244,6.061588708904092,-0.7378908101322512,2355.4911196438843,770.020941335618,-0.017561546031170123,-0.0818092363468535,494
1207,0.16703353492031495,1.2781558399649413,0.13602785726875663,0.04031074671908668,0.016263469075159593,1.7888801050430039,675.7781952136859,-0.353145948155027,1.626241699609649,5.8270960403676995,-0.568709973887217,3232.6728400536986,4546.22938814361,-0.017547055858729396,-0.04305602518894445,493
1208,0.16703681321199224,1.4986537461479512,0.16657668454605704,-0.027185622227970007,-0.04319963476528619,1.4860722159846027,483.244994958639,-7.761097338916358,0.1812824587209891,6.078903586292623,-0.6397219789123445,1483.0904112292321,125.24399427082675,-0.017527429503377823,-0.21976266600244637,492
1209,0.16703700337818658,1.5410105103563052,0.1481438545783738,0.009381694922429984,-0.02785647282687703,1.7079366435250911,786.3320565997099,-1.1564068740774736,2.9858870503834387,6.0770555038890866,-0.6468607951563988,2680.50071856182,1797.344720473295,-0.017526291035272316,-0.04305602518894445,491
1210,0.16706848053463205,1.3996198405081934,0.41259246279025474,-0.0035166412421842688,0.014063154331877563,1.382512570302429,154.3755302190169,-7.465753704411746,0.29009228376560425,5.53487649873724,-0.7216914940606566,1030.4556570560133,3894.0627513346103,-0.01733786457691866,-0.018029612744777428,490
1211,0.16707288024811656,1.4252934120774192,0.16785436083629535,-0.03598854306773574,-0.0038626306894086497,1.5172166418394695,427.59549600021217,-0.8772697572048204,1.544038530052416,6.160834760957821,-0.8440178506580654,2649.5413053355546,1566.0038192639486,-0.01731153013281108,-0.13488025795164324,489
1212,0.16710546405818158,1.7651607006099879,0.18269852567496803,0.03265574915874924,0.029968835654460065,1.3904032626483163,711.5008461011635,-1.7870792115149527,1.4472150766790464,6.010471004876062,-0.5660654279169183,3478.692169166891,2596.499710743766,-0.017116521624754508,-0.36193846958134623,488
1213,0.16712040190967792,1.0738954592044754,0.2365200553426632,-0.04568042697052775,0.015484070806819697,1.4589725153725481,615.3334140935264,-5.122462981636398,1.6214281903891943,6.057622321077822,-0.6394617157314659,323.1711118121581,933.0955294296103,-0.01702713386021816,-0.018029612744777428,487
1214,0.16712860783922578,1.1210823642661059,0.4136524545457374,0.03968571314258172,-0.012239218015012947,1.5420294726913675,353.23921098095394,-4.416869057825266,3.140148424271056,6.116987870452639,-0.7085474477165468,3020.713845085522,4492.711920406894,-0.016978033163995085,-0.21976266600244637,486
1215,0.16713956888227752,1.7111395116593902,0.35688457737539536,0.013758862865722804,-0.030203196203499136,1.4803983207910938,744.8915346808989,-9.98627422718568,1.7160353069620684,5.921351378756684,-0.5408946251429143,3861.230874064881,3159.9441744167725,-0.016912450833322788,-0.018029612744777428,485
1216,0.16714302176075746,1.4746505672499712,0.6752705654409541,-0.0030429670242387245,0.038076393138396725,1.4892988139497467,361.69123350567656,-9.301758892103628,1.5761547133608573,6.004366840298854,-0.7136699263320432,2580.9694574769424,2346.8200638031785,-0.01689179239291245,-0.04305602518894445,484
1217,0.16715502486023318,1.7945366093894437,0.20894816513036055,0.04240270921529933,0.04431970169694526,1.5473935758066397,133.15012130015654,-1.1761556250131024,1.782952915975362,5.754833727785449,-0.9051652310467545,328.72796023948376,2633.160627558147,-0.01681998162643243,-0.04305602518894445,483
1218,0.16719436484448086,1.9160883318985777,0.8348517446762445,0.009776059663427171,0.016771104243752145,1.5428086683851374,564.8703349559241,-5.039972946630129,0.12965202309947088,6.0181044190049775,-0.564084267515557,3887.4098873605435,3443.3809683303048,-0.01658465902294462,-0.018029612744777428,482
1219,0.1672060752063881,1.5040333887100799,0.15188626177147113,0.032749068110875676,0.047428801806153234,1.513142395274475,768.6850346147668,-4.858054777394947,0.025635485491644516,6.181533819429636,-0.7559883337784657,3062.775051253667,4635.947206927339,-0.01651462106534525,-0.04305602518894445,481
1220,0.16721575415156503,1.118011916382966,0.9249046443703497,0.0013334389270120515,-0.015251208652411852,1.5131643156581176,798.2844728728808,-4.727675838977022,0.10590993920335601,6.097399122159933,-0.6917755354677922,4725.937647215291,4907.649433905057,-0.016456736415878512,-0.018029612744777428,480
1221,0.16721750027597965,1.682916537533013,0.15138013117731416,0.047877154642245776,-0.039618738831351426,1.429238601665922,584.2746733129455,-3.268640844023476,1.5787846392109097,5.906328382674895,-0.46649035822321905,3118.3918120764633,2214.3884490943083,-0.016446294126524562,-0.018029612744777428,479
1222,0.16722201191044075,1.2882446043073155,0.3905163924038967,0.023611756916294347,-0.025273394633340242,1.6874783180466177,590.3280034554454,-4.080861866345599,0.0959539879071663,5.922999305841716,-0.7271479952254485,608.7643762268779,2388.8510911517346,-0.016419313854848724,-0.018029612744777428,478
1223,0.16723932083558982,1.779427666855925,0.5479719679208732,-0.04662609487640302,-0.0006413914151963483,2.1755944276308044,591.6247714785899,-0.5654121898453557,2.789592324415175,5.8581575081176505,-0.4155905821191545,4936.90741063339,75.70143602665506,-0.01631581055877629,-0.018029612744777428,477
1224,0.1672810637545495,1.2569384970483437,0.6423358781137456,0.026735867576027597,-0.04278064066861733,1.5989476417468125,258.09875701584286,-2.405903449449504,1.6034330591092851,6.036208112765647,-0.7218750940983293,3738.0060061550976,3827.4813427769054,-0.016066241796405843,-0.36193846958134623,476
1225,0.16731917326728304,1.2525767963660794,0.1464793482579185,0.04324634686564886,-0.03811592866433964,1.7559508452486905,734.5429212261654,-2.6396510645648785,0.10433484094183373,5.721770879283355,-0.7478046010129588,4179.176055528644,3977.7281055230037,-0.01583845048799422,-0.04305602518894445,475
1226,0.16733844301767992,1.6046272486348416,0.20407244497317328,0.04913157309782774,0.047997659857567175,1.6579483974668634,430.96438702032845,-8.729942650346047,0.292712109540353,5.555095792830161,-0.5612464757611885,750.8526234587099,2008.2893250380787,-0.01572328950267185,-0.04305602518894445,474
1227,0.16735010510206821,1.420744768946285,0.15267647082545213,0.03629332339317341,0.03882669586563343,2.0872196673337227,535.6178345464824,-2.3667545490663815,1.5746193732434304,5.969772462348974,-0.6176908858665223,590.8581438426709,2080.72999182752,-0.015653600327683925,-0.04305602518894445,473
1228,0.1673725373652837,1.0449980252985227,0.23376980389007562,0.015524494923847495,-0.01002478288625315,0.9665930391274197,797.9523971286197,-4.662364002380277,2.4389885109120035,6.2735531294611855,-0.7769068853645041,2697.845658051399,4893.382948347785,-0.015519565396129198,-0.0818092363468535,472
1229,0.16739390269616844,1.558670522139975,0.360086576498408,-0.0010415726048403076,-0.028048873328099567,1.4374128331504434,737.4962009333234,-8.380522334808909,1.551641334190461,5.991120634792399,-0.5611503539420716,1282.7342941515383,3443.6054976176806,-0.015391922189620658,-0.04305602518894445,471
1230,0.16740199377127202,1.6803276784211307,0.7911199289881002,0.0312830935875675,-0.015298189267640962,1.5484038703805931,249.51831674103224,-9.57871313809062,1.5715822211793216,6.164778340962497,-0.7461106750885038,1447.5700973453309,322.07106775324047,-0.015343587815134285,-0.018029612744777428,470
1231,0.1674152098263043,1.2363165486550485,0.21077683024640712,-0.021532692147601843,0.04795388413832634,1.8751737464223959,437.1147723522855,-9.34701872282487,1.1660607613033869,6.028551195921345,-0.7002238507589285,2046.6097891859158,637.7979542344095,-0.015264642916863302,-0.018029612744777428,469
1232,0.16742651032454292,1.7003401148042687,0.894478679822783,0.009805440211923644,-0.013931300342281384,1.7159911920449962,766.8099735177502,-8.0224552557185,3.1097240273146913,5.878725081514261,-0.8637194769865427,4314.000948043996,965.3122431680872,-0.015197145364762916,,468
1233,0.1674551547101144,1.4316905668613413,0.7840201807932704,-0.031120346232859423,0.01087540504747879,1.5804710286459693,210.8510003668453,-7.241506608404605,0.1428380436253676,5.667160721599236,-0.6134074352602412,3807.1389713987687,1932.1345023356564,-0.01502607367808561,-0.04305602518894445,467
1234,0.16745557917711396,1.6938185760704465,0.45542569252484216,-0.030994076569874705,-0.00936257060741105,1.4028847976635341,728.2908132544563,-0.0038134885898460716,0.010107120240357948,6.072487113929672,-0.7470603181807206,2990.1421179402046,3300.500293340833,-0.015023538871288947,-0.018029612744777428,466
1235,0.1674620295715757,1.3087072065033458,0.12617584851702124,-0.045985684671532426,0.003054975084552743,1.963384819897117,628.7212009899354,-4.436219380634606,0.24240208058772805,5.795181578969171,-0.8218055121656013,1713.048003892619,4555.241946646125,-0.01498501957999998,-0.21976266600244637,465
1236,0.1674976678823368,1.8264928074132873,0.4191738107809686,-0.013012812011351084,-0.022983883495373135,1.51786268009797,640.934312134357,-3.263598394221851,1.7065334164624035,5.933350216180013,-0.79558685715201,798.8748717422237,4596.70277263008,-0.014772227944641801,-0.018029612744777428,464
1237,0.16749878108336685,1.5277450983953873,0.13767303646355225,-0.04649782352390357,0.04429110386618855,0.8938032933162614,568.5415794686216,-7.504448770122363,2.885894475903294,6.1585143787841865,-0.70690913458218,2599.7376253066,1340.6510592101863,-0.01476558189794741,-0.018029612744777428,463
1238,0.16753199371337463,1.4603825427814905,0.6368319186998515,-0.020566177784629183,-0.035744308611826967,1.4916661947160776,671.0822472397821,-8.269985195510031,1.9798941022996142,5.63851240049232,-0.674345721681009,4222.972084865944,4265.018286627699,-0.014567315752809607,-0.0818092363468535,462
1239,0.16755031458724995,1.6238026068368998,0.24090407609764428,-0.03649317082672808,-0.019708094008136275,1.511740118794363,708.7937166552005,-4.446030741732172,2.1610970784483765,5.709978942037125,-0.6747846459321706,2868.2265071133183,4087.725925371117,-0.014457964268382681,-0.0818092363468535,461
1240,0.16756974828994822,1.3606625267725536,0.5052730541788129,-0.03718324599432212,-0.0074779293024396,2.144523072820656,627.474835192777,-4.8771626203871,0.5179176455021836,5.684837261228075,-0.6497014836575051,3080.3569004130227,2117.4592559300554,-0.014341983729617702,-0.04305602518894445,460
1241,0.16759754804767277,1.2341101254013336,0.12963341330047137,0.035657107853665104,0.009477309834803658,1.4464638425750909,484.0836418271882,-8.811892842107213,0.18896749167572188,5.750597421953656,-0.7804819026202907,712.3001483131991,4043.567572576966,-0.014176097868575412,-0.21976266600244637,459
1242,0.16762146087050353,1.7146200126875533,0.16424128945861807,0.039635849297101226,-0.017990431416644966,1.3194779982421445,522.3806608228671,-2.1247623175787957,1.5367517830729711,6.092584633694665,-0.7881693152107511,3993.1470925496296,4332.746866087126,-0.014033428018473806,-0.018029612744777428,458
1243,0.16766137622973942,1.007677600663404,0.2870307344024764,-0.006111328253906308,0.010171353139216773,1.3776745424400374,634.2143951475427,-1.8324512123271468,1.829996584473843,5.615777786125312,-0.74813332456682,745.4894572121975,4716.609056805573,-0.013795328390255372,-0.04305602518894445,457
1244,0.1676712546128232,1.8201132939163376,0.7218881971985809,0.015623273877404312,-0.040737888691170766,1.2952975308728465,741.3078740014067,-3.715949224850842,0.48619340118703125,5.710332457796736,-0.7219584438895068,4112.706566742744,1791.5752914874417,-0.013736411469130627,-0.04305602518894445,456
1245,0.16768972235199722,1.8798036680198322,0.24928828424814234,-0.0034979726353196947,0.018691530396189083,1.5741508488035054,729.4969217727147,-4.402118945837033,0.1701875828222648,5.9465958366620715,-0.5338987721419846,3759.2706628332403,2427.9376746853463,-0.013626274986554707,-0.04305602518894445,455
1246,0.16769607063234665,1.934487556473784,0.6619884277983915,0.024540433393076048,-0.018209192882070895,1.6282186798634093,263.71938664632773,-6.579701296387522,1.6886125614956642,5.792361595429504,-0.6217066260759989,4666.518548206728,4281.04059216148,-0.01358841840178402,-0.018029612744777428,454
1247,0.16772623382128882,1.6019575884116128,0.3273445450526363,-0.028617619684827896,-0.026098035655343084,1.7354172768074045,528.4896420768814,-3.826105558519581,0.0033238956034795314,5.777954596396234,-0.6475656812658461,1676.4272969837714,29.984839865074882,-0.013408566384640011,-0.018029612744777428,453
1248,0.16774615470019097,1.8057897331380912,0.7086433320238635,0.034532840323429424,-0.0027774482566200573,1.6549773188675831,723.0648508474231,-8.445016823165584,0.11398422040503972,5.937835663221194,-0.8618351995615556,1652.354578620511,2526.9518726153233,-0.013289803233910599,-0.018029612744777428,452
1249,0.167773245157849,1.4433232861194498,0.7225033691741743,-0.04009025985544844,0.02773575641281702,1.4768992807672592,760.9744873395119,-3.966125944185732,1.0267407029836855,5.717331715998034,-0.7304705850359251,3762.37141689516,52.447522016055764,-0.013128319530038679,-0.04305602518894445,451
1250,0.16779972262685888,1.347258822927429,0.17631565105002367,-0.048327180468524064,-0.024618675908754585,1.6609589219708427,469.38985764471323,-4.689617336284959,1.5283131678347168,6.051672082956742,-0.7097311750582825,3451.8126428457977,4127.134801601042,-0.012970514989023615,-0.0818092363468535,450
1251,0.1678334364591092,1.6336454417584225,0.34064292873786234,-0.04129638823195448,-0.04779420775354494,1.6102433463557053,380.03774481874194,-9.820193030930032,1.7787800073518887,5.774422035288031,-0.7471316615767478,631.8893490990456,1760.9952007476807,-0.012769618078470593,-0.04305602518894445,449
1252,0.16784700035479527,1.682286248150967,0.6394067420984535,-0.04144901072161775,0.007111580633895366,1.637154623946284,608.9437612640791,-6.2434113452314595,0.0726052020232412,5.785567882220862,-0.6359381180762516,1922.39365557347,3387.1398142907706,-0.012688803743160601,,448
1253,0.16785125974644502,1.9837820426504267,0.26566972535324873,-0.04544010308597497,0.04378275765686634,1.3726110277444066,733.1379905468664,-3.9396681316572013,1.384020525497949,6.073290767525987,-0.6611674681942507,1082.4086896734239,1983.6998413261747,-0.012663427432647409,-0.13488025795164324,447
1254,0.16787628645447566,1.7186371508818967,0.9038409428500442,-0.04413552050384266,-0.007627824542938086,1.1838055918597978,553.1465399924479,-0.7243202977634484,1.2861698497442884,5.900246309242992,-0.773641899622256,2000.36432420964,3127.1744962113366,-0.012514338039385953,-0.018029612744777428,446
1255,0.16789014226916602,1.1116372766590445,0.3909219566463193,0.045416398837754376,-0.010413610590185793,1.3119651478574115,711.5325765946108,-5.892033480616348,2.0283397900222413,5.754900245670307,-0.6257829675116271,4883.443145463206,3632.0043149823246,-0.012431805579205105,,445
1256,0.16790449667968882,1.0732856684940224,0.18352508677460294,-0.018829893021023638,-0.007370066340011348,1.5841361397463964,267.10860849325275,-0.4346178872784918,0.06265909040945772,5.988310726627528,-0.6264068232640243,3541.6479149062693,3498.6618724128994,-0.012346310405284226,-0.04305602518894445,444
1257,0.1679552177061096,1.7753109629103137,0.25654959613272404,-0.035559702260756124,0.006315892802571081,1.5994944498217905,171.99605595346776,-4.58434665360548,1.6658326328735586,5.717249530510722,-0.6476853199131848,599.0608433673544,1322.3027237193064,-0.012044273425925706,-0.0818092363468535,443
1258,0.16796783809777477,1.834340712678063,0.31632078375397876,-0.022679483494517698,-0.036299242567499335,1.6328596523818117,565.8577850070752,-8.075644012133257,2.9935687614670763,6.0809905815838565,-0.7031160815671891,3924.2811029250083,3933.017004598417,-0.011969134840220396,-1.8600397697631286,442
1259,0.16798463663753485,1.4533439869703244,0.20189727729004994,-0.04961929350212042,0.020467285077562385,0.9313650175020001,524.1740253975566,-7.124028634620701,2.936032306086395,5.990914812934233,-0.7612553197265602,2095.048086285313,1800.6974692550934,-0.01186912938685647,-0.13488025795164324,441
1260,0.16799342949051646,1.580537588757073,0.5678129496239199,0.04070465328029721,-0.026848448860221724,0.11116563808584938,735.6555901022894,-6.180255289576116,2.890119647905605,6.080874680224802,-0.784734516398001,2817.7221074232793,1376.2144104174545,-0.011816787559343123,-0.36193846958134623,440
1261,0.1680256854676991,1.1836954848826666,0.30305258096320925,0.030204081831320014,-0.02539802441303363,1.761464964302655,786.118939580944,-9.660501655761148,1.9131964678032567,5.847602597140627,-0.6452042906349101,1559.7050024938299,1753.128610828763,-0.011624798616778037,-0.0818092363468535,439
1262,0.16803634222419545,1.2233632638576908,0.16321553730393817,-0.02881042389219901,0.0005096573974197258,1.6772803922184578,577.6195112847398,-1.5045608940036983,2.914435499826889,6.25726301170245,-0.4823292357017658,991.66030366219,693.4301361245047,-0.011561377250357415,-0.0818092363468535,438
1263,0.16807294529903732,1.385227811215173,0.7663317416856557,0.002212496734689525,-0.044856678662502224,1.6075573914437107,304.5783659767435,-5.970442975132283,1.4436540213554296,6.133801797593691,-0.6719227841424985,4002.6300790810237,392.53776693125616,-0.011343572647229683,-0.018029612744777428,437
1264,0.16807968939776582,1.108095212391469,0.39831229160276427,0.023902694601881422,0.01879505175699253,1.448702336371813,589.5547566957314,-1.5288095929144525,0.31780635894033954,5.8711336782804295,-0.6582062141122929,1893.336283710698,2569.9538027077233,-0.011303447430147183,-0.018029612744777428,436
1265,0.16808363771750232,1.0020600140712728,0.31765038392038203,0.04696825783763331,0.033168703046453224,1.6766432867106988,555.0639788191323,-8.728307227241427,0.14286709199385744,5.9138624967248505,-0.8504024010313568,4320.957030951862,149.97065637108574,-0.011279956945502571,-0.0818092363468535,435
1266,0.1681292830002888,1.2538161470964981,0.8279807615420617,-0.002027987496430302,0.04668974671519835,1.6701599810953183,412.3625895531076,-7.860345026227403,0.4009981708770858,5.758008646103482,-0.740826539498956,921.1570744338018,4778.646470218106,-0.011008430896011667,-0.018029612744777428,434
1267,0.1681294542573542,1.097566904778115,0.6831567981332548,0.026120994550703967,0.02670557007504072,1.4836224242079445,713.5221405938174,-9.978993247186343,1.7876526636084005,5.854709889435121,-0.7491171519336369,3629.476616738232,1409.44970557043,-0.011007412293094439,-0.04305602518894445,433
1268,0.16813858500924472,1.772805848304375,0.13367926198021438,0.029677014851483233,0.04759283590601372,1.4562499627239824,672.6072580222559,-8.349431560535633,0.04520177008106532,5.951865842807873,-0.5652002984815316,832.2747953029601,242.4478148049321,-0.010953105901573446,-0.018029612744777428,432
1269,0.1681430174464478,1.6738890704695735,0.28344739082782294,0.0062720629989897565,0.011118672399517925,1.7079798172122456,511.1565396105349,-5.965496609722451,1.449259766067901,6.173584973663477,-0.7233046817367192,4493.442414667616,2037.0155093468404,-0.010926744440417885,-0.0818092363468535,431
1270,0.16816678572810828,1.0027910803265145,0.17638873387953222,0.04667394123418891,-0.00367776643257875,1.5767180180177696,625.9554852436269,-5.935395034383252,1.3764449174821751,5.954476426811231,-0.5359782995634582,427.2869514778744,604.5397189672058,-0.010785396900339216,-0.13488025795164324,430
1271,0.16817302732348982,1.0517293249750919,0.1545568590126444,-0.014996426046562426,-0.04484293077735646,1.623433036703398,742.2062733846743,-6.808350934286875,1.3264340100432899,6.095554646967665,-0.5184808993795035,2200.7303300388967,4146.782588412919,-0.010748282082970516,-0.04305602518894445,429
1272,0.16817451605333808,1.073093297531252,0.6369575934438301,0.04988607671585441,0.012575116684171187,1.600119268780131,591.3285767128456,-5.098567888961683,3.077223496877073,5.92625067418388,-0.6999046592513113,3443.5776886666645,72.83335481606841,-0.010739429752176139,-0.04305602518894445,428
1273,0.16819604960091947,1.8589688059919431,0.3444730139234585,0.03740911355538243,-0.001037800633155981,1.6874808295360961,407.43775981286734,-3.77793754357572,1.6641253482838363,5.8010958721562895,-0.5771354869813831,4512.508946433446,4193.22614585055,-0.01061139507957666,-0.21976266600244637,427
1274,0.16820463596856502,1.081522324164789,0.19903072204718783,-0.011645961964026688,0.023386641841208637,1.4934725655275602,669.7154285516984,-9.261878817742007,2.878912111796971,6.128242238236209,-0.7322729800181726,2976.566362786695,1527.7785128872752,-0.010560346624484143,-0.018029612744777428,426
1275,0.16820488298817884,1.7806908070920229,0.7119219027686898,0.006398320372735751,0.03350201381933047,0.2378552093576713,695.4308100864082,-9.829188325757016,1.2646173796756235,5.8070616247934765,-0.6503358944661752,399.58295511934705,4644.302893857321,-0.010558878059573118,-0.13488025795164324,425
1276,0.16821202816492364,1.4415275203387115,0.7266524079503611,-0.002810401646641307,-0.023546128725720122,1.454531360793669,799.3390953749282,-2.3590699126311154,0.08650313174604488,5.925618286297026,-0.766038220306231,3495.793943565301,2784.4125171117544,-0.010516399952690717,-0.04305602518894445,424
1277,0.16821410871687228,1.7441765382551595,0.4235130300076055,-0.025008648681699205,-0.00304785004915388,1.5211084739621936,653.143200370217,-3.891615993206711,0.20132985791170235,5.846780370300082,-0.6016095600495368,3096.249410129874,4536.523234504192,-0.010504031401472387,-0.04305602518894445,423
1278,0.1682446712402324,1.3514308973533082,0.2000788196415085,0.018085825144032425,-0.0031793534599075515,1.5919826228674123,205.81639681612583,-4.36325680487414,1.8003439883532806,5.58938350502226,-0.6229730409179752,2604.2147428265016,4542.841934081631,-0.010322359676681776,-1.8600397697631286,422
1279,0.16824811196656994,1.0151865687953059,0.1608489063627858,-0.04406902954717355,0.0012136223519728265,1.4836579124373312,469.356135267505,-9.389206062397903,1.6552507587019007,5.7825151281214975,-0.6802286606771067,911.2344280456465,466.801879482492,-0.010301909155850494,-0.018029612744777428,421
1280,0.1682594451820583,1.839364332927466,0.6110147671122526,-0.010920701549385176,-0.04082597563950618,1.6249426981841781,439.7871592405784,-8.267969687713016,1.6508644790310234,5.81388288981736,-0.7150320557649444,3196.579709057927,1095.65197522524,-0.01023455128973945,-0.018029612744777428,420
1281,0.16826285670958294,1.0046936077826591,0.16408460598946775,0.019126952585739602,0.04188237925835245,1.410849887461208,626.3837065922002,-7.18132677927732,0.5094556338646286,5.569185877460311,-0.5163052356627551,4562.152845346413,2705.303070378891,-0.010214276095527226,-0.018029612744777428,419
1282,0.1682704357255136,1.69394032935405,0.3613606871380035,0.021041631609938497,0.02909412985074514,1.7184297014647865,706.1713140011481,-8.12392619136593,0.232408256142598,5.999849125067035,-0.7266490204216737,1436.974635989044,813.0263901177209,-0.010169234394689253,-0.018029612744777428,418
1283,0.16827099395080466,1.012109729986612,0.6660404719396753,-0.0041540802834016425,-0.012411128643003796,1.5145400819348722,698.9751438977158,-8.481053502130797,0.8990617794260287,6.039850534444203,-0.7034133523523525,1887.6266404834194,597.8605592013644,-0.010165916970772959,-0.36193846958134623,417
1284,0.16830127338874004,1.0034630216385019,0.6933696389971284,0.027703262059548428,0.026353370612602685,1.6913651664713814,523.6968569933994,-6.742343035044026,3.042571769050566,6.070216149037387,-0.6638788549996346,2708.0224274830784,4410.5606427231705,-0.009985988670332825,-0.0818092363468535,416
1285,0.16832512755975404,1.2319569007965276,0.13679705172355558,-0.010886936343048279,0.02297613591369722,1.468776312249899,645.9146675172736,-2.7076790507100004,0.12214113867458631,5.670313955448832,-0.5787800546196142,2823.8853963330457,4144.166412677787,-0.00984426377297623,-0.13488025795164324,415
1286,0.1683273266914717,1.1578890605422472,0.1677901193628687,-0.014862185343488984,-0.010476356038851931,2.2841828268848428,748.8738157711617,-1.5009277650989372,3.048159532628871,5.571258605521891,-0.6357036484138422,4534.301913125673,1486.3978573796362,-0.009831199072595664,-0.13488025795164324,414
1287,0.16834304304609757,1.235428337089523,0.19070941533699087,0.03512656408420544,-0.006514650122231866,1.6915054905732088,762.445479657537,-6.983922245544719,1.5468807305962193,5.9738965269783915,-0.7838680714697669,976.3348759973306,2741.421937053892,-0.00973783561661606,-0.04305602518894445,413
1288,0.16837149330989687,1.3862589886653316,0.4140949010276375,-0.01846576343987279,0.013845790582706718,1.7869184849364907,576.2208421598281,-9.203859933114426,0.43239165915099237,6.007008953299617,-0.8371992357115944,443.976606861894,10.264468714331308,-0.0095688481759314,-0.018029612744777428,412
1289,0.16838566670070174,1.7728337890169208,0.1468776826463276,-0.009474247045660727,-0.02183206385965549,1.4887196490977963,568.3411564023904,-5.899638092229962,0.24317798589223427,5.686928990359345,-0.5504786719479396,4843.531460001438,1706.9431597937755,-0.009484672440427935,-1.8600397697631286,411
1290,0.16839640352500304,1.0028891721325461,0.47552413905454183,-0.03667067334123673,-0.0062391190108316945,1.5489822774188267,706.8483457415094,-9.457397875526299,1.3476838756317042,6.120790769492252,-0.6873317548238516,1497.9759897076551,175.40580818414105,-0.009420911182057304,-0.018029612744777428,410
1291,0.1683967996886938,1.162756423327762,0.23075434798319433,0.016534380354205288,-0.018033978437108633,1.7225285403195691,698.3332058796524,-2.249156134120665,1.9288787597418362,5.818149088388273,-0.5613360285203114,3310.795627775668,2387.091812720464,-0.009418558618512735,-0.018029612744777428,409
1292,0.16841111509394066,1.2776848627654627,0.22417829172424258,0.0034159160036567205,-0.03823404137900599,1.8377535053315965,727.4170094636306,-6.248830768689948,0.2875857858961509,5.649212658594978,-0.6094844268060121,3990.814123295084,928.886159933178,-0.009333552271460252,-0.0818092363468535,408
1293,0.1684290696692519,1.4530126611321836,0.1557267106519169,-0.04561958174127001,-0.028343865569666487,1.7185602319109323,742.3208521277614,-1.027347770585341,3.051591079938726,6.158559480026378,-0.7584572560929429,1214.3224592964714,4383.025602521592,-0.009226946372718918,-0.04305602518894445,407
1294,0.16846403400180932,1.441403006896073,0.1557275084797995,0.0017326154751245357,0.022604721538318166,1.6374043436890653,500.2224332826689,-2.647868272068714,1.680564147401932,6.154259949294763,-0.7094229015745518,3719.8246719927756,418.920972622165,-0.00901937707364335,-0.0818092363468535,406
1295,0.16848026292431187,1.3543551569193537,0.1995246503789923,-0.005982600938916317,-0.003215002624819552,1.490720742058357,744.4081732219655,-0.18971272889690538,1.3550272865325577,5.954294809374291,-0.7492830999129694,922.664520652847,990.2005381998711,-0.008923047070962753,-0.018029612744777428,405
1296,0.16848462616996454,1.7580112016850549,0.7188824397509436,0.002898803296472362,0.026821303538825014,1.5644455805826427,754.7270305634044,-4.66851229525552,2.9161267423494266,6.147066131469004,-0.5841855984782388,4682.308947608341,48.713535242593224,-0.008897149739860055,-0.0818092363468535,404
1297,0.16848977438883364,1.1854833622198,0.5106806041473936,0.02708355108888954,-0.02343308508676353,1.585159731982541,696.0937707672631,-5.643969523322028,0.27825878549433236,5.8090447753297125,-0.8052719010312046,1140.6636194943874,2853.4425353107863,-0.008866594191037944,-0.018029612744777428,403
1298,0.16849755111480283,1.5673990977356236,0.19499018117535613,0.04139705469069488,-0.02359549749426411,1.459330780651705,620.2397434218127,-3.2771247518767304,0.16172244954635395,5.911234488670844,-0.6593775816531384,2709.3023248167647,4727.838157804745,-0.008820439778803174,,402
1299,0.16849810327395676,1.346497980433722,0.7080192441559114,-0.03913469084870076,0.01777508639226502,1.5705143636064869,283.350826339417,-5.794588781642046,3.1103375702196767,6.16367351094417,-0.6402117761279629,1749.4202812608094,2231.3125112005227,-0.008817162827608985,-0.0818092363468535,401
1300,0.16855196870844114,1.3642670467349567,0.20396307112852285,-0.03110118128290917,-0.01878309362635161,2.531458162479287,684.237117461091,-8.67321603583917,1.6354717072521896,5.897806328403275,-0.7517285961243909,1620.10022750552,3991.147508732951,-0.008497534146775898,-0.018029612744777428,400
1301,0.1685776184034683,1.2509830003921902,0.25190063491454634,-0.045164425425298166,-0.015340926945245945,1.3206764584813264,759.1143457534058,-0.9756605913455545,1.5246200955385827,5.687061522932266,-0.5494478194130821,3296.7049893106428,3152.33232589555,-0.00834536894940708,-0.04305602518894445,399
1302,0.16863588493288748,1.5017606438502187,0.38053561437934197,-0.0262852651495242,-0.028919451181796074,1.6194592877330591,792.8936240617112,-5.232464674047645,1.7714372144008106,5.939029689362075,-0.9267944402473383,643.9853613605925,1640.142423734794,-0.007999792456061292,-0.018029612744777428,398
1303,0.16864877160818748,1.3153797910000318,0.7162357915147052,-0.04697221207831088,0.049887898710781954,1.590144341251989,243.65189855582042,-0.07752365608650973,0.07419591158958827,5.909102023580737,-0.5786424133583173,1933.481368591427,4510.411332721598,-0.007923378216306051,-0.04305602518894445,397
1304,0.168686001654578,1.5820164913272419,0.6011699594837565,-0.04084426636244432,-0.038574213099452956,0.9471208580708051,775.3919663145753,-3.987048882515046,2.7851366231278343,5.657661707766353,-0.842140335626918,2439.7491938942017,2558.409649938352,-0.007702647657234274,-0.13488025795164324,396
1305,0.1686903034294314,1.8150256555193132,0.1504744884527013,-0.005572334128269331,-0.015494414253985712,1.627453917083699,762.2422527436531,-9.401045757460322,1.5106581742414598,5.973802705620593,-0.7325836213137666,818.7508361092122,4481.6200292983385,-0.007677146311811258,-0.0818092363468535,395
1306,0.16871314684019503,1.0699343783094137,0.23486416049360254,0.0237864331031086,-0.0401622883422139,1.9701603975022641,625.5354966408771,-1.3331025748568641,3.074572753091982,5.645152467710997,-0.6477739901487645,3195.619524345946,4573.330631744625,-0.007541739215216031,-0.018029612744777428,394
1307,0.16875953792595486,1.7227961858452552,0.6751570462308162,-0.015707968153078948,-0.00873065544154103,1.4393382323497985,550.89645407761,-5.886283011183415,1.611661050037474,5.8746229359773,-0.7789552832123048,771.275734559659,2942.9064858132306,-0.007266806824218305,-0.21976266600244637,393
1308,0.168764588403013,1.560227957626859,0.12912679573970848,0.03347158204969839,0.009660452762835843,1.4991074123459913,660.6896800015102,-6.752369443164868,2.868551611790531,5.5592199858248,-0.643889046079355,2039.0970993881533,1488.7271691136013,-0.007236880210576668,-0.0818092363468535,392
1309,0.1687771140278198,1.8987814776366085,0.8062585081522258,-0.007451326476518512,0.0021798400490801416,1.552460680175331,236.04000316788705,-9.239965517539314,1.7260630700165458,5.741943242076178,-0.6672529090151166,1797.6281952278644,2409.3853881139726,-0.007162663456236511,-0.13488025795164324,391
1310,0.16879539539579444,1.2144875206968662,0.15481853922873087,0.0007848287639438218,0.029231783312888993,1.6257946303802062,295.808806018789,-2.678702662784105,3.0542446005546706,6.1000922640658,-0.6624314490920095,3608.6638030080585,3350.9576062189926,-0.007054352693474713,-0.7187449729767704,390
1311,0.16879739593957352,1.3463443593908258,0.5313635503296531,0.047612722514997666,-0.04124536299100737,1.433789966265676,662.3738819722681,-5.058477046437757,1.4617519554683893,6.238599329814406,-0.9221355879312669,2147.733025972315,263.2194482012184,-0.007042500877692228,,389
1312,0.16881992469717233,1.1786851064087092,0.26077798481328945,-0.04028034512755395,0.03366357030428561,1.5679359126608134,669.9930387675715,-6.268245485132429,2.9345750529790844,6.137853428302153,-0.7672292332229533,1190.9909171404202,797.885608381474,-0.006909043520777817,-0.018029612744777428,388
1313,0.16882386235264218,1.3818059208929723,0.17777466551764434,0.0021044011522438353,-0.014138570858071534,1.4679806598876406,750.7339862766893,-7.253752800017026,0.07794262410744386,5.707771434180931,-0.6826065781720158,4164.094899213006,4411.869855882172,-0.006885719203141327,-0.0818092363468535,387
1314,0.16885770635438996,1.5729377580974302,0.47603627824944195,-0.02014066380516665,-0.0030422620226058274,1.4922199212040832,654.7367076512677,-1.9847470357942578,0.014638411331097556,6.1066073227282525,-0.5353719007235175,3552.6390683470804,4975.53358593971,-0.006685269993047357,-0.13488025795164324,386
1315,0.16886327318742667,1.334252261528422,0.4991209567956662,-0.04509778071410073,0.04529358134772037,1.5865478777550555,233.84448338887714,-7.037939858675375,1.4095323520162562,6.180971903270235,-0.5569139733811102,648.7879466886129,2785.5936210162467,-0.006652302938139575,-0.04305602518894445,385
1316,0.16886433632782646,1.134639190100143,0.3562712067149693,-0.026371141657283544,0.018710650749885527,1.8025566966992723,511.2751031657447,-2.535291011652027,0.1214653305056059,5.789899033375156,-0.6231685738311987,402.33153661796797,1721.4385854280151,-0.006646007092744904,-0.13488025795164324,384
1317,0.1688685514529242,1.8551189348932402,0.29227603479956255,-0.0036670124365187845,-0.01246592287512307,1.4989210568038391,662.493791159884,-5.379032329456529,3.1171024063360786,6.001309446385507,-0.7045580184463044,2386.566035745305,3595.0511944262166,-0.006621045797890886,-0.04305602518894445,383
1318,0.16887251052053595,1.4843076953899015,0.8354092545287903,-0.025068257828366806,0.0014688598425457462,1.5303677377915357,302.68400530946855,-8.746602650436186,1.5531750019723578,5.989569809355796,-0.8416089169431636,4933.159382855148,2998.6802574235376,-0.006597601401824638,-0.018029612744777428,382
1319,0.16887568901495578,1.8554922282504567,0.25787338796889925,0.035047936170825585,-0.03566865681140602,1.6580087664080143,343.5360867407034,-8.73357198931783,3.127279873198553,6.038019441816738,-0.775276119881741,3257.4108372688047,21.46506179661168,-0.006578779720919678,-1.8600397697631286,381
1320,0.1689132564894961,1.3738956351624236,0.3872508987832496,0.04573453914594561,0.02214510682551646,2.2221909370991706,394.70792762964516,-2.2995004139457285,1.789307573622306,5.99060140655754,-0.5605731842980419,1475.1764706521726,3057.172595374726,-0.006356348080186258,-0.13488025795164324,380
1321,0.16891537226567546,1.1325928151356608,0.7557299476539404,0.039324632596080586,0.04458225977641231,1.6846827356395253,653.2923171293139,-3.166454377434807,0.151030358631119,5.844183418341962,-0.569783839657944,1842.252314269982,1291.019985459354,-0.006343822343764259,,379
1322,0.16891928766146658,1.608123195893168,0.39364258328909574,-0.024272465254868238,0.030199958176013765,1.544487102741408,675.5612112014097,-1.8967296310068795,1.577838058161687,6.092811602022548,-0.7744184438020709,2608.1262898806535,1306.1423535765173,-0.006320642982650602,-0.04305602518894445,378
1323,0.16892668057069282,1.6625381929961338,0.19224415610828388,-0.032893271284387605,-0.004879877174713816,1.589722330780196,388.8037418207497,-7.796467268191045,3.1115388515391267,5.91886023557611,-0.4512883425070514,1536.983182737702,3163.3257693880346,-0.006276878013245732,-0.0818092363468535,377
1324,0.16895413844870424,1.4125661230119082,0.9361258866469769,0.03112502654053204,-0.005921553843329531,1.7033646931072126,789.3971986010605,-7.1268365413704124,1.694303682778609,5.707784895579783,-0.6120679389529,2740.525663027414,3445.845239763137,-0.006114348052764496,-0.04305602518894445,376
1325,0.16896302216512157,1.9738483378362184,0.12550458453323804,-0.03641323930884306,0.02082491563713745,1.6864515480136324,325.7963062753083,-9.651339946753406,2.3368159548439245,5.991687383020706,-0.6496167841233884,1195.5128029277637,4867.216770811052,-0.006061768796918887,-0.04305602518894445,375
1326,0.1689868025131051,1.7150549384607483,0.9512285447307907,-0.045706917713369655,-0.03853324244890836,1.4956169966529291,671.8043145864468,-6.700018343909641,1.857378493616416,5.581167406355177,-0.6968623340759944,2004.6081572162889,3679.5569315006787,-0.005921035786955701,-0.0818092363468535,374
1327,0.16898787154209338,1.6283131015942613,0.5107689080278734,0.04582931976441338,-0.0033114860783532095,0.16615272565775374,790.6946232013754,-4.048050361850342,1.3722127311672065,6.217220499389229,-0.7734102750176959,3165.889256591005,115.25495095818067,-0.005914709697625975,-0.13488025795164324,373
1328,0.1689889487548907,1.1424596831094713,0.5288448803227558,0.015083348432117016,-0.04304530470194459,0.9419823897884604,787.5400247294917,-3.570827653154982,2.248174092661273,5.629450558981666,-0.7756391324647501,2662.1476480353954,3286.922557373512,-0.005908335220225297,-0.36193846958134623,372
1329,0.16902815216710568,1.2736883606643556,0.867666975759978,-0.02190866603377348,-0.036746514935146316,1.710260352058056,286.8421444351918,-6.991219814321099,1.7005721483379965,6.004223876985869,-0.6223621173526229,3112.8120320383373,1432.8136453889383,-0.005676374101846904,-0.0818092363468535,371
1330,0.16907931991980135,1.2881298916577322,0.3497142427174314,0.0035224119703206524,0.027251077608245754,1.590880591066857,712.9700805682359,-8.821989975423355,3.0647546354140376,5.913042547789037,-0.7052910649902624,4922.920801011324,2512.893149551591,-0.005373702570981333,-0.018029612744777428,370
1331,0.16910036867696412,1.6983181494806432,0.18613982096391177,0.011512203657109393,-0.04297408216199432,1.6331332626344137,596.0742474992313,-7.984967723845714,1.482630223342969,6.106913542100393,-0.6827541402148987,3396.8286657888266,3149.083749278591,-0.005249219889706647,-0.018029612744777428,369
1332,0.16914604558073343,1.971178677727748,0.7599186663881498,0.035472187534160746,-0.025794463250575085,1.6265970980621043,686.2984843511016,-6.104445445285647,0.091186145098054,5.840091380869161,-0.7009288701624621,3163.377572803613,4214.947607758282,-0.004979139249565386,,368
1333,0.16914702505689577,1.3518930304985601,0.4187878300576725,0.025620581553004385,-0.023197648041088332,1.695771690637193,441.33195002069715,-3.1509320308765223,1.5919911455161817,5.866907364312791,-0.7661363754166387,1787.4212818164472,502.402771507853,-0.004973348553562594,-0.13488025795164324,367
1334,0.1691545498570321,1.0665588412246896,0.6425477580856198,-0.029184957219337962,-0.02551942443170178,1.6031190362376937,781.7380364595706,-2.853398070577274,1.8335543400165255,5.771470913719846,-0.7185156571731134,3293.1377121867436,2342.120350394516,-0.004928862800669851,-0.21976266600244637,366
1335,0.16915809523381015,1.2098813343777708,0.21072898694647907,0.035682903879336,-0.03028218124414344,1.5612552779156073,734.9314662751915,-4.819329991522009,1.6246218799218797,5.633935874770812,-0.6645315302876362,4043.547320933512,3641.5034996720733,-0.004907903626830752,-1.8600397697631286,365
1336,0.16916916061695822,1.7282040581464466,0.518101041081043,-0.0022716023484332186,-0.007268343768422172,1.5875153096921475,205.6003540848809,-3.3664947995290837,1.6089526574474906,5.946992169527626,-0.6642621908326646,3862.03623447756,2515.13719879497,-0.004842491319911532,-0.018029612744777428,364
1337,0.16918739601729155,1.4152206966223133,0.3970092259456754,-0.04590899455578647,0.03792192573188177,1.5882094625245453,262.72691338356543,-5.426377024921493,1.4345997761996536,6.151821041883431,-0.5932199817995217,900.749614146989,1752.6094356921885,-0.00473470324846134,-0.018029612744777428,363
1338,0.16920406707945496,1.7331459779027243,0.2026365382591856,-0.012248905464285673,0.039026877915640065,1.650375544865747,630.3612920441232,-9.84745053015361,0.47658340968295726,5.333418352257828,-0.5050433114995524,4040.2054658971165,3412.6550968009433,-0.004636172026472558,-0.0818092363468535,362
1339,0.16923059850925945,1.0797889482291074,0.16890808379784344,0.038010064055565874,0.015132285821173076,0.7810381681731778,515.1036713766806,-7.420637662575886,1.7987695042023077,6.2355980183748745,-0.7384489661377748,1109.2891156187038,3828.5745184436914,-0.004479382946853461,-0.21976266600244637,361
1340,0.16925118948984458,1.0498678571811477,0.34689718424622445,0.0319458059098057,-0.018114952553888446,1.6445566459806868,707.840410188265,-1.2915625741284436,0.1303459655762601,6.1455743620458545,-0.5688132222418161,867.5388789103978,3948.743593888966,-0.004357716249608373,-0.04305602518894445,360
1341,0.16927871641578782,1.0479249619917046,0.5191844281116107,0.04134672316668267,-0.038721205306615734,1.6884641149395623,795.4547857144516,-7.379068127215853,0.15784576426817787,5.678707942308053,-0.5302362379095117,3989.2524059784196,1849.8519240226583,-0.0041950899910971964,-0.018029612744777428,359
1342,0.16929938690664725,1.0246490516783684,0.3168938825093093,-0.033399606187845494,0.007489505048782812,1.6422543461718273,416.71383553130556,-8.974407663474828,3.091629331195771,6.047685134173581,-0.7418126461552565,754.4498212275956,1006.2689293024393,-0.004072988232688323,-0.04305602518894445,358
1343,0.16933353809202445,1.7183464315296877,0.23330452725741177,0.029474844330430246,0.027323920431229484,1.5357425915102005,537.9956997904827,-6.212941965569945,0.1339012111371667,5.868970108302904,-0.7960478651606632,1839.8284039109124,3228.9528728110627,-0.0038712879078150395,-0.04305602518894445,357
1344,0.1693463858120266,1.8507646199923335,0.2698628553414631,-0.0034356670846321536,0.04107883458038446,1.5273768453945498,455.8834014566652,-8.772327986890835,3.1086763134181052,6.039014504862868,-0.47690193298374,3872.3302596718845,70.20319232248904,-0.0037954185154850297,-0.21976266600244637,356
1345,0.16937499990003313,1.3518863057244754,0.27954539774504605,0.0007748757673918394,0.04698545413288062,1.4720113552964746,726.1941584869189,-1.8703765409658244,0.4456985194436999,5.355176085801289,-0.5523735542193982,2536.435632408924,1112.4994588156685,-0.003626464978523628,-0.04305602518894445,355
1346,0.16937690457756566,1.8746627858860045,0.8940781397904038,0.012632454842156849,-0.00478686651860309,1.5676219107575229,372.254388175825,-7.4409756789529276,1.5504925989236968,5.930296343076959,-0.5137676143622721,2500.8958300126355,4883.042874117877,-0.0036152197131774054,-0.04305602518894445,354
1347,0.1693780250982007,1.159023260148261,0.23025991527958528,-0.0033735084873496813,-0.043890082776397846,1.5578638223383556,552.492975534221,-7.4312675683208935,1.7220495310650341,5.878467371852881,-0.7159201351367404,3611.0320506227763,3652.68779533435,-0.003608604189474455,-0.018029612744777428,353
1348,0.16938605519887517,1.9636031166528847,0.719749435427276,0.005278918705737563,-0.014675581715271373,1.5695461341452228,225.9937661005164,-6.952139879254453,0.04177100492106652,5.9645513007651,-0.7260805639565789,3877.992661620021,1201.3865090142538,-0.0035611959715529592,-0.0818092363468535,352
1349,0.14403300216759218,1.6233010266387027,0.13189129350129025,0.035876891738438776,0.03941109586005563,1.6960135635239428,572.1060561148245,-4.963547757245962,0.19922098362024226,5.621170733993495,-0.5698093914723957,2325.912271725329,2574.378021311082,-0.0035324461695854584,-0.018029612744777428,351
1350,0.1186783986510662,1.6523463826922236,0.2557016750511585,-0.015421961371563923,0.0026941519747211025,1.6843248759406375,673.1175169606319,-6.767589613830428,1.502163828209436,5.968323729680663,-0.6031493423846082,4491.692580266808,4011.390964882738,-0.003504476069172903,-0.018029612744777428,500
1351,0.11871230175232207,1.0242134673921819,0.17764475080233927,-0.002623246827614319,-0.016474999998074,1.1466204968086362,584.4445861463432,-0.36499964520577766,0.7943444723070368,5.959802245998303,-0.5965963301291874,3909.774128863153,154.08865384831412,-0.0032188448170792916,-0.04305602518894445,499
1352,0.11871329482295802,1.5725654807506382,0.1512651316145625,0.016774816068887578,-0.0279595443714179,1.4926310806227148,523.7387653844439,-0.8382601101827972,1.770623011987738,5.69217453238864,-0.7085936198459462,3578.9374326473117,1053.5643407464133,-0.003210479496345852,-0.21976266600244637,498
1353,0.11871388302338791,1.71121874431036,0.16594160668104627,0.04420072303840068,-0.046731482824577654,1.6400355832850757,521.2853947503485,-6.851867509832943,0.10705089386711414,5.800277733878055,-0.6350275104279229,4443.851806651712,589.4203085610186,-0.0032055247103464383,-0.0818092363468535,497
1354,0.1187142864007725,1.0292734990006258,0.2951792222621412,0.04434461091066513,0.028301029468325977,1.1743015594618305,367.9397227722117,-2.7099178475635926,1.7945623029551079,5.84929003818026,-0.5206282457795716,3931.093327992297,1482.8440379702545,-0.003202126820451956,-0.13488025795164324,496
1355,0.11871616363991772,1.2955428704802272,0.1690771184425903,-0.030342592330886917,-0.033215935408849775,1.6733262532765851,730.0717701345491,-4.975275640372125,1.7967621067934965,5.625482304612368,-0.7930655654090891,2869.5359531860718,4099.4198261169,-0.0031863138601580425,-0.04305602518894445,495
1356,0.11871747669471493,1.37627666415736,0.6861046270946396,0.04909810795081167,0.026269975189476893,1.4942905495931262,570.9809948914929,-7.764708993606712,0.055319556328135934,5.7876655378962,-0.6723321616692787,231.48298625209728,1723.511990829516,-0.0031752534662895723,,494
1357,0.11871864536966534,1.2616085782441866,0.4681006703130419,0.011472526276771436,0.04559073239403697,1.2219507146809099,556.3018155046827,-9.888536995996049,0.036683847187803015,6.006368903958965,-0.6330928943510282,827.080932089527,359.2764816863347,-0.0031654093453268306,-0.0035324461695854584,493
1358,0.11872188949170766,1.2528062115210266,0.5252642261412787,0.04859867032922156,-0.024499425277359575,1.574492963325378,430.7853080397051,-6.655037174002889,0.15475456910322127,5.714637598355849,-0.7377633832405334,2630.2081723446636,4774.179118231701,-0.003138083581021505,-0.0035324461695854584,492
1359,0.1187296998520071,1.6161629885712805,0.3062173781009256,-0.021878541657014507,-0.00217729569226658,1.6363454169687595,551.7632999343236,-5.754508665883316,0.006105732217016602,6.160623852784371,-0.6562379595484997,2672.35021456757,3001.6654451922686,-0.003072298716642538,-0.0035324461695854584,491
1360,0.11873590670763581,1.4667928311965324,0.822177199538407,0.021686199741267533,0.04051763006821019,1.7129794568851473,796.8334970804916,-3.5380413716093746,2.256860223437185,6.1760713621439765,-0.7403818788178217,4136.608911804718,213.5189685448898,-0.0030200228884876834,-0.13488025795164324,490
1361,0.1187584965714554,1.4691564922541995,0.8165293779949763,-0.03277207279083653,0.04478939368322023,1.54626965454987,678.6699696123321,-7.354929769490747,2.9517738568413554,6.126231491917923,-0.5632874245197967,1888.483978672494,3690.869581559978,-0.0028297879727772653,-0.36193846958134623,489
1362,0.11876537381465252,1.81956155933063,0.7290519852282745,0.02793960591884417,-0.016990695720802543,1.5589826529353408,175.6549688458611,-9.999867752202936,1.4535382418463778,6.101720740108193,-0.7342713666429008,625.7770160348784,238.72557655713297,-0.002771880165933209,-0.13488025795164324,488
1363,0.11876626820122853,1.447055547533282,0.15801461451945004,-0.035746196612366304,0.03020287088152671,1.6191613534272427,584.4408662296572,-8.34152641256388,0.141704543743151,5.758586546003295,-0.34010553938208793,450.3711681524807,3654.166578757726,-0.002764349492824506,-0.0035324461695854584,487
1364,0.11876810319488632,1.9056827938141279,0.5490605947143106,-0.01730700262108507,-0.04517398522706274,1.6223698835633749,324.1974520177458,-9.02886605306433,1.427774123872405,6.036652467434931,-0.4552048852957066,1322.7006702231222,95.13829196803563,-0.002748899150680162,-0.0035324461695854584,486
1365,0.11877469565502728,1.4564825207225676,0.27018562711866334,-0.009954731610963165,-0.04251134891764124,1.6033072764671148,701.9759729214345,-2.6181312943261847,1.5914601867743663,5.785481522721167,-0.579316718371331,22.293327330693344,3412.92958141989,-0.0026933936992790466,-0.0818092363468535,485
1366,0.11878220505483254,1.1597403862564746,0.7322173582452178,-0.023414737270806528,-0.03766426697790895,1.541005214055823,696.8208387420829,-2.959143777120712,0.053213874887943824,6.068379429322399,-0.8711997130380347,4142.8141813149305,1199.5025003244348,-0.0026301717950387438,-0.0035324461695854584,484
1367,0.11878309894053662,1.6699174650948718,0.19329001873071722,-0.0023732176912203977,0.0062347774714635274,1.5116792150394955,606.6768793113032,-4.253173312155245,3.1107428372898775,5.964877249513932,-0.7775331481973878,2645.2240790950677,3709.34279904566,-0.0026226464056912195,-0.0035324461695854584,483
1368,0.118789121914598,1.9922972015060076,0.2221762697220131,0.02609741156723924,0.020816729855290424,1.18647918914438,767.8405147165541,-0.790216061339724,1.9314506061671632,5.702358101028548,-0.5844154980637877,3647.3234835004396,571.4887707706556,-0.0025719420426851825,-0.0035324461695854584,482
1369,0.11880061907883521,1.079518880188107,0.9758695347296836,-0.03717194575495842,0.01163863796878403,1.3948155662509927,769.6560170589438,-2.947667121332392,0.12108803319122266,5.886970225535892,-0.49327772183759766,4755.37179999073,4194.80992298151,-0.0024751603870123012,-0.0035324461695854584,481
1370,0.11881190350673818,1.8434979510395164,0.13267151321732826,0.033700760961281884,-0.01681072389968903,1.6886967271426425,437.1939254018156,-7.691665291639451,2.8354189672850376,6.131214168291968,-0.7746731478819077,320.2377600274362,1217.0955056829919,-0.002380178626023355,-0.0035324461695854584,480
1371,0.1188144606634323,1.322309216383115,0.4599819342451036,-0.023779776143524393,0.016695587473527295,1.6254391758656168,773.7278221323581,-8.172776576206443,0.04429201244762072,5.953944649918742,-0.5651736886408081,575.2456920008578,4662.008477276623,-0.002358656126218001,-0.0035324461695854584,479
1372,0.11881511264401293,1.568704254300021,0.13139994447932493,-0.04313955680335942,0.0021194808820567137,1.7870458921622558,588.6725060133888,-6.431163741016781,0.04348873872119177,5.989092316834693,-0.7638990011046761,1630.079313663985,1750.3266439072497,-0.0023531687572630744,-0.13488025795164324,478
1373,0.11881597953480866,1.7505658884197342,0.2235425611913242,-0.0004880754677837971,-0.021039702778925286,1.5947266218755096,634.151670227363,-4.17340628961954,1.7139336421251092,5.83181441912006,-0.6556447034494922,2471.9118068361263,286.2204890808482,-0.0023458726513996865,-0.018029612744777428,477
1374,0.118834892921964,1.6589175953516653,0.1507124117730507,0.042502050449630784,0.0020098720359140246,1.5649744346826866,524.0278440490886,-3.344716591937045,1.639881542652009,5.762220151141104,-0.485856222434681,2865.687794351802,81.80162250660135,-0.0021867031351609873,-0.21976266600244637,476
1375,0.11884005009751933,1.9555574779771676,0.23890529160659407,0.02281715662920731,0.026688935163640952,1.6953853264028391,743.6635468461855,-8.746842166810596,3.087572942811408,5.902994393471082,-0.8171575186641578,1643.5454610931192,2244.302026374744,-0.002143306254641743,-0.0818092363468535,475
1376,0.11884251778156041,1.3927504662090078,0.5475828826261991,0.04952750921119601,-0.005345912807121531,1.54030693549283,732.3376463361253,-7.683228952791746,3.1071719208602326,5.775017201029309,-0.7308674787177973,4944.694440549451,2262.116666592315,-0.0021225417192905355,-0.0035324461695854584,474
1377,0.11885060987388607,1.3792547449303536,0.14966542748009795,0.0037615367180039417,0.02503953357354924,1.604189034403141,669.2691433691133,-0.25524140866524053,1.669602252376468,5.910758526323596,-0.7037625490442881,997.7320008628378,3580.5547030665402,-0.002054453151377564,-0.04305602518894445,473
1378,0.1188511112490899,1.2972491970351676,0.5788012737443569,0.0370917233461437,-0.0072544946704297085,1.5978772644650086,620.8884841382927,-3.8137874998948638,1.8773399748555795,5.622859575336322,-0.7359495889874235,2219.386034305427,4710.5958119173365,-0.002050234627484611,-0.018029612744777428,472
1379,0.11885436584375805,1.6064968957280972,0.8978104487349674,0.04023744875280953,0.0007947931488682903,1.5347908736470224,485.69604628770094,-3.574879016820029,2.991968772227461,6.183133931162615,-0.6828778798947246,4683.001460430673,2496.159936376095,-0.0020228512056724365,-0.018029612744777428,471
1380,0.11886356653248362,1.0327605043501737,0.21736199249265234,0.026657863747068557,-0.02213112006168426,1.5482036329542952,774.828477548049,-7.678050910452528,1.816797839215013,5.8214420741899495,-0.7386831027794784,1609.5768035872638,1958.61472157244,-0.0019454427523244036,-0.04305602518894445,470
1381,0.11886432044717331,1.3107513862367568,0.5194231321582488,-0.013840997355170555,0.04964806695270092,1.592175006905201,786.2638255000159,-1.2135111051140473,1.6060012825955652,6.028589287638319,-0.7390888441693968,75.3650921899232,3405.899671208631,-0.0019391000829892795,-0.018029612744777428,469
1382,0.11888534515930328,1.8506157569435342,0.33709717382225296,0.03721695690991114,0.015513247416121154,1.552747643904246,610.7399328284354,-9.277046642111525,0.035850899032524836,5.87983317299267,-0.61009931320478,2172.9111000852618,166.59388489461577,-0.0017622357991305508,-0.21976266600244637,468
1383,0.11889120971253188,1.1051807234544715,0.42112082277926827,-0.009715119896397919,0.039485224391398885,1.3077789427474091,634.7417691610049,-5.352591924992623,3.0515812753098674,5.760166122171495,-0.5747984618402519,1830.3218604309984,2681.77472238041,-0.001712907527634852,-0.0035324461695854584,467
1384,0.11889358724154056,1.732166629433158,0.7575006343818499,-0.024348489661846027,-0.04657690543834043,1.915331667689354,776.0128340706715,-4.9807675718741535,1.257911942918578,5.892658016266875,-0.6562598320165209,3236.86843673142,3504.89548396718,-0.0016929102103875049,-0.36193846958134623,466
1385,0.11889542571275415,1.618220472509403,0.4413129186726624,0.022853191272914946,-0.008799644138538504,1.7773897500271278,283.130873135376,-6.18030594211544,1.5162439202480638,6.110076893221017,-0.5562618477236585,2921.0122693166127,1901.8965448425472,-0.001677447164450785,-0.04305602518894445,465
1386,0.11889981042360884,1.6963508911418737,0.30664608580635727,0.0017424081697955253,0.01565660822941685,1.5804965210814834,639.8106913432518,-9.849348714518127,0.15293002170832892,5.789724808313177,-0.5058255314495366,2283.1436008709957,3726.574597661742,-0.0016405691266099818,-0.04305602518894445,464
1387,0.11890407585539531,1.600828505243052,0.5414752148086595,-0.023635997406291517,-0.017685060715255836,1.6216418153955254,700.4333392733884,-8.255312385863453,1.5448874066566258,6.050778177174952,-0.666181509834261,488.04820724440134,4097.592827233516,-0.0016046956020249136,-0.0035324461695854584,463
1388,0.11890888021677733,1.465645631382824,0.1285419413331153,-0.023305358778510938,-0.033890324877464476,1.5746433271881062,677.9234140716947,-0.4019195088582581,0.3547258688070623,5.9960387100264905,-0.5044807820636775,2684.5092822833985,110.91068166593172,-0.0015642910634512674,-0.0035324461695854584,462
1389,0.118916216147129,1.4364095948071842,0.18905179618199516,-0.036979289077347474,-0.03493069941985206,1.5985692718593434,421.90604256629734,-1.1835146070464582,0.020279499106891752,5.9547362974915234,-0.6687333992384131,3129.3865908929047,4484.491912140338,-0.0015025992531484144,-0.018029612744777428,461
1390,0.11892430001101326,1.682461077418034,0.487657253839686,-0.028519531715518555,0.0029111805714901306,1.5993395217421997,605.2054197235748,-5.7318422253554395,1.6119133915722823,5.8353631143323605,-0.5711693520549529,3386.000763011532,2106.6729890530737,-0.0014346220723133688,-0.04305602518894445,460
1391,0.11893015868257083,1.6667041165382241,0.6479745182838124,0.04191358080986754,0.038855857714807665,1.5941707868132708,706.8748965451489,-7.828070429313351,1.8152405222893038,5.6927469107796185,-0.6600880852100338,1924.156683327699,3429.0796558146153,-0.001385359413287234,,459
1392,0.11893400641438129,1.926245157075928,0.1692533290678413,-0.009104962071473675,0.0016208650544586557,1.6463719865523216,566.1728130140775,-2.5602036529013645,1.3972840235759114,6.214462742109284,-0.6244868167306877,2577.9363939249984,2393.933257176876,-0.0013530070678801631,-0.018029612744777428,458
1393,0.11897961747692626,1.3015091910394725,0.22776206599398868,0.010917782644752395,-0.0329079050133368,1.3807708971329236,696.696339987894,-2.721257646545911,0.17002236782639724,5.729316020102789,-0.6869855523563405,700.2220757227021,1422.026071708492,-0.0009695816686767084,-0.21976266600244637,457
1394,0.11898192803377433,1.624422632083315,0.9922730536134077,-0.00445298685405811,0.0010214353046616737,1.5246123091199795,478.9428179894937,-1.7429896996573653,0.2665551274073725,5.716820493808209,-0.6386425048765955,4769.147351149749,3860.7513985861324,-0.0009501620869187752,-0.0035324461695854584,456
1395,0.11898439628462078,1.7543914830221101,0.2222523002221628,0.03438605958801535,0.03029723461615287,1.7454092037059328,734.2588244351139,-0.9938060345304998,1.4056403025193165,5.976671078032582,-0.8207373186775542,1190.1649465442285,455.7493145466111,-0.0009294175478979094,-0.0035324461695854584,455
1396,0.1190202475539502,1.3410785654367738,0.14184900334395642,-0.032330425205843255,-0.004795519552732814,1.6061983359409744,751.2749551786941,-0.33153765240087274,1.9021150641404,5.507939078930534,-0.7106037329064852,4990.33898792619,3680.069852443339,-0.0006281522530434475,-0.0818092363468535,454
1397,0.11902383432745424,1.328213591488852,0.1363276437150892,0.017601277400349502,0.0030416091643701414,1.5904906118402693,557.3757810329607,-6.306757670950221,3.11762554436116,5.983686421157888,-0.8545957217781853,4246.031568915331,1363.1768782097804,-0.0005980168808239522,-0.018029612744777428,453
1398,0.11902620574622452,1.5374521121392772,0.753586375495387,0.000341002735859831,0.009229999907182559,2.013625626719591,386.48003279267346,-0.40236312995325524,0.8350099190033197,5.770822972468857,-0.7480448261565077,801.8118512169126,2704.111778897837,-0.000578093181027084,-0.0035324461695854584,452
1399,0.11902648400539743,1.1504333730011143,0.9485989890670121,-0.01334349563638991,-0.04741257545870816,1.7520554275507578,480.8771742217074,-8.510303069213862,1.4637122348888612,5.837056279448027,-0.738813537234354,3681.2566358803406,310.27559231090646,-0.0005757553862736908,-0.7187449729767704,451
1400,0.11902675713538148,1.681007896218724,0.22883312750147156,0.037731856616047554,-0.0035195843894420585,1.5847348987964087,541.8944343594844,-1.7434641298449371,2.9416194879415527,6.231473856191871,-0.7035882040582873,643.4283762912737,811.3990739750569,-0.0005734606895681721,-0.0035324461695854584,450
1401,0.11905239465498188,1.9576507073131078,0.3364133593947648,0.033056368734944414,-0.009762513659684346,1.5785999073781725,429.8999950918447,-8.093090384447773,1.5884930425357973,5.963878972048622,-0.7306475701660093,2619.9914379123925,1211.3880947925384,-0.00035809097314417455,-0.018029612744777428,449
1402,0.1190546619195249,1.26866758974059,0.7195193283001879,-0.013601350557496016,-0.04459654779550064,1.5481147017640764,584.8396762728221,-5.020401350695089,0.3361122443390446,5.531527500677687,-0.6472477239339818,2566.5281677311996,1140.0332013414666,-0.0003390468963110492,-0.7187449729767704,448
1403,0.1190664715824422,1.8636611102921905,0.24805872459657274,0.02387465672614227,-0.04978793249213005,1.4236139747986194,451.0022409338603,-3.622109591705278,3.0773015772645866,6.009137389325109,-0.5865626602031513,2869.1260283517304,3811.2074107931066,-0.00023985651577990152,-0.0035324461695854584,447
1404,0.11907406624384655,1.712310754439662,0.16752531639729995,-0.04484583723356065,0.012814021216377997,1.5633638317877487,427.5332517045698,-4.1840754617591545,3.109947356624868,6.046187498860668,-0.6917273214971691,2892.05441475102,4595.911103779127,-0.00017607349521543713,-0.21976266600244637,446
1405,0.11907574813515576,1.0761345863037355,0.24247793098225318,0.03916883583847176,-0.002986138950238731,1.5030229817841845,522.5928338736139,-0.37828798046210343,2.8913432848341665,6.229844387205646,-0.5647865965387806,3336.7855638802866,273.1363823479578,-0.00016194884583945954,-0.018029612744777428,445
1406,0.11908091197052006,1.0431238885482828,0.8895191795891388,0.028105874986859746,-0.04982481744419192,1.2899960013637766,363.5497172240531,-6.0888413957383,2.468904458856811,5.760150200510354,-0.4516694567627476,1024.5936009750687,1490.9812917228548,-0.00011858381576990151,-0.0035324461695854584,444
1407,0.11908371571860125,1.5536287697460354,0.41655801629732536,0.007916533088977176,-0.0036078889506511863,1.5646743323622383,320.1048357876416,-7.791518926005909,1.5177793339530943,6.06740175297881,-0.6629653171091436,2800.550743734851,1645.0510111475514,-9.503919361780971e-05,,443
1408,0.11908424540230796,1.0566325252130255,0.4548141878626569,0.0327094717535827,-0.017204573524084898,1.6173923416205187,292.9646248081513,-9.26733581938085,3.0807041269195414,6.0486197390186165,-0.5923336172997181,835.8346487132211,1950.277793399435,-9.059120912634222e-05,-0.018029612744777428,442
1409,0.11908669724194978,1.0456843044532647,0.25833957725152834,0.022630687770862735,0.011780378198703536,1.1067927660763979,676.0599184483364,-8.48032609828709,0.567813521425222,6.0488155167064,-0.7144694230842672,4993.925455383982,1713.075183071836,-7.000230257639406e-05,-0.018029612744777428,441
1410,0.11908946613650798,1.9686629830730544,0.26310490114085955,-0.00807106375018347,0.0035025775692135667,1.5656123821727235,677.2316342194715,-7.599962893496223,0.02196000911785405,5.956674222838216,-0.6110130850062889,3774.2998875155336,306.9340969923807,-4.675149086378951e-05,-0.13488025795164324,440
1411,0.11909002768186427,1.2209409884506812,0.5884908957528113,0.012221712588803864,-0.04370204491637421,1.114728571746489,719.0751998568886,-3.3429649171183433,2.753491333215021,5.8489914191376595,-0.7384937981060405,662.421192763753,3.1079294469056014,-4.2036178498905397e-05,-0.0035324461695854584,439
1412,0.11909317574533008,1.3511051569359982,0.2355255330859583,-0.047514144021608425,0.023059394624153424,1.57112771587177,739.8969109575312,-7.2220171059003215,0.13807675865515687,5.79493393606013,-0.7352244817947174,3310.738596355445,4696.821002611961,-1.5602211535482918e-05,-0.0035324461695854584,438
1413,0.11909556978219096,1.748689202682234,0.12527548272099745,0.011319680144244554,-0.03643109925085659,1.5660444946066343,291.9295081395101,-7.255884744156691,0.1466443766509811,5.820747672023417,-0.7598560035140582,3307.791923573297,3604.790372692649,4.499803419743317e-06,-0.018029612744777428,437
1414,0.11910763018648102,1.8960363344782676,0.9942282415271175,-0.04433031817815942,0.0382612555505964,1.5329944082083602,778.0199551297546,-1.926642339293528,0.06826180599226017,5.940247211708025,-0.7532012251469418,4632.559134999673,2885.5602925753465,0.00010576128349226548,-0.7187449729767704,436
1415,0.11916092381600349,1.6687710720058957,0.17623513867749044,0.037030037916015716,-0.030597019587352746,1.691731388953635,502.39605794905435,-7.421235218422469,1.6692569615481352,5.968035112789672,-0.6347721668788345,873.4004256110051,4773.311880629099,0.0005531021475424641,-0.0818092363468535,435
1416,0.11916841384156024,1.493566688287114,0.1679117841569651,0.018137776357400902,-0.012953099664264701,1.2414111203344467,288.194032505661,-6.388089230887056,0.034602848389601655,5.996791194893309,-0.7073171101372603,4121.879875378639,4511.132559766669,0.0006159565626849828,-0.0818092363468535,434
1417,0.11919099450713594,1.24947814816549,0.19287302092938782,-0.014216767298975775,0.04229641070654109,1.4866927395580218,719.6305005695397,-5.902817176777655,1.8506744971441167,6.087758971375794,-0.6749397592728669,882.5828730953818,2424.1148637964043,0.0008054239371793059,-0.0035324461695854584,433
1418,0.11919245870287241,1.7615741328932895,0.15989617726622585,0.020974053208380798,-0.012846096953145812,1.6949622584157737,649.5890836216357,-2.0398546019774333,0.4130972698895251,5.5941905343311245,-0.535926841528837,3388.8142307687904,3315.530032810629,0.0008177083111223088,-0.018029612744777428,432
1419,0.11926915585603978,1.8832892180337244,0.8899636213707594,0.020419611153878057,-0.02421468321957917,1.6486432316737187,702.896354145479,-1.9200930842242288,1.7189623675102061,5.70928623357935,-0.6442735229897608,4383.603481208285,3250.1717099224397,0.0014609745739286358,-0.018029612744777428,431
1420,0.11927480933684845,1.1434389019403954,0.5887689875285211,-0.03428836230201537,0.022139545757046995,1.8899830192752587,665.2396370969884,-9.738186032314749,2.7509531572942354,5.75220477634709,-0.4932621982268823,471.01066947784676,4587.192623811062,0.0015083744802658339,-0.018029612744777428,430
1421,0.11929557503877884,1.1480011355799011,0.20981446948236016,-0.02910794851448257,-0.005795858494493553,1.363414784052476,649.5090594972261,-3.878403220597536,0.025760043922753238,5.686633136067025,-0.6223815407435886,690.5471712758895,1069.1227502672004,0.0016824589713195712,-0.018029612744777428,429
1422,0.1193214570855236,1.3846641178671426,0.2645249095490592,-0.032600852887858835,0.04711170665760671,1.6502874637949196,426.1241906770515,-4.491274428305708,1.4196125907827855,5.968580551430637,-0.7162701478156325,1453.4477798740597,3629.6427716374383,0.001899392746940759,-0.13488025795164324,428
1423,0.11935485457519168,1.7680386161694348,0.3659727725767286,-0.010202803636491304,-0.029651132588064254,1.9010608399408526,781.7691807119649,-1.901541052297738,2.3854888836547112,5.759103631929485,-0.572571187643601,4485.3423633240645,3339.164139461158,0.0021792486711612047,-0.0818092363468535,427
1424,0.11935831187908189,1.894982445750375,0.5485335366734202,0.02862688902902009,0.007113071448547593,1.281929985994288,421.48215859648093,-5.685919070587265,1.4177337476043046,5.8136819165442635,-0.7167857329201509,4472.879124989003,4419.982694033641,0.0022082148479358743,-0.04305602518894445,426
1425,0.11937794946154354,1.8542053655402249,0.19597305933203957,0.02521829243633436,-0.035165463148119795,1.605813416665685,417.4975816154184,-4.791783733021654,1.629013278175272,6.034689787904183,-0.8689091802839949,2041.9456652984632,4371.590995582608,0.0023727276235905315,-0.0035324461695854584,425
1426,0.11939350220509888,1.0971678454100653,0.7582770923089879,0.03157825985085104,-0.031548145370868766,1.1453856534966997,483.0701482921648,-4.217525513970313,1.3896682943386112,5.804705718996242,-0.4749701031131885,905.810812313054,3109.515039736294,0.0025030006815730532,-0.0035324461695854584,424
1427,0.119396031675836,1.8077516027744955,0.4693787151720326,0.04752785714758836,-0.03867477259348205,1.181819507508311,740.089792833485,-1.3078613564123591,2.9989792870730434,5.643095603719286,-0.7365572127432937,182.01354534371725,4167.202244389608,0.0025241864571692307,-0.04305602518894445,423
1428,0.11942244007982232,1.4938480339842257,0.1866849850376035,0.027167418163292968,-0.011911827836318858,1.5210778927553437,633.0385356094091,-4.471819138799868,2.601376652975042,6.240765699632103,-0.7056714726899371,4854.65820699382,495.2062744114339,0.0027453452636505282,-0.018029612744777428,422
1429,0.11944479684465802,1.9770909902313019,0.39663511999131573,0.019902231282657577,-0.00299067629132589,0.8031747430717285,544.3916449926242,-6.013458259981072,1.0808934756546034,5.853189203354923,-0.7230738271636021,2909.460392456449,850.7899260351828,0.0029325351452571535,-0.018029612744777428,421
1430,0.11944839277484773,1.337683267608431,0.37403432050151514,-0.022273196514841092,-0.03874533100912301,1.429030729552937,511.6967059685103,-0.37150979643118787,1.6804000846405243,6.073235095436835,-0.6642657722087757,3119.1765678690062,3196.437279319786,0.0029626400653158247,-0.0818092363468535,420
1431,0.11947947157709496,1.8057175802642746,0.4102824898318092,0.03189647591932704,-0.044786756925060324,1.5177078217338196,339.8877627200469,-4.259295400011768,0.3885753895363195,5.856304172775223,-0.6774978927958888,4866.352289982876,3804.805566557696,0.0032227922455504987,-0.018029612744777428,419
1432,0.11951647061744113,1.1726969708530794,0.43183569288638746,0.03346182889371771,-0.002251141627991328,1.565935060841572,237.85543988563472,-7.044287973319926,1.3946195651584197,6.071898268428478,-0.576151531346869,2713.312489506487,2386.6051787244533,0.003532412905277574,-0.018029612744777428,418
1433,0.11953440664185248,1.9857360547241611,0.765664948736028,-0.03538915616056917,-0.0408521745706654,1.2058679920081112,795.2891719355404,-2.5838573430503358,1.6634290535377299,6.129240086663745,-0.6371462171268728,2068.2659280543353,380.05121915507186,0.0036824732158906026,-0.7187449729767704,417
1434,0.1195350735069993,1.9131703809991074,0.9193199319446357,0.03248182312982844,0.036103688680105,2.178805967045232,658.1604320194356,-7.0317046101243506,0.6085947260653006,5.814993203642389,-0.8266032300725631,4769.384556483157,2232.293442917063,0.0036880520555467866,-0.04305602518894445,416
1435,0.11958008600610325,1.0555586303026143,0.5149772788684591,0.047578267160778724,-0.03444047380902879,1.2880556633678613,708.912802858371,-9.846651309269676,0.11913516590888859,5.820554729647834,-0.4597951753950402,3429.1904340894116,1100.552596828617,0.004064544284082573,-0.04305602518894445,415
1436,0.1195835165328486,1.4640614851863614,0.4881751806557646,-0.011319095256846115,-0.03950558963001952,1.2122752077291767,466.9523989772855,-4.369345487631784,1.640284142119083,5.811596571077276,-0.5261714986936298,1689.0048082942385,1973.9510298082812,0.004093231983323675,-0.018029612744777428,414
1437,0.11959251173301805,1.7895088281655116,0.8331683688863013,0.03766844926087131,-0.024185010967218337,1.27467472941553,582.1551809130783,-0.2169097356371194,3.022247125992666,5.6901798096897656,-0.6981959665468255,4115.007652636808,2225.041807386731,0.004168450225120468,-0.0818092363468535,413
1438,0.11959958022997118,1.593283550310811,0.4623393375694358,-0.02725048828719073,-0.04047921841850191,1.596987389815287,712.5407576590375,-5.019760668759563,3.0854203010000996,5.864152238060801,-0.791196531609969,2065.9139039531847,2531.868965192454,0.004227553324218862,-0.0818092363468535,412
1439,0.11961394601477468,1.0652607501150428,0.7853282238864683,-0.03562034068070359,0.016552762882517783,2.8046686481510905,395.4295022625898,-8.736855441517163,2.0142123995027563,6.029606516879627,-0.641732921853094,3681.1855351851095,624.6483562749911,0.004347661790053747,-0.21976266600244637,411
1440,0.11962712635767984,1.4907721530794944,0.15147934436645222,-0.01048647823307396,0.02572006276218657,0.7357373599663473,379.180347837371,-5.0470975054190825,0.1161322122650951,5.877301316855803,-0.6716579906895361,2335.3803238183837,3581.7008521431817,0.004457846406618948,-0.13488025795164324,410
1441,0.11967996653565417,1.3983916319649694,0.864230420165941,0.028766216745669138,0.0030689425535849082,1.720140912442032,713.9856396025075,-9.99013787390222,0.34621399809695985,5.821968237390078,-0.6137121033731564,3129.6992223471857,1035.851153227749,0.004899456207689515,-0.04305602518894445,409
1442,0.11976176416741001,1.106582633213291,0.2120247374125915,-0.04827600027789054,0.024312928032214152,1.6496530277817172,518.2517791867404,-0.9133314901359624,1.4596282695033427,6.155207262479506,-0.7234729241822738,3028.3325391696208,4272.558939817627,0.005582692456372967,-0.36193846958134623,408
1443,0.11977454479746548,1.1365090367855493,0.28285629989936906,-0.0037285919380535687,0.022694700714946253,1.3397502753394275,709.1949411312165,-7.782391928602834,3.006084907206574,5.892470318410031,-0.827760581388022,1321.3414597333583,655.3277740033469,0.005689403878227389,,407
1444,0.11978377881131948,1.0982732879193047,0.6386478931168602,0.022950072629650355,0.025976780408277896,1.4659185320703323,497.9318101965192,-8.875065851395744,1.8890820022835855,5.859751108137859,-0.6965993340282863,1394.6506974048239,3873.371891963519,0.005766495867593147,-0.0035324461695854584,406
1445,0.11980830505117639,1.245532854075484,0.17234579728337773,0.01364602351123749,0.02713547475290205,1.9257979652714663,674.4912529140645,-7.766091201073408,1.5503510440466957,6.056661969670196,-0.6949507919017458,3979.797981214497,1047.026430756908,0.00597122917551994,-0.04305602518894445,405
1446,0.11981874448345597,1.1877301041894759,0.2359370093922303,0.03680093128433881,-0.04000803669209611,1.1871971317489416,531.9542300811114,-6.949162061639946,0.8865394080171358,5.842614819476046,-0.8356082992716838,173.9022277757648,18.77747338237382,0.006058359842155858,-0.018029612744777428,404
1447,0.11983159843280583,1.2750451512691496,0.6287072370340268,0.038138249976139814,-0.02498333325784572,1.313757415168309,734.4929114876735,-3.738238867455154,3.0280958316095403,5.766805189193251,-0.769013935868922,2547.802937047165,1952.3753473454447,0.006165632372704399,-0.13488025795164324,403
1448,0.11987953278589246,1.5205828731737623,0.1315767230528925,-0.014071514186186886,-0.010300056445013406,1.2899884334776992,494.1639503733063,-7.367594225074892,3.063762928698952,5.704124950392235,-0.40739127673631953,2201.701167452567,3711.680939314788,0.006565566689320179,-0.018029612744777428,402
1449,0.11991731358427082,1.010808163589544,0.6400941657027192,-0.044808865763672795,-0.015160275900869359,0.9824155563625864,648.0939236595002,-3.5074680081843215,1.7833616314848266,5.821680777674649,-0.6418025516052152,3145.4587618743767,3267.431972658814,0.006880673407898635,-0.0035324461695854584,401
1450,0.11995593861670889,1.8175386074888573,0.29461959935390103,0.04297378658547886,-0.026832979445918392,1.248874157828883,476.5699962392196,-4.161108474158973,2.9281387802663494,6.1869770271223326,-0.7933488897850418,3201.9682523126653,3437.131807353725,0.007202718758235194,-0.0035324461695854584,400
1451,0.1199837397414682,1.246472174519443,0.3876602670643694,-0.03939702876270358,0.03468168694139132,1.5161461663010294,315.78070102029636,-8.433089375787194,0.15112053016821392,5.722195921716479,-0.6443562647784975,3646.307625462648,3260.004278103328,0.007434453043094208,-0.018029612744777428,399
1452,0.11999093870287361,1.5985624611181086,0.3485086838926691,0.008328445607720978,-9.103425787040063e-05,1.081330360248038,636.6636106906919,-1.2359866282898286,1.8979279132847182,5.786908022567266,-0.8001971792959232,4172.316447989568,4090.7113254972282,0.007494450718279699,-0.7187449729767704,398
1453,0.12000099085932826,1.8911879300065295,0.14748793200144775,0.024849882069179517,0.03924690286888338,1.4903199205705115,633.5085308479324,-1.867688638054438,2.5176069219653128,5.811312607299806,-0.8171538700264315,403.48412701396927,1356.9066206439693,0.007578221505724514,-0.0035324461695854584,397
1454,0.12002865069372405,1.0900010413540457,0.2945386345512625,0.013601946900113219,-0.006624205524610027,2.165413350582411,730.5962908642113,-8.698052432496539,2.5211321936393842,5.834779563926919,-0.713158490715315,2492.0469876026023,577.2990658844025,0.0078086916621923075,-0.0035324461695854584,396
1455,0.12003876608009378,1.0372392318309203,0.16128937481947475,0.028477273031400335,-0.029462160314766884,1.6609716557762888,792.8589045731794,-8.358778148698878,2.27436166077117,5.807993774207868,-0.7313497294927291,1789.949802681631,1605.0498007453336,0.007892962876560328,-0.0035324461695854584,395
1456,0.12004492492502637,1.4363861371396438,0.2125165352150485,-0.04378397138886705,-0.008381160428862156,2.3804900980688246,474.5595356848642,-5.00705501580121,0.6560968972712995,5.821214386186371,-0.880016135717051,641.2918055915407,3738.998615095158,0.007944268693320433,-0.04305602518894445,394
1457,0.1200804237209363,1.9589345193901282,0.7993521282485285,0.004393354925731227,0.021471511143906552,0.989433997616415,794.736680209225,-1.7288633072856854,1.0022506259043162,5.759493292761137,-0.5832540622856501,2324.0984194333187,4900.700225083955,0.008239937571048461,-0.018029612744777428,393
1458,0.12008665066132537,1.2239533370746452,0.1700933290739576,0.048093480648590106,-0.03275485541669224,1.4911621316729895,534.2242279281787,-5.364554400308012,1.7633793630514303,5.638704570184031,-0.7131528362676129,1608.4058954541479,3062.1424595765557,0.008291792642426903,-0.0818092363468535,392
1459,0.12008819030906902,1.485375634825961,0.7252280496710689,0.021910540698745373,0.035375007387055915,1.6186962051721905,717.9539521689361,-7.461119490318601,2.8900539403778036,5.71854695465706,-0.5718825965142689,1423.7308982956065,3344.3072179855435,0.008304613700052033,-0.04305602518894445,391
1460,0.12008841242266294,1.127537139433099,0.43353464874109726,-0.00930712989352036,-0.03237401456711049,0.5923500651435901,709.2369869801194,-4.647804172368996,0.4667534103631079,5.795604286593738,-0.7821737181827264,381.44825475920794,3635.65036631341,0.008306463285654486,,390
1461,0.12013440710312939,1.6417029709795004,0.7838018940581709,0.015412570682707936,0.019569759604745104,1.6974325452548826,283.6123905857479,-1.1369978984204168,0.3482581701612328,5.5828398763466796,-0.7216585376552537,93.41270159668908,2972.351577610097,0.008689396773191388,-0.04305602518894445,389
1462,0.12014155957243852,1.1828394880876698,0.1952865027200816,0.019546904040212046,0.01941569083247177,1.1496711073439831,776.4278198287818,-0.4332983085068758,0.2944162831456895,6.118465649776266,-0.7966006226487539,3067.247873922001,4891.075770480799,0.00874893222660078,,388
1463,0.12019437279966613,1.9737645920766878,0.13389498025758045,-0.013875342770728556,-0.03266062653423621,2.3515275267653766,405.0135197601364,-1.9761023088953584,2.4363804960306883,6.102255081659478,-0.7504603481664021,3447.3853240125727,1899.5480432478425,0.009188427291323409,-0.13488025795164324,387
1464,0.12022283501455755,1.3412969328724358,0.3884693142701665,-0.04110860310958353,0.022427129355804928,2.032501301147427,582.8392107685947,-9.319932668070104,2.604184301558038,6.157037070085662,-0.6438514560379711,2652.0209795092424,2095.1558884034034,0.009425200817471613,-0.0035324461695854584,386
1465,0.12022462580780353,1.4871418483678402,0.2249365486914525,-0.04916407103078712,-0.022022772560176006,1.7714978270797628,716.3704801822927,-9.221740769984645,0.5386281649704593,5.995231204573991,-0.6155861339671586,4478.142350215412,986.2369193742381,0.009440096323047487,-0.0818092363468535,385
1466,0.12024903241175097,1.183321493616119,0.7934972632847066,-0.010607088416082197,-0.02760969180470914,1.5571318772635545,425.3054836057546,-9.500147238977629,0.4981754796069286,6.20467320811759,-0.7148712064113718,877.6621832187426,2317.8856700583005,0.009643084078275965,,384
1467,0.12026053507872542,1.203132548082471,0.8259610154013484,0.031927078767744116,0.011842092999617044,1.6647141428250507,298.5350323269899,-5.3251612907166415,0.006584262926974802,6.05654413822763,-0.5723551270571867,615.8676661686935,3741.3862195205497,0.009738736547343217,-0.0035324461695854584,383
1468,0.12026134849622916,1.8101187145400364,0.35061420057731896,-0.03773945088115657,0.016045379891875346,1.2305856292480055,741.7669476674521,-1.1257461534659756,2.583335338740151,6.022094730722711,-0.7642638421737521,3386.470588819396,4835.127963579977,0.009745500318623479,-0.04305602518894445,382
1469,0.12026666947744434,1.9939916913144675,0.13406747678288594,0.020037633492201615,-0.028586922110144655,1.5182511185806407,746.2166879631587,-9.412345941683663,1.2665043696869172,5.899180920475226,-0.6728178486395285,4838.639156520986,2601.558137215988,0.009789744488263252,-1.8600397697631286,381
1470,0.12031003261879121,1.5323578358927787,0.22624616464249228,0.04771654303734051,-0.04289003696498485,1.5662677149515847,746.5989630418435,-0.33950658248968607,1.865726309717716,5.742428966867131,-0.4907228466662956,3381.3604073165743,3817.9303969591524,0.010150237764889724,-0.018029612744777428,380
1471,0.1203108434662356,1.0366315874610794,0.901159673047951,-0.029858658726612534,0.04774135000075007,2.089481198878139,783.6674519817791,-8.123473453264252,1.2586353355068538,6.161338791385314,-0.6194504311210239,2693.4447595108213,2220.4992663193702,0.010156977391626215,-0.21976266600244637,379
1472,0.1203618978619242,1.0099281697563165,0.7850191165281205,-0.004702565404614782,0.022496125527976894,1.3990332544088417,403.9862887789417,-1.4334165089769388,2.773831031269315,5.395952491585392,-0.5893271969249307,3886.849601098766,2307.3029069571103,0.010581241445554945,-0.0035324461695854584,378
1473,0.12037100544559502,1.4322320199727199,0.4147843416757338,-0.0014417860417841094,-0.030318687859822002,1.796324986355821,755.922419021002,-3.9424441702068673,0.0627622531759889,5.9331665194944785,-0.6789200274167445,408.50444401877945,2815.8691559639256,0.010656906911745367,-0.0818092363468535,377
1474,0.12038545480712423,1.9631557895696148,0.628087256749943,-0.0033444849012852556,-0.03448191322844432,1.4286459465789612,544.2100502424321,-2.6375978490183423,2.9489909608681315,5.964906433174437,-0.6805301601663053,2295.7998985564423,968.6408810600154,0.010776939923845485,-0.04305602518894445,376
1475,0.12040575732568225,1.4466099006492394,0.9705407795599743,-0.01363552659442303,0.017216013092258783,1.4899853855730452,522.9092374969282,-0.44773330514020626,0.16882744471862995,5.859038002812448,-0.7020356040394485,4905.7570951039725,2025.7645819718257,0.010945571647798077,-0.0818092363468535,375
1476,0.1204057896997793,1.3510558235125647,0.13971986614487467,0.047087883397186434,0.03976153698502839,1.2334550189785976,606.1744317009449,-2.296147973653902,0.3794109517041623,5.819764640672132,-0.5807387954702748,3464.360135334452,349.3974865236384,0.010945840522747219,-0.0818092363468535,374
1477,0.12045279187367038,1.1934882838335241,0.46407452123198556,0.03129217189898165,-0.044908858609873724,1.4781055554793912,547.3323549134348,-8.823335525902982,2.505980276539453,5.961883594596711,-0.5970229137126669,3944.1005606297244,1519.2447278528261,0.011336129082798574,-0.04305602518894445,373
1478,0.12049692477338543,1.8742278364135514,0.4793182117914654,0.03457795496874683,-0.0022226425525927024,1.2918250038050758,420.5088503773407,-8.417836697975085,1.7753675867805838,5.746725315503512,-0.639550350565976,4719.475454772437,4768.093862518553,0.011702453648980649,-0.018029612744777428,372
1479,0.12053345232856306,1.3178504843176402,0.1372688642527563,-0.028021292294703754,-0.021611439066869697,1.3794626068368883,770.7297997626397,-9.17721856437662,0.8618245944007671,5.992514563779105,-0.6017013435278172,4024.686892165678,2043.1450264141847,0.0120055486852918,-0.018029612744777428,371
1480,0.12053348243057828,1.4057579988325395,0.5619362873297853,0.03489868786750652,-0.02306211614922427,1.3207023041724488,631.2455962247677,-3.6596902452198785,0.8619068259657179,5.921041837172267,-0.6213184355343586,592.964030625955,1022.9531153869605,0.012005798425187453,-0.04305602518894445,370
1481,0.12057645157319509,1.3203648475070109,0.49712352995351833,0.027148429431592073,0.030812486985057147,1.443707120966942,390.8416229200382,-2.707740307343541,3.0553049046574463,5.844614316911711,-0.8200682414122603,3307.654791651614,4777.05130310248,0.012362226236862645,-0.0035324461695854584,369
1482,0.12062835593994925,1.3870826688147742,0.7948721435698105,-0.023775501728689145,0.004557488003220087,2.6618895611950752,608.8251661186811,-3.6207417084019626,2.67098662292211,5.860392596367687,-0.5520224028995542,2038.3259932610727,3479.112209313894,0.012792602132669306,-0.21976266600244637,368
1483,0.1206678479368048,1.9005366370287495,0.26383440240956546,0.04263575397850956,-0.00527853781384853,1.7267324164404214,780.7364287519006,-4.6086509794875825,0.7089919908544405,6.030767310492668,-0.5888840726730786,1424.523752000367,2225.598416369729,0.01311993423799468,-0.0818092363468535,367
1484,0.12073880408950578,1.5877241924513394,0.17530778717333376,-0.03160604310619952,-0.022680765087770102,2.367274128382623,523.3612252289098,-6.714130450449568,0.16609086525435945,5.853425847110965,-0.8244036885179274,197.00573092018914,3762.905288938267,0.013707790074980686,-0.0035324461695854584,366
1485,0.12078193499736894,1.0231543597042536,0.16689980614841438,-0.0020358878476236623,-0.035390240110697496,1.279755490765046,538.8917085897333,-0.8434055179787769,1.2394099553700688,6.013656470015975,-0.6759129838821933,3141.1748843090754,1027.217072289784,0.014064951190660452,-0.0818092363468535,365
1486,0.1207823065002147,1.0374231842170132,0.38664716185627424,0.008571215982829656,0.0025255343718599667,1.2714558930872994,578.9224259445457,-0.5210784256761443,3.085488915134436,6.121903195323433,-0.5845346131545773,4495.469958338021,1724.9995597760096,0.014068027000569874,-0.04305602518894445,364
1487,0.1208165776783772,1.8359665504085168,0.14064989896679025,-0.022471232822177153,0.04502314636009236,1.336419110697545,783.3206329376559,-1.1858197755250353,1.5755228590822912,6.168988209954737,-0.6822547258597078,4248.625430960839,251.1101412088978,0.01435173011872743,-0.018029612744777428,363
1488,0.12089042568531262,1.7048680168936083,0.8950303003839892,0.009202323516585937,0.025088205867499165,0.855741875790818,491.7148334279202,-6.468820178814661,1.3250742719291873,5.883886310612723,-0.6198782844679603,249.23584984671308,2236.7606785217445,0.014962784065954082,-0.04305602518894445,362
1489,0.12090448544535327,1.6913001974464572,0.13574929679366965,0.008362584455415595,0.002447062256706703,1.4552676584781388,505.1434162287626,-4.23294263133384,3.128396939411167,6.003457169948502,-0.7671646826532985,2148.6002902302957,3646.161863586768,0.015079078987091113,-0.04305602518894445,361
1490,0.12091430699651859,1.9417440180740033,0.7170000798016096,0.021615209729794593,0.0013617446707610474,1.1746401532342945,651.0794852317066,-5.714355474680548,2.452595892894281,5.9399006486377175,-0.5032207007369927,4231.768235811496,4603.3166568671395,0.015160309656322868,-0.0035324461695854584,360
1491,0.12091693056284758,1.0161922311921916,0.46414893940278223,-0.001358066846120062,0.03380377135984569,1.8856499973960679,663.5135892192168,-9.734029684575296,1.7430323232161702,5.967143853909367,-0.7021049030747475,815.7962601325343,663.233421362152,0.015182007153719451,-0.018029612744777428,359
1492,0.12092447553398179,1.3371015805303332,0.17778660646379937,0.03250191313686447,0.04489751458378371,1.6146214696470043,725.8996865271544,-5.384329219674543,2.3648238482059196,5.755413564979945,-0.6384394374154659,3163.6640559162433,795.5250424710065,0.015244403178121646,-0.018029612744777428,358
1493,0.12100191920096706,1.2040293917436913,0.5167984970837308,-0.036339468529020216,0.016370793529325703,2.076915094189341,647.6150215649084,-9.189791708644723,2.7344364772323706,5.727286274543272,-0.5028323908162693,1211.6297056243557,4567.8055722905865,0.015884628232644915,-0.0818092363468535,357
1494,0.12102491168074145,1.1538226138301249,0.1902718499934281,-0.03910202944789806,-0.008317073588046203,1.8128967590013974,594.0751680835328,-1.5056014001692777,2.9000516161765004,5.576271331958611,-0.7411357794261841,240.37945983777442,194.62113238689795,0.016074627661727292,-0.0035324461695854584,356
1495,0.1210314073103184,1.4050914747763301,0.18362359811308246,0.017691403008142547,-0.00432656589784602,1.2463114368586425,581.6553620865265,-7.488002258922552,0.29962943780115736,5.6799504317017595,-0.6463451478431923,1884.1053286415133,1871.6420614091742,0.016128298060497287,-0.0818092363468535,355
1496,0.12104015217888832,1.619837833671496,0.18911175211617676,0.007699748483679179,-0.024982376072185897,1.2899428594234024,653.6086448601044,-4.9162096346169175,2.7987367450519014,5.850378091513673,-0.6092835970137842,3253.554546117385,1964.1394896962227,0.016200548337133358,,354
1497,0.12104783008854123,1.1393647770086317,0.1949221382936291,0.042821209252075935,-0.029499310199388198,1.2459008374321843,540.5096150774059,-7.428956215891536,1.2972462184824498,5.873448277162722,-0.7860738515412626,532.3970943018458,494.89263858966,0.01626397907485244,-0.0818092363468535,353
1498,0.1210859580207354,1.494394336148353,0.6022789442686746,0.021076910642137313,0.03722279478382608,1.5792598312646886,256.0433684841954,-5.431434345281557,1.6018237191452291,5.821101885765064,-0.6645892104287543,1005.1537404513106,1943.4602626548754,0.016578911846554995,-1.8600397697631286,352
1499,0.1030209029805413,1.1682469425298037,0.4190559140250028,-0.0026172451718045634,-0.02171114024964801,1.1250345865506155,725.42813203136,-1.1519731212498376,0.31975134697536395,5.914979613462034,-0.7264602061423563,1150.2843619960072,3541.1480153551347,0.017176885610578008,-0.36193846958134623,351
1500,0.08490248580691888,1.6674883137234495,0.32067789395380764,-0.009012599190410387,-0.01591518051914242,1.3232550095872762,465.0437804791574,-5.734360786979595,1.5560939748696518,5.734748567759034,-0.6982647586183086,137.32047250827475,1244.318576737688,0.01740147133776737,-0.0818092363468535,500
1501,0.08491188032781098,1.9293265209766686,0.4376128991356212,-0.04390012475454059,-0.024012024025783077,1.7460794138106202,511.4017909387304,-2.688606423680804,2.1875650811647778,5.809335954604738,-0.8719932939081714,4140.238073233218,278.0756237470327,0.01751211593306734,-0.018029612744777428,499
1502,0.08492737167214627,1.4125044537629816,0.2564411900313945,0.04193363955624495,-0.036632021439712795,1.2834999702961956,642.623630438996,-1.1772881459814923,2.899542482822147,6.083920538042569,-0.6604156824934969,3668.907829342242,2818.864051344119,0.017694539538840093,0.017176885610578008,498
1503,0.08494569985934479,1.8649406767867955,0.2997492763704224,0.0018981553138816094,-0.001000589376616503,1.6893634719762718,645.5067585991346,-2.327310619437497,0.22500310157923825,5.934762991509783,-0.737457473204169,1006.3661577341044,2020.435477943383,0.017910326386082462,-0.018029612744777428,497
1504,0.08495521052983332,1.8316375029839642,0.7635289674923362,0.007282117488441281,0.018785831032697254,1.7223372946674211,755.6605009626146,-9.704567440435167,1.2638182690399997,5.721588622110877,-0.7914019871218992,1741.6744037934577,4010.3344746678563,0.018022281883903646,0.017176885610578008,496
1505,0.08496603397040405,1.0227402904865488,0.5491730280531971,-0.017996026972143326,0.007486400668825138,1.7270409653667627,499.05331968016446,-9.5960389010069,2.5469951874394687,5.90661806001117,-0.50462617473316,306.24930942031966,4804.038336064044,0.018149675496315576,0.017176885610578008,495
1506,0.08497861616457969,1.0039500873751517,0.21356525099180235,-0.0012001768612278645,0.01823331683984992,1.4786114559958963,455.1312483332664,-2.1061859416023654,1.8529270355101597,6.0012489537108005,-0.5873676892539836,4107.566817831767,3649.8332903986898,0.018297749521398954,-0.36193846958134623,494
1507,0.08498729937929643,1.0837892893889836,0.16302481510936243,-0.01940714993615951,0.03015557903330377,1.5684646020645765,298.2997788984466,-8.921924313616646,0.3113112862817221,5.756668649664154,-0.6752730570152072,4103.113386707888,2927.455632170082,0.018399925474718956,0.017176885610578008,493
1508,0.08499505065247123,1.292524749628417,0.24148701501129574,-0.04410627446804687,-0.03900042075414461,1.938531347504359,636.8437128777114,-5.658345762275713,1.7870052240087482,5.7137634791207805,-0.7762274004465332,1483.7284217029176,2207.253969912089,0.018491126392713053,-0.0035324461695854584,492
1509,0.084997527141636,1.9246720389627525,0.7766910774960063,-0.004505287110376915,-0.043388272010775844,1.2125261461182144,660.6439836020212,-7.401079944256323,1.6304193524303725,6.025033393945957,-0.43728863535882845,3910.7177635445014,1303.386126804656,0.018520262831445033,-0.018029612744777428,491
1510,0.08502560921144066,1.6899151618797201,0.9039253706428729,0.029930744920891556,-0.041849061162241206,1.3726736460286404,720.2596377404643,-3.5572292331020074,3.008835482340569,5.970030760203726,-0.6857132568801898,3975.1227517822585,4539.312103475829,0.018850595169215112,0.017176885610578008,490
1511,0.08503731199361478,1.5259991014427223,0.17377331775297,0.028929638203916298,0.006962536151666208,1.6820666665125326,613.9942215840346,-1.575005496451429,3.0898915538139553,5.907147316013716,-0.8414114787824825,73.24188706704392,445.7158527654952,0.018988224019931665,-0.0035324461695854584,489
1512,0.08503896281880771,1.194868170370733,0.5605736664984715,0.030595820653158412,0.03447824812710519,1.43808383882048,733.8881139126828,-8.081129233296819,2.7796797102705963,5.898783737359331,-0.55789022192708,861.7477343069784,4364.263093687492,0.01900763678279918,-0.04305602518894445,488
1513,0.08504508789185977,1.7307717038279904,0.7303422216091006,-0.016953285537134117,0.032963234901059395,1.5933989739681416,379.028747932186,-1.4388949296610247,0.17432236519918462,5.944004231705137,-0.726681969406135,1122.57474831061,1253.204826236498,0.019079660855932767,0.017176885610578008,487
1514,0.08504980846515664,1.5871141914702562,0.14353811102633238,-0.015754531910999032,0.022179106042290554,2.006837930114969,719.6248473498489,-4.504610192090255,1.5526695869042209,6.034923716024397,-0.8562010950761645,3546.3359640139843,741.4087581632967,0.01913516602859694,0.017176885610578008,486
1515,0.08506572362302185,1.0870799907052973,0.15763663436064063,-0.024369377490051355,0.0030497231026670223,1.143001757169556,547.4330144432621,-1.0996379548423936,0.12440831148324127,5.599473157367774,-0.6983573249211391,369.73740653789525,1064.9307739324818,0.01932227602041764,-0.04305602518894445,485
1516,0.08506795745665993,1.9811306085966636,0.13207919118324085,-0.02060029172122958,-0.0296827157056182,2.3747254388615007,394.55033827537414,-1.982788893850522,2.43046047459918,6.099555125252019,-0.7565481519570343,3321.675762844773,2314.7598298345333,0.019348535766618546,-0.0035324461695854584,484
1517,0.08507340541225009,1.228182233929355,0.18643094386610437,0.03982091729532154,-0.001984945681873594,1.6701821861936448,544.9958674950823,-8.062239952833284,0.4722390850179329,5.636262453616362,-0.5768329699773374,1310.302428747272,315.5890926590532,0.019412576109310818,,483
1518,0.08507517446279335,1.1174029727587307,0.3707187319225228,-0.03630644466445457,0.03187761534576772,1.8461036926541068,598.5198826646894,-2.3007040071784974,0.29758292932893116,6.065195910446244,-0.8125992681042981,3408.442721288799,40.5653865722111,0.019433370294545477,,482
1519,0.08507853905728174,1.2272447299270268,0.14840201706466832,0.028722958314929815,-0.024495723622155643,1.1685488714020598,706.1045057792544,-0.7126456934203932,2.8442954601077695,6.070559093673239,-0.7615347260537328,3637.569250131117,2701.6888214286455,0.01947291800024513,-0.04305602518894445,481
1520,0.08508318670275106,1.862466211119884,0.6776114249600315,-0.0073548736450898804,-0.0422514218888161,1.9123282524197813,476.1310925425422,-6.712334517464915,1.739961920980018,6.009837457262716,-0.450486308825346,2952.463948993379,495.05629321459844,0.019527544214825443,-0.04305602518894445,480
1521,0.08509495737081894,1.4217672027319888,0.1704801344792453,-0.03240050586987644,-0.01906217436778894,1.6450597149760073,297.83931727622655,-7.295720357885599,1.7081463933990337,5.846278699799798,-0.7774666193174855,4654.436329914361,2960.8591578682604,0.019665877702319465,-1.8600397697631286,479
1522,0.08509860909754695,1.3790572589556986,0.46366246857164767,0.01934882309399235,0.02619624341397663,1.4264987323677316,94.13796124206219,-8.545610666600659,0.16228515552177272,5.8187791762439405,-0.8388039634326042,1966.955950182278,4808.839164972235,0.019708790331721016,0.017176885610578008,478
1523,0.08510657514566804,1.592669887324669,0.16445455298560824,0.002567834821302912,0.013817833137833899,1.1026528083584124,683.4865818353588,-2.245169180126521,0.6883943101093372,5.8276722545628195,-0.7009155999994394,1114.7192183376974,3504.2961487769157,0.01980239556668484,-0.018029612744777428,477
1524,0.08510998362835363,1.1023434537891834,0.49816862125910577,-0.023267422887984432,-0.040415324222313205,0.6774472357254339,672.7337507102235,-4.120833007081721,2.0344949636421306,5.6858141250843435,-0.839326236623837,1753.037148858454,2631.654895878601,0.01984244434589849,-0.0035324461695854584,476
1525,0.0851145272554361,1.60659104433239,0.16676722744448996,0.005690424038181455,-0.03922337232324507,1.3179799139673318,619.0168306134182,-0.522285289317407,0.16372387596541182,5.776375298397603,-0.5658999060998549,1613.3748333622002,437.5650326129248,0.01989582828052973,-0.0818092363468535,475
1526,0.08512730901267675,1.3485250454528865,0.38764487565792205,-0.033701722468668115,0.025220465951057664,1.2948797345843202,423.33049257921624,-8.33925844284638,0.8795916402684028,5.85120223110914,-0.7730848985170323,2762.2336235092384,1186.7941984023491,0.02004598828285653,0.017176885610578008,474
1527,0.08513901935744946,1.6561059362695596,0.27870531256620906,0.020121073327403437,0.006157274096691515,1.4623873380050845,677.4079730100417,-0.5382281168606691,1.7189435306911018,5.968580650590079,-0.5279067711892865,998.2749449094903,1527.8783106577694,0.02018354154903647,-0.21976266600244637,473
1528,0.08514958846544093,1.3279271534838923,0.16252944677240974,0.008142152764763173,0.000439641529663549,2.1598178749736077,736.6214098153155,-4.048304185022361,1.563418001717871,5.905409305507627,-0.8524288213839181,4539.40039267058,355.2823892093255,0.020307673258533776,0.017176885610578008,472
1529,0.08515106058051963,1.4651996367860063,0.2303396702299091,0.01823775102459923,0.02317577307552449,1.8743505751377603,725.8837933838355,-1.2507241949062369,3.037168474775126,6.176139598623826,-0.5696394060482473,970.1428999096972,519.112594845497,0.020324961684507953,-0.018029612744777428,471
1530,0.08515330056416076,1.3170099229254106,0.21107824759708793,-0.0014479978918237597,0.007837529602202225,1.4242254715315068,738.2958809841524,-9.302449478698238,0.20367813592312317,6.062515993000744,-0.5683861829438672,1445.5916670546203,1900.7111436724592,0.02035126733672739,0.017176885610578008,470
1531,0.08519205973958,1.2730098733978175,0.20317590384706988,-0.012397269420523672,-0.0008239409318972809,0.7708869806402767,469.62963657445084,-2.6163372014122683,1.7600380384546142,6.0330975602795816,-0.6395262740748326,754.4245705135639,4699.726690906887,0.02080633316321845,0.017176885610578008,469
1532,0.08522208321950012,1.906494208691149,0.6123421216473955,0.0348992870567805,0.047967320560280094,1.409843422138583,647.1109609720735,-5.01662347031928,1.8440537250872633,6.004131369000648,-0.6938940001432096,794.6003627627744,1701.086860007887,0.02115869218343544,0.017176885610578008,468
1533,0.0852221297998531,1.779434267042428,0.38074425601921696,0.004472832200633864,0.03588847276477517,2.0929400442304464,271.8112422059501,-1.5143581088649891,1.5723668382748308,5.822518535472053,-0.5586551796076901,2405.100822091473,85.56069975192835,0.02115923875935266,0.017176885610578008,467
1534,0.08523196747089712,1.6160702996230236,0.5256401963553001,0.03533067269970883,-0.0062736435225608355,0.20849318553928273,742.6533743656355,-6.716600461887665,1.3872885520058484,6.241639299691755,-0.8134841315325164,3088.8761546552046,215.80818298249216,0.02127466773658071,-0.04305602518894445,466
1535,0.08523335722873844,1.9838850664771872,0.1273189791143565,-0.037078362208848734,0.020550552605713344,1.6557803293859434,329.018746215677,-9.654275685878265,2.294665893737713,5.9975245936984205,-0.6404925252734732,1135.006237475586,4962.377428723381,0.021290973197471308,0.017176885610578008,465
1536,0.08523353097943814,1.1786798752969512,0.32227965482462817,0.036055584480696484,-0.003553460225762085,1.1482985674486583,508.1205537201985,-4.551882349278641,0.8903984368827741,5.861559396570551,-0.7775261267946907,4077.129723929351,1836.202524154275,0.0212930117247615,-0.0035324461695854584,464
1537,0.08527650231337738,1.440905227695753,0.13006743006255556,0.03265244487065138,0.02282866619016822,1.0221781464584125,491.9435168084941,-3.404469953950682,0.339890459749074,6.10379224877195,-0.5188510484630695,1420.097097597769,2565.6415006662783,0.021797044643113495,-0.0035324461695854584,463
1538,0.08530471453904352,1.2003469827143094,0.8494521135589219,0.015110038242863898,0.02585153251381074,1.2735565009720915,373.8039620621491,-0.10208033079520373,2.0445631027729676,5.417694217439996,-0.6252498428748497,4454.660303545537,3564.4960629388656,0.022127822280193776,-0.21976266600244637,462
1539,0.08531974662366784,1.2535401514423035,0.15203851930872278,-0.010349912051436668,-0.045352687045896886,2.311534499220125,441.7332534202489,-0.7103837026534076,3.098909977313368,5.767222963255148,-0.6597488606536238,4008.8110259707787,646.3182063378772,0.022304023096519687,-0.0035324461695854584,461
1540,0.08535272272686478,1.8462831701295077,0.24983141811604795,0.04489511530387078,-0.029379822219474924,1.8618465812208373,762.8541446779823,-3.0039430999374503,0.18944415574876877,5.833370147776522,-0.7282144431212766,3315.6001558957346,2047.1510152523556,0.022690448672168573,-0.0818092363468535,460
1541,0.08535697447924866,1.8791643492929289,0.610386861511426,0.0018301875649742792,-0.01741402216357627,0.9218638140303764,624.3097313226287,-2.574423290087735,1.8823523233054842,5.89359073838679,-0.6709117706943114,1572.7218678167812,3781.2057238973534,0.02274026133596896,-0.0818092363468535,459
1542,0.0854020045083954,1.7097592566104525,0.13084103485712717,0.000563922134071684,-3.744711228761163e-05,1.5303068964840356,515.1061388708141,-6.890079525109141,0.917143519295047,5.572386364655345,-0.7600838635429722,495.88841262763265,2925.8963487484434,0.023267671729966855,0.017176885610578008,458
1543,0.08545819971556125,1.2311698766948522,0.3966287658477379,0.010361476384109312,0.01825420801748857,2.004292863411812,581.5545552150624,-7.537045493664403,2.0748446582188547,6.271714339735577,-0.5703251028978605,4764.996408160192,4956.652545815093,0.02392546339597279,-0.0035324461695854584,457
1544,0.08546602899189061,1.1073575310234678,0.9357013682355719,-0.00889783025933409,-0.04328982448094636,1.3516142120963397,798.1785063452473,-7.224824615625527,2.9790624656882736,5.985041011881659,-0.7869098919117552,3626.4498671817205,142.19335250980905,0.024017074472895805,-0.018029612744777428,456
1545,0.08547668191384207,1.4631113082429557,0.43998621323049925,0.041044000129640115,0.039696407544736495,1.3672857284241726,398.0828383981088,-5.246609291486456,0.887507113244025,5.855118736312031,-0.6025280787956852,1321.2083520716628,2602.4718264799526,0.024141711807960986,0.017176885610578008,455
1546,0.08551751072184144,1.388613273509754,0.17642287211827712,-0.03636497593295309,0.004670570238850178,1.6262911629214891,309.5080937125967,-7.061074745640963,1.4746249367235504,5.948649727457535,-0.859207047951903,4762.138971054771,2179.586737878857,0.024619257953198775,-0.0035324461695854584,454
1547,0.08553966054963649,1.8550672250563476,0.7839298495220322,0.0488386603942473,0.04363648423613175,1.2439452976601884,536.8777807692203,-5.25857635961088,0.4564691328966459,5.653441462228959,-0.7136200426520133,839.7669776125944,2222.7249863605707,0.02487823368342318,0.017176885610578008,453
1548,0.08555286856974496,1.0331896335496484,0.20211442942600347,0.049106157015714136,-0.0001231415599349676,1.2216650774390387,729.7866024807664,-3.3573078109825434,1.3677953974404604,5.672462148945837,-0.6437812299176728,3546.438063473829,4717.382098393599,0.025032629906342405,-0.018029612744777428,452
1549,0.08560324992175858,1.795812359226017,0.17868688550876416,0.014564235365038288,-0.027325602295451064,1.5036586816851039,517.4095721781149,-6.571091474638278,0.38218945535763227,5.962832373401707,-0.7668509349237244,1211.090902717,479.74948505742935,0.025621348018281226,-0.018029612744777428,451
1550,0.08562802301135071,1.1241325061935685,0.19227185583488748,-0.04106245625365153,-0.0007597712235416701,1.084575323104678,490.108815218575,-0.7403748497303235,0.18312955990365473,5.72830636582024,-0.8001328997109588,36.20463947143559,1692.2308655584636,0.025910700416916843,0.017176885610578008,450
1551,0.0856342037536207,1.0592455925782407,0.5188388656991971,0.019281368032637806,-0.010947352134015499,1.6882274148311804,566.1528240558149,-7.313672160303344,2.592568270150879,6.230078916294329,-0.5728936371874411,4578.836723944118,4735.008132199968,0.02598287911495739,-0.0818092363468535,449
1552,0.08565115664460625,1.9454269006214022,0.15918045379427084,-0.005075994780105228,0.003464057340322269,1.5283728656938027,778.0424972825989,-1.1604580372048585,1.846759409927049,6.16370195760538,-0.45976243741669054,2765.4419959221755,4808.635592905926,0.026180828209958068,0.017176885610578008,448
1553,0.08567755404265559,1.7463412349054923,0.9527809682457968,0.03679295389928315,0.0290182291028132,1.9112946906657882,568.9462493738697,-6.82145134804598,0.40617629327265875,5.799526187992863,-0.7996730636718445,4304.53154313935,3538.03341146961,0.02648897735961031,-0.0035324461695854584,447
1554,0.08570867316772703,1.3177938961543945,0.6816108085626804,0.025751142120898927,-0.04373451852171295,1.9315164949636634,723.0663904972864,-7.811450821518832,0.5469023769034882,5.9670121823381645,-0.6535064733924909,2590.8655864754796,2321.7038585948603,0.026852123522784044,0.017176885610578008,446
1555,0.08571693207889529,1.1359222762476564,0.13860834974311045,-0.027341364971411434,0.004546096965546553,1.0748197259134702,414.15042814247596,-0.0586530684690649,2.71033853114716,5.765679519169045,-0.666616567809356,1568.864406951843,836.9251410845815,0.0269484791537411,-0.018029612744777428,445
1556,0.08571736215460679,1.1483837006212583,0.612434321465453,0.039063990935897165,-0.028316094219392914,1.3119032101068653,660.4467512893694,-9.512314654765301,2.0373914500912176,6.209640203548692,-0.7060909149711663,2443.592350648467,2873.6608110805537,0.026953496536198607,0.017176885610578008,444
1557,0.08579025408950441,1.5087307366569063,0.1837805086717983,0.04884660764260163,0.0020896382167229265,0.6684411373587877,476.50498084434497,-1.333464862125481,1.9110342737661978,6.237942505303649,-0.7666162649979529,3978.5397493027544,207.92904117200092,0.02780351055755892,-0.04305602518894445,443
1558,0.0858061936372223,1.1072239345329076,0.17885060116154042,0.01943507225403052,-0.027656916587831558,1.1273678456241207,690.1519425001062,-0.33449427531037645,2.8256099868029416,6.079988879398401,-0.762258669594196,3498.4383608399285,3055.366448495619,0.02798929001825351,0.017176885610578008,442
1559,0.08583555351716118,1.0568834451934184,0.18929962676945822,0.04522009674065952,-0.0077349268783992245,1.7578983794522807,756.0345272584196,-3.175396549609977,1.7198833453670104,6.18937344720368,-0.6714892554398706,1040.4722020435092,1986.7807608062706,0.028331396536173274,-0.018029612744777428,441
1560,0.08585788510085195,1.6931746487368573,0.9467422412488026,0.003151346398705669,0.01522263867568111,0.7795837562818494,416.5476068740681,-4.7542440720215025,1.4539432145232698,6.040713547697735,-0.6710040711935574,192.38621164203428,2065.706933226356,0.028591529759676382,-0.21976266600244637,440
1561,0.08586637890774222,1.4659378181834495,0.47621707326853424,-0.016035251237840605,-0.004889447447074235,1.594574942815761,772.5326890223045,-4.253592175051165,1.1611296474601225,5.965010359790123,-0.5072032925902122,3105.4559912764717,1056.4193435294876,0.02869045354247625,0.017176885610578008,439
1562,0.08587282718725821,1.9817035954016975,0.17890614378585026,-0.00634801063768025,0.007282942676378932,1.5272900704258316,677.3061890611334,-0.3225893339650108,1.6458188332809638,6.1761518666502955,-0.4604667034941169,3051.7933607949135,4863.332141517623,0.028765547397456973,-0.36193846958134623,438
1563,0.08589346357431728,1.2785762759361752,0.7415743972500125,0.03922846937003009,-0.043629860001169384,1.9456682501430052,561.0205046575732,-6.12243553272555,1.8951704544091137,6.088919588038012,-0.6430251210662089,1362.404470658545,2847.859514665766,0.029005831880145605,-0.0818092363468535,437
1564,0.08592227768817039,1.510978759226449,0.8184990959387247,0.017390573086160828,0.0073675326355751415,1.6883594125555166,495.14294527359203,-9.020776911426486,0.7466570550445542,5.700419159158976,-0.7928201283987003,2588.9251717012044,4468.728262096545,0.029341239030928,0.017176885610578008,436
1565,0.08592431691052602,1.025728644127155,0.22149346009279128,-0.04246399816199783,0.028152420825916326,1.6828909783059085,475.8107765775051,-8.858146797907597,1.2506018980299236,5.9110088083342145,-0.7418570706693048,1924.2928441135225,623.3226839167834,0.029364972086106222,-0.04305602518894445,435
1566,0.08593260889986548,1.4892642912224974,0.8118983619219705,-0.030894413042470106,-0.018063876058258637,1.3732721231567717,404.0706495789929,-1.5728753028314613,3.0123505110169995,5.962163711605336,-0.4098383901724574,4231.853011575955,4056.139434203132,0.02946147083715639,-0.0035324461695854584,434
1567,0.08596457447192726,1.3327184090821573,0.2885738134723384,0.008744718295403655,-0.04236769123210193,1.1658441686309247,238.49655160556486,-1.7860277012286396,2.6351896372358175,5.912335354518445,-0.65745982281616,4913.718847936993,1336.865181943726,0.02983338585988271,-0.0035324461695854584,433
1568,0.085989893558058,1.4483208529360447,0.1695564679453818,0.005002057160203088,0.03336401535325966,1.5952555879050254,735.0162904588069,-1.4118047436796142,0.15145639637077823,6.152236383925497,-0.5778607883518242,253.36206133883277,595.2448591506123,0.030127871796848053,0.017176885610578008,432
1569,0.08605078588863967,1.0493325428575317,0.20122205304352306,-0.03861713246511964,-0.02038766069691733,2.4122323092998954,593.8390555252067,-2.766387372365635,2.8316632968910866,6.108055459487903,-0.6553293869474995,3239.1161896084495,1841.0076266489327,0.030835754761723067,,431
1570,0.08606186515692268,1.4421482165822088,0.16903977219491312,0.03935584870114796,0.024942156835889948,1.3021131252764855,497.1956626506804,-5.0077711261778495,0.2420247112275914,6.068861545613984,-0.5151610386709489,2003.9034301457255,3010.3449311657646,0.030964499141950486,0.017176885610578008,430
1571,0.08614242783240868,1.3532283799169607,0.35361302075096596,0.012915717431962594,0.0322712549571697,1.9925767385459159,420.7076670780945,-0.8630725115797155,1.727616434879,5.868994245466724,-0.7802898856128527,2277.288523141234,663.4648936566327,0.031900163171662166,-0.0035324461695854584,429
1572,0.08614767102506955,1.4270924757305363,0.31585737982921436,-0.04967952116427804,-0.011154605039472703,1.3872919273524662,622.3149705137174,-7.176020010940486,2.970568700481826,6.098028178828618,-0.810275046814317,1012.2078886423415,2052.5004933380906,0.03196102787255818,-0.0035324461695854584,428
1573,0.0861574352889199,1.4801253685119846,0.6219964322111476,0.04327727493231325,-0.03382600824661292,0.09036702083309528,760.5364900515918,-7.461974348051093,2.3863136189048335,6.026383375037089,-0.7596836721657914,2119.521369803753,659.014445514889,0.03207436477911829,-0.13488025795164324,427
1574,0.08617315062737053,1.1542160875523344,0.9831246168663542,0.0015242676142830749,-0.03722014062747978,1.6876840556980564,420.4606597624802,-2.8671899801828995,2.757097785477089,5.93533342364186,-0.7214772852089479,3864.889251562757,2160.3764118339595,0.03225675072540424,0.017176885610578008,426
1575,0.08621523912607006,1.8831536431514828,0.7015403408064061,0.0038571585116145423,-0.01723792514525534,1.0970586024555176,620.8621025138568,-5.716324549520446,2.1022125497586996,5.963403550544933,-0.5051863172650448,4200.093706455639,3733.7234867326088,0.03274504926561117,0.017176885610578008,425
1576,0.0862173898695728,1.408923678607527,0.8178972832045851,-0.020271809672503145,-0.049443492131773875,0.8623705382760394,701.204817899779,-3.562902030699052,0.2670439660264079,5.845976049325294,-0.6764740270431416,4093.2054660783624,4589.283220559175,0.032769995165001786,-0.13488025795164324,424
1577,0.08623344438039951,1.2601591500777973,0.16228105577054336,-0.012803617136785364,-0.012135031237730666,1.5174490963815925,554.8510133733342,-5.043270075543945,0.30879869972030316,6.009311085720295,-0.7305755294355182,4166.047849075591,2912.4718212572798,0.03295618748984194,-0.0035324461695854584,423
1578,0.0862380057056233,1.8003730972482264,0.7831457802555936,0.0008031905645737626,0.031229766438202095,1.3203997125198101,558.2623898321144,-0.7001060945778034,0.5864477830017292,5.910411922716975,-0.4696233627389287,4714.745243410184,4657.558964284068,0.033009081174210864,0.017176885610578008,422
1579,0.08631872906790103,1.8010937728889531,0.5719637582789567,-0.045869254905943804,-0.0394654445614599,1.569204671869846,403.28135057692833,-0.2841591445238512,2.0170513656416746,5.940695054308489,-0.6871554195003368,3548.5080404253436,4782.335941645449,0.033944696562060006,0.017176885610578008,421
1580,0.08634093833882643,1.3347620562437266,0.1424409827524985,0.017224756768064897,0.0036999759313413733,1.9060848882929444,570.8472664734495,-7.905125899114671,0.32553559326245585,5.915012339459835,-0.773181220473303,4748.921623507972,3139.980597491674,0.03420195723422609,,420
1581,0.08637786577041381,1.3867216244876353,0.1298959420386353,-0.03837985277184054,-0.015889505737474087,2.0543268566846016,743.8699432520519,-6.265397936322223,1.8284288150135086,6.099231810465038,-0.4132329658620386,1004.1499702051161,146.65959643886023,0.03462955899229747,0.017176885610578008,419
1582,0.086401958664649,1.583866108936327,0.14961025445411433,0.0315544271036949,0.033018462819611565,1.9436573178512169,624.7901344900168,-7.22064608149108,0.46065692149614523,5.957228797052358,-0.589669576495111,725.4833934605268,3697.932052538067,0.03490844449844965,-1.8600397697631286,418
1583,0.08642223314632806,1.3659089617914637,0.4630279432879232,-0.03800219213610139,-0.03227897279063363,1.667478089984165,609.09545905545,-4.008237739263668,0.7184037078409103,5.939011312941973,-0.574667512257862,4370.760883624147,731.1862400695638,0.03514307000499528,-0.0818092363468535,417
1584,0.08643584311772513,1.1745877652648582,0.4842708799934494,0.010533077901228547,0.011500776304694668,1.8166008115206724,457.28042915867445,-4.316907627812055,1.697819623343725,5.7810204221878765,-0.6075296553567947,853.2130298671481,2041.7068377398662,0.035300539898449876,0.017176885610578008,416
1585,0.086459195042224,1.682444605697545,0.752861720555096,0.009303739595983615,-0.0005377638036597618,1.581210271883967,716.5011834409561,-9.525933223788511,1.6074212205974947,5.678411564982224,-0.7252705699823424,1689.3102098138936,3313.201123559686,0.03557066823635109,-1.8600397697631286,415
1586,0.08648205984979289,1.903391040683794,0.5100356112360214,0.04559031057240222,-0.04056766759567026,1.1684812459214509,772.9046015099186,-0.7018048719962692,1.0609380917916353,5.688506116722858,-0.8007068696232704,2685.263381209048,3116.1282925111464,0.03583509106269789,-0.04305602518894445,414
1587,0.08649601232831704,1.9199313672751737,0.7756377689720905,0.02582459580369622,-0.03433368097680866,1.642975185981905,794.4794482113954,-1.2212102060885397,0.8841208314261401,5.675640219818071,-0.6610181510086806,4308.24068414973,3020.2648806304746,0.035996411840190645,-0.0035324461695854584,413
1588,0.08654580124306471,1.3955329700044639,0.2431541565020091,-0.01580033144976905,-0.00695947314779019,1.3231285115336706,483.1934151093499,-7.058733823993339,0.1505830928338889,5.704623582245789,-0.4298656345466652,1214.8425605053558,3912.246467169791,0.036571867160446386,-0.0035324461695854584,412
1589,0.0865724813758068,1.5363388949276413,0.2465400333506058,0.02217435283966988,-0.003918774655696538,1.1042389480541481,428.7834438013596,-7.866964236833159,1.3024296317203354,5.809321618373908,-0.7933009133663607,3289.500300541152,4961.048669434531,0.03688009726243913,-0.018029612744777428,411
1590,0.08659578291723544,1.396965923951626,0.29548098266813266,-0.004527689337921288,0.02139109060477896,0.7605827617103211,486.2740060652035,-5.134258639286024,2.945150196355734,5.864556256769471,-0.733746436304804,2585.017043373321,4144.742413636237,0.037149217492529196,-0.36193846958134623,410
1591,0.08659751030228846,1.2680444371807336,0.3057981870965156,0.02957767897341352,-0.013773063538637036,2.5250743733894723,748.5957971782802,-7.793318481066893,0.2043732907024184,5.788138389114145,-0.4831158062352898,3818.110028239448,1420.3512766841025,0.03716916497466072,-0.04305602518894445,409
1592,0.08660873605169449,1.8381341426775195,0.31404231315650605,0.027424442897606798,-0.018492157510036553,0.952979061246208,720.0598015713722,-7.3936725024861225,0.4842232251203198,5.72233585073992,-0.6970376332804386,2506.338133643262,689.6857824470744,0.03729878789131352,-0.0035324461695854584,408
1593,0.08663587051163016,1.1773748918613243,0.5805201532570015,-0.005640590318923356,-0.04159862650509713,1.3136262790143158,741.6450058452359,-3.929623596202727,1.4889874856874785,6.013914669666365,-0.7658235009779037,1835.2857635092573,2302.135143875877,0.037612038164307006,0.017176885610578008,407
1594,0.0866494030106319,1.4418669375360473,0.9042935174423241,-0.032141624831382644,-0.02272152271777978,1.3619814364955611,392.1512294620825,-6.942632008815797,1.6063619629539652,5.898707231269914,-0.7396520957166226,4990.444038107036,1406.0488082972154,0.03776822568977972,-0.04305602518894445,406
1595,0.0867024295355762,1.6728644566531214,0.8196922092126069,0.017757079138248935,-0.00019079641339767722,1.7208899188470999,408.0784386204999,-2.2847923483434305,0.040651317389762937,5.698534364668251,-0.7022544035029296,3525.8014430531744,2797.1924963411047,0.038380004934547574,0.017176885610578008,405
1596,0.08673652023457509,1.5223468162300204,0.14530699956640297,-0.019949024957083547,0.03245193590394788,1.1525919545035446,741.2559483002411,-1.2565413910362278,0.1427973094506628,5.829370549937334,-0.6726612548903977,1245.3263024019618,3391.260786596693,0.03877311962397746,-0.21976266600244637,404
1597,0.08677896177062,1.9680588786615807,0.21751546888708675,-0.033215971425931995,0.012952781751820228,1.1701155890674644,512.5150358189867,-2.508883904194617,1.1768712946824613,6.030733987648093,-0.7588998455767881,2378.02901933665,3017.7174013418503,0.03926231558970339,-0.21976266600244637,403
1598,0.0867810821120529,1.2668480483194944,0.12902279228300856,0.023561030036082807,0.023355854271818882,2.16075739393003,519.986854302907,-5.034963675240881,2.529871126172734,5.9183026324893415,-0.8081868695022554,4532.0462757046835,1769.9160946161207,0.0392867491100547,-0.0035324461695854584,402
1599,0.08678182021612911,1.0721132731085576,0.24568546347668413,-0.006481334897551458,0.007222722554462433,1.4905322809736499,489.0958598034696,-1.9749069617459407,1.9289841902603897,5.943120851344666,-0.5319367382687468,3701.907897399584,3516.733515851823,0.03929525443080549,0.017176885610578008,401
1600,0.08681183787426616,1.3380032090060885,0.4189952788201927,0.018992605665329263,0.022826615217278204,1.4187367791665206,116.11688828016746,-9.16541017845018,0.23830369519901717,5.77001639156592,-0.8346723070813947,2449.7824475627644,4712.2914502499325,0.03964109262288851,-0.0035324461695854584,400
1601,0.08688148875929037,1.7645514507034512,0.3467201072766479,-0.005114859743635179,0.015751349565298438,1.5411224224016271,539.9751926375441,-0.4277017057631576,2.6187011474851274,6.141009826473435,-0.6345999406871858,2609.6116219604046,3236.8300331426726,0.04044309106588628,0.017176885610578008,399
1602,0.08693451078322412,1.8624301255050395,0.3658429155927357,0.0332598097987597,-0.021362297514304334,0.9297181528730482,736.5249688055379,-8.242297714893711,0.008588007304505449,5.5949341162570185,-0.5952757228841193,1504.2187207768627,3151.1302137313883,0.04105318479392228,-0.0818092363468535,398
1603,0.08694237598294094,1.7822150977703564,0.13246690776375872,0.043261728641964106,0.009323247747370304,1.2333746745169136,793.4777129584991,-2.3621739212041613,2.1337290881448747,5.691299015955345,-0.5443978089052087,3581.904979357062,909.9247023415879,0.041143653399243404,-0.21976266600244637,397
1604,0.08695175751756683,1.4056276062153565,0.14751108245648137,-0.0019958833465296053,0.03204920585299697,0.6559690044028108,399.8534219861709,-4.176910077310247,0.38666736348040126,5.945235681540225,-0.6813422083440098,2528.1277293593444,3763.6479361433517,0.04125155277974257,-0.0035324461695854584,396
1605,0.08697209866986542,1.080925294956715,0.5266014786065415,0.037902177516160374,0.018676361167313242,1.9542322452449392,471.8581173733183,-0.17542768259625638,1.234933059654191,5.86040775062955,-0.6089117534946287,3818.7219959482704,1144.5189691631238,0.04148546148937832,-0.0035324461695854584,395
1606,0.08705479979884634,1.5708829214093534,0.6358801450094627,-0.03315250387296566,-0.02356985331588906,1.7186689406044307,394.8576293630336,-6.737753734305771,0.5507434685350346,5.783895168793235,-0.6776153888280305,4969.901778541012,982.2249857115087,0.04243590232272498,-0.0035324461695854584,394
1607,0.08709781934105985,1.421794393015765,0.21029746039158398,0.02435649341496651,-0.02284595014591926,1.6588596882974413,315.4332553558862,-0.5824803016391221,0.07410952229725357,5.674739762569401,-0.7489110677211843,439.018469858378,4227.41549875177,0.04292994649277493,-0.7187449729767704,393
1608,0.08710553060406363,1.9297187491033485,0.6063591730498394,-0.014596226238065325,-0.04281936932444087,1.3694942319234038,688.325193942611,-3.674519395481808,1.4416670587949685,5.86895250827341,-0.6179227146149369,1747.6588468931336,3396.42511748152,0.04301847823470395,0.017176885610578008,392
1609,0.08712341374156662,1.6261362356638203,0.8782848904762116,-0.04425177731123129,0.047708465851077235,1.4675597661586908,772.1717466357059,-6.609427723838167,2.1592832807398756,5.863486665156634,-0.6792234157578446,2927.8451338516115,3149.7686292102167,0.04322376143410395,-0.04305602518894445,391
1610,0.08713852774659381,1.1950678111931285,0.15760666049990743,0.017672846393368195,-0.00794629181394422,1.209376399531626,448.41321097739484,-6.750654448206735,1.254223191374128,5.892222641959088,-0.5246499723604144,3351.8030394975717,3140.421621451999,0.04339722449707295,-0.0035324461695854584,390
1611,0.08716402064239956,1.7967300012275593,0.5544036136699655,-0.012201390096830415,-0.03821490578124177,1.7931885651999233,399.2915177790069,-4.785914844181538,1.4751017444262036,6.044174344439392,-0.4518536598478127,3174.3386888473315,649.7929064388308,0.043689737672888446,0.017176885610578008,389
1612,0.08717494687688318,1.340126595119122,0.5928521521138037,0.001214319895912131,0.008234908274208466,1.600801337278783,412.59230741767334,-8.27111750905828,2.3193221211362833,5.750791846372994,-0.9293797103267059,1833.8017873220144,3031.7997249657506,0.04381508239245768,-0.7187449729767704,388
1613,0.08718358420751283,1.2147033480579932,0.26783066397928873,0.00210837858349148,0.0350953903425437,0.8450666116599215,497.9173264626335,-6.566565569280479,2.7431079614016607,5.826154839037876,-0.6107129645844411,2262.3013009483516,3640.2691962874846,0.043914157907515516,0.017176885610578008,387
1614,0.08720500789297105,1.3499355781411002,0.3206450023362033,-0.036085036303941644,0.004862456355796603,2.309436811966328,449.0340652559917,-0.9596910479486008,0.11052388544937758,5.954857502057447,-0.4180812938271911,1846.1899588410465,2762.5768107057706,0.04415985844681325,-0.0035324461695854584,386
1615,0.08722317217334462,1.8536373011278222,0.46209809660758044,0.022972708302329076,0.028667647587470067,2.1752659411932815,690.6254009386133,-9.68038113156298,1.668439140920432,6.080433611913424,-0.6236798488868751,1650.5209483251188,4269.5296447371875,0.04436813076190094,-0.04305602518894445,385
1616,0.08735951450423629,1.6740919376738423,0.2160568170153944,-0.043901446330898763,-0.007692281656239804,1.530836219446985,721.6010504314614,-6.47306813885882,1.6358861481287728,5.6848828930261845,-0.726641914117848,2450.4702096132114,4659.322507218978,0.045930053781976524,-0.0035324461695854584,384
1617,0.08748587004297873,1.7912422432865962,0.8553277860213827,0.03589534404575782,0.04939013381947047,1.0720721111007077,408.47424567230445,-3.69868798683317,1.435607032220051,5.784510428616426,-0.7022641116053242,313.773432247964,3994.1962205290392,0.04737539431602045,-0.018029612744777428,383
1618,0.08750804033900486,1.617464177012425,0.7882492238218802,-0.025901224465555307,-0.026937011621693194,1.3990253575420868,479.98763938238636,-7.555159432939458,1.885198413427743,5.871705038086178,-0.4704001373894628,4641.060778888674,4505.474687600096,0.0476287779463041,-0.018029612744777428,382
1619,0.08751876459399116,1.211249498708812,0.9622374832573051,0.035734901764076586,-0.03021553941714988,1.1984208657804791,323.7647501171677,-5.716266119659861,2.364783605183758,5.773155219295048,-0.4054404752986583,1859.4324487964802,238.57722820369437,0.047751322090365145,-0.018029612744777428,381
1620,0.0875386460309534,1.4560224804443718,0.269469995283767,0.028045520462924776,0.027991968693633795,2.4026232990460077,598.1881700030602,-6.092346342311497,2.8355538114974013,6.01378955577329,-0.7528160650460488,4096.222511098898,216.3641690949442,0.04797846399737382,0.017176885610578008,380
1621,0.08756580055661699,1.4797325720898284,0.17073903233634216,-0.016141254227331453,-0.017026973134941746,0.9294416720175719,726.9023101842788,-3.7964231099515895,1.0160846408667648,6.206219205907894,-0.6507465916679653,1248.4855658372976,3626.455994165942,0.048288616325435074,-0.21976266600244637,379
1622,0.08756869517511058,1.841048859357779,0.15596028451057875,0.01998230439859534,-0.039689417287492576,1.6279753695061332,166.7141455148494,-7.717881098513937,3.1180352540254197,5.735853169151632,-0.7313342426887834,3410.5046240320357,4014.9422629145843,0.0483216722745875,-0.0035324461695854584,378
1623,0.08757349255730949,1.8132162961076481,0.5339472702867646,0.02234087941389186,0.027941609279024917,1.5106766470979538,693.2090801359717,-4.2587476878077535,2.0991438757582537,5.666047273619178,-0.6684927496829488,3189.2749619140973,367.49746064550186,0.048376454988729015,-0.21976266600244637,377
1624,0.08758827055015506,1.2097646363013388,0.34416429462212716,-0.030471381046388774,-0.049856963286009345,1.8465432658098109,665.2125178021939,-2.695202267314797,0.19324258731116087,6.062560578848129,-0.6343382958527222,4001.266555492643,2324.984831962237,0.04854519036365579,0.017176885610578008,376
1625,0.087627208020525,1.8525290477198224,0.1424969864111729,-0.015838520241772975,-0.030988662506564343,1.046016849584566,594.6543018477525,-1.068185792754194,0.6136461809227965,6.081000188353681,-0.6462582166868565,4564.4615422302395,4806.544196384985,0.048989642775389364,-0.0818092363468535,375
1626,0.08766204667054536,1.9756303220684084,0.20730850461547354,-0.004908616572712992,0.044749740895282615,1.933265583344378,416.38332371767234,-3.4494311154773203,1.391713123191225,5.831986371428426,-0.5468325505695114,4467.9893836906185,2175.9818564664697,0.04938714176116332,0.017176885610578008,374
1627,0.08766759032367825,1.956591718871726,0.2185523539674088,-0.010746902306161403,0.011082647437489495,1.5495638322897367,348.80831295213636,-0.8181639418961566,1.3018583078157917,6.1298086019750775,-0.7212841401477179,3952.416728302881,3182.4700466811855,0.049450378681409474,-0.0035324461695854584,373
1628,0.08771432720914324,1.8302945524021192,0.1719607782929399,-0.01184300176171758,0.023429505177573105,2.399036195194896,627.4166575542804,-0.2754807277287197,1.6074845804831184,5.828763254249643,-0.5414618308505333,3186.432572194207,122.35358596317184,0.04998335137586851,-0.0035324461695854584,372
1629,0.08776011125145335,1.2400532370384352,0.14032751904433086,0.012337307609607022,-0.005073947994867422,1.8003140761461018,322.68418542925366,-4.984115058484158,1.3372259814551002,5.9848138484014965,-0.5783830367201058,4831.58912026833,3213.4820296038447,0.05050518286021871,-0.13488025795164324,371
1630,0.08777499128540349,1.676688222669249,0.16024063186065451,0.04227887574976899,0.003161847884249058,1.343577007912367,618.193156834629,-2.1705344893131273,0.663058261951105,6.084343354303388,-0.6012539927205423,2474.4945856299346,200.81312616936523,0.05067472198681988,-0.018029612744777428,370
1631,0.08777607780559765,1.8509783033051945,0.8479268334741421,0.044769205611893584,-0.036986795567176683,1.0036981145176043,698.8249429953225,-4.275568520603491,3.0834114433352107,5.983343235996397,-0.7533078654279342,4141.780945447601,2895.2683212006755,0.050687100381348826,-0.018029612744777428,369
1632,0.08779023861020796,1.276580134025718,0.2781026811435435,-0.01802928372330417,-0.008296413731127052,1.369524242631253,435.6068002904438,-8.823257605660503,3.0939993632432405,5.9695939627256855,-0.8214218555407413,3136.442327821699,2134.65921632269,0.05084841611581084,-0.018029612744777428,368
1633,0.08779365631612422,1.8819781434572664,0.8316133973606744,-0.029462924751204825,-0.027252712449258504,1.2791639760803162,793.8276111239704,-1.849502307233718,2.3769433505225486,5.928439039369505,-0.7021345167212978,733.9214214795387,3925.780066360654,0.050887345721739585,0.017176885610578008,367
1634,0.08790276251765401,1.7878859639800748,0.3592144954135099,-0.0406840028954998,0.0017065547338994827,0.7902897073934815,692.0831974181269,-8.147927595039492,0.24403422153538476,6.083848349428216,-0.6971214478941542,920.710682619799,2406.5825093777967,0.052129331372629095,-0.0035324461695854584,366
1635,0.08793317443395086,1.4357610143155553,0.5307937659819119,0.015746040271602365,-0.030462784523213608,1.7797298442014593,734.291178643402,-6.360242069319829,0.572186884486277,6.060623232438172,-0.6355385089952319,1954.1216824938463,2051.4802942471747,0.052475243785335995,-0.018029612744777428,365
1636,0.08800648935728568,1.3375536827377137,0.4353170090775329,-0.02544223192069454,0.004577890912122823,1.8867297166359238,523.2117315560267,-6.942656998870138,1.6139648958111559,5.955689487774378,-0.6886411739640381,2261.7169724312816,3522.946168659327,0.05330865367139889,-0.018029612744777428,364
1637,0.08802182657011158,1.324002196887419,0.34257925415509055,0.007637015024444633,-0.040237403107274736,2.7655757639796583,717.0260928148806,-9.16509768863426,0.9123878888535033,6.094027485715331,-0.573101403935597,1193.9908429112886,3811.3107878582773,0.05348291214548595,-0.0035324461695854584,363
1638,0.08813961350903753,1.8712349569868145,0.16706611427239662,-0.0339181454766399,-0.00844678999321064,1.6177348735291859,255.0354937660926,-8.143983475983823,0.4570879944267059,5.790683514085386,-0.5029964547659265,82.42255677708617,1696.046499521359,0.054820173653226556,-0.018029612744777428,362
1639,0.08814762634794802,1.5875630785910215,0.6104611397804357,0.008434432668738511,0.016818483409042677,1.2918270264597311,672.2313859297695,-6.360790677536238,0.004819337118154188,6.048317427472164,-0.4882239564949668,4973.416780556787,3257.493104777083,0.054911080277272,-0.0818092363468535,361
1640,0.08817331332811412,1.7399990576633568,0.7689105424838797,-0.01815387140352141,-0.02248559218931596,1.0808543560315929,498.62438937339437,-6.790026129435351,2.300592087957191,5.987085266823413,-0.5195280575076033,4276.6013858564465,4946.361169606483,0.055202446468894606,-0.13488025795164324,360
1641,0.08819911198582311,1.040264667662975,0.16428557135902314,-0.0011320935911756482,-0.0340200699260847,2.5312331136494577,610.7943164660084,-1.2993135628664143,2.1537998707563695,5.574728429842471,-0.7411448951481044,3619.442143289679,192.1897574753492,0.05549499398977814,0.017176885610578008,359
1642,0.08820153712281854,1.6864115311414547,0.20134712264269475,0.04952369626959007,0.03794688515172704,1.0120018322754465,471.27892810994115,-6.9131520945624665,1.6362994449812094,5.872202514397517,-0.624478303808948,954.4163938422267,4501.692644177995,0.05552248977291652,0.017176885610578008,358
1643,0.08822210610372586,1.9498070945914487,0.13459463654865786,0.04867328905563515,0.04915707277085838,1.2667779002482815,688.2199434539527,-0.0006363348639229147,1.002169265145055,5.750406155431503,-0.6880160903131244,4585.112677756996,2539.8168106595544,0.05575566692110534,-0.04305602518894445,357
1644,0.08829102141658801,1.1672748140486504,0.2666781232375666,0.015036565785871796,0.03431862878810553,2.400847386506161,615.1358886789362,-3.222974081592473,1.6825271738790009,5.897943392652588,-0.8479574126109423,4083.556490414041,1024.2088881257946,0.056536518944215075,-0.21976266600244637,356
1645,0.08830282369778705,1.9035342826591508,0.6839179038202245,0.04100095702807974,-0.028345429947165737,1.063580272170765,604.0393090448363,-5.2625764628696565,0.13814823892640873,5.861941894006806,-0.6989969412913382,4192.553307381703,3755.706906568219,0.05667018477171909,,355
1646,0.08830665185134348,1.142835139994102,0.3002902854469872,-0.001401069988042586,-0.0003423343155419536,1.5319192618698037,369.8395637600826,-1.3697060909898138,0.9619356108877953,5.748769891873415,-0.7229561603495258,1146.7980394790484,4064.3517327338386,0.05671353639304899,-0.018029612744777428,354
1647,0.08830792714019264,1.9938189324904065,0.207690463502818,0.01803383016075545,-0.018352107655246898,1.4201970715566001,126.25696600320143,-7.695510751871771,0.2703654433607848,5.727202443321551,-0.5564057636447012,1598.7640549643227,1209.4534764244113,0.05672797788316286,0.017176885610578008,353
1648,0.08831194469167503,1.9477161684032998,0.16291784236107798,-0.015409963273828339,-0.004891311715763298,1.3962626148244386,452.57208409452784,-2.015214584515569,1.6584227199104173,6.107548688057834,-0.6126505175298971,3832.0065281860907,2066.9818919264026,0.05677347164826274,0.017176885610578008,352
1649,0.07513392128755021,1.0338826071464806,0.2319635154281411,-0.005966629609312455,-0.048439395590878766,2.429449535183684,640.1070892708491,-0.5005708702045782,2.2138477298999018,5.591037376740614,-0.7572857507879539,4561.430745860015,1011.9185546766681,0.057336992415686794,-0.0035324461695854584,351
1650,0.061916902542242434,1.2345979772007174,0.7090665619556319,-0.0010330637401051244,0.02027419035072024,1.3395321257860902,431.68266854853346,-0.1829044806953808,1.911268361535958,5.398527107165896,-0.5977547411535891,3448.510605582058,3669.056181865465,0.05751118132230934,0.017176885610578008,500
1651,0.061926343123528065,1.5700821772859914,0.17969161494290145,0.013356774887044048,-0.01596741904827361,1.1925345414178994,259.2850616264914,-6.710145093065552,0.49802155567291534,5.6289585062378205,-0.7357435111138552,1193.8750873348818,4840.818653438618,0.05766364149497738,0.057336992415686794,499
1652,0.061926770931460144,1.3880300833385346,0.36758397268450277,0.011905468978817774,0.015407502198539109,1.6383248746165162,86.60179109989731,-8.526388325262612,0.2006923008993297,5.858930192768219,-0.8104771938817741,2433.248093042466,4970.592069192748,0.05767054980622288,-0.0035324461695854584,498
1653,0.06198129345224601,1.0647993237981064,0.9234086546090309,0.04905798055829247,-0.04605079487187139,0.8408891557307645,547.9946447396555,-4.911880531182254,2.9592516179573733,5.934210541570939,-0.5226938258296889,2427.693369245146,324.6612109359988,0.05855059784143751,0.057336992415686794,497
1654,0.06198577079494886,1.8754814715223167,0.15546548583733721,0.031507742107891916,-0.047609241597286835,1.7080224336278287,187.41582224338217,-1.1389277321535816,1.2307185637947133,6.019807335138183,-0.7309049098411772,1438.6917311542643,2309.7916398110656,0.05862283223262987,0.017176885610578008,496
1655,0.061986599912470644,1.3791909472801174,0.4891944548209832,-0.03259667124564844,0.017304775090583424,2.03666218137662,669.8397823261631,-9.223627095538177,2.9132980410841642,5.850900320311594,-0.4705635503931598,445.4795578203247,4450.210075133133,0.05863620807620229,-0.018029612744777428,495
1656,0.062015622737383015,1.2417506400640628,0.542647948217584,-0.044012425013836586,0.02140200258777087,1.443392592534262,775.2842843292835,-8.896219402572104,0.6542472182714942,5.797031042585412,-0.7206014375478366,3098.9179848764556,2756.8631300786997,0.05910430977338314,-0.018029612744777428,494
1657,0.062025958085357304,1.5488263365446904,0.26326528035699215,0.004531938900483512,0.03859152755713795,1.2647511389500723,404.46840326287196,-8.360818205223937,0.21336424372876792,5.623296041128918,-0.7177502920193053,3491.872397557391,2545.708701413112,0.05927095305430813,0.057336992415686794,493
1658,0.06205343240277931,1.0693222950781218,0.27117849857158943,-0.004129682956011801,0.02294815941142039,1.4117598994853693,400.85768138789854,-3.510717670307238,0.2583556253589706,5.823760715453016,-0.6786477963882326,1264.9599148274071,4551.32172011948,0.059713803680264355,-0.0035324461695854584,492
1659,0.06205400679020107,1.6328054579269982,0.30291192493810787,0.04426963238207753,0.03685828002586153,0.8740008876085246,504.4105868568878,-7.511354797093047,1.4930905734783084,5.828130820989086,-0.6362106212919235,1252.4099593196981,4988.043447391942,0.05972305997343619,-0.0818092363468535,491
1660,0.06209163996518578,1.4543377125070216,0.17319553526056386,-0.02602261507555198,-0.009989065167406361,2.2220888487152544,494.77162309502654,-3.6642298430817455,0.7918807386218703,5.773799995395831,-0.8531692877489797,81.10370910265942,4894.293500848321,0.06032933457292655,-0.0818092363468535,490
1661,0.06216807468464425,1.5347839021903067,0.3966399545773881,-0.03279183083605818,0.03158830499870633,2.246666089660058,526.0214466466083,-2.9365676095992503,1.8476714056586416,6.070028968151837,-0.6204729947889498,4111.003989411636,292.82642250534684,0.061559576076664735,0.057336992415686794,489
1662,0.06218833792768343,1.610301310671682,0.9380896285668532,0.03763349177506202,-0.04309690627158662,0.902177546490507,798.649002495487,-2.1493860888694827,2.9437518590642946,5.9571209568644035,-0.682002094913063,4413.605370086472,4960.0396036819575,0.06188546587671617,0.017176885610578008,488
1663,0.062212612149712375,1.006580902000837,0.21869136910276343,0.020682490376773374,-0.005286247960795883,1.5811179261644892,284.35501980318173,-6.567010226378222,2.608835613749482,6.208088835149269,-0.7056099974844992,3993.2992163103627,573.436229588763,0.06227572370547585,0.017176885610578008,487
1664,0.06223399921723166,1.8640760216192624,0.6607064553574096,0.04983837802625103,0.024261399903451077,0.8732984821797428,503.0414386156175,-4.330494044092279,2.2071582734094735,6.157012532014257,-0.7374780409336785,237.3320773107627,1288.9357878810108,0.06261943845179596,0.057336992415686794,486
1665,0.06223627324269595,1.411726828199105,0.8891243030407643,-0.008092653991861307,0.007034827911436985,1.6165745484404968,672.8215013240223,-0.9848245347195793,0.36952479022930496,5.896314994000554,-0.508143079478724,4735.78131481568,4601.510237505118,0.0626559777059861,-0.018029612744777428,485
1666,0.06225141736942342,1.3254941299931209,0.14351512952019344,0.006328801621712503,0.001063845429549267,0.9408575594737121,546.5297404906194,-7.143940508777795,0.06104687058192164,5.958702339785325,-0.7666510110699813,1915.212204737682,4899.572271857757,0.06289928090698621,-0.0035324461695854584,484
1667,0.06226176651087101,1.047296610915441,0.1687299188898179,0.014380711744204853,-0.006646363684893104,2.119010284081079,671.7268527749612,-1.424877540097726,2.1781543918606934,5.667216831825925,-0.5921159769006772,668.3086602736513,4944.721850406921,0.06306551457235335,-0.21976266600244637,483
1668,0.06226652347170098,1.5170197114541881,0.1755123077070365,0.04040554300656818,0.01322578066963829,2.072385232947786,325.6309035471043,-7.477818222776131,1.1669919535754252,5.758531216531518,-0.6641152539433347,2529.549006195248,4438.1813343011945,0.06314191425363314,-0.0818092363468535,482
1669,0.06230558309318499,1.3215287309065848,0.18485148902067583,-0.013712743497038462,0.016751629846089217,0.6368225038573567,415.5387559474365,-5.123206874691286,3.04155815907707,5.84705806348236,-0.661111686002167,1872.1302554574704,3936.6214272470997,0.06376901487582232,-0.04305602518894445,481
1670,0.062314137500328444,1.0713863821868739,0.33223718531748886,0.011507066116610887,0.01802685285673874,0.6713103056821519,696.0020494979175,-3.200794626918321,1.071431287315568,5.835670178146522,-0.7401945695843442,349.81190143885703,1859.7165774898979,0.0639063030532886,0.017176885610578008,480
1671,0.0623179655414055,1.2888454315665563,0.13012442647015035,0.04043020217186501,-0.03719024967818571,1.9392729356258531,327.08148134197705,-1.7574747999957614,1.1047434382342658,6.0979287329883824,-0.6316100051433162,4231.393109703175,3276.481938788146,0.0639677325081669,-0.018029612744777428,479
1672,0.06233639094106014,1.982662125501133,0.12609787130222658,-0.03627730768187558,0.02076267075463658,1.6849816834361981,324.5331063321085,-9.655248902246525,2.305739133697914,5.989775115099185,-0.6436971983058847,1170.5817092467869,4916.018435699474,0.0642633563484265,-0.0818092363468535,478
1673,0.06233908446197495,1.2308411166534396,0.21375465289428924,-0.017800190404231718,-0.019059907126853133,2.10513796260053,593.2900589371279,-3.804023722506421,0.32461768441170596,6.032304844738184,-0.602501000446722,2755.6192096634554,49.31133599418677,0.06430656486092645,0.017176885610578008,477
1674,0.06237267287505257,1.052906875456401,0.5063291348382402,-0.04612644292820727,0.0005730166253549923,2.685689674024581,320.9015226369281,-8.394855773948347,2.0237274942312116,6.038812901112275,-0.6794471409332751,3300.5250746931265,18.476910274204915,0.06484522159402495,0.017176885610578008,476
1675,0.06239055545160388,1.4659110696274331,0.6180215868117193,-0.040898436122907916,0.04107146245091166,1.0238536325620016,639.145551851301,-1.0729123329765335,1.1331917842292958,5.678332085709001,-0.7347581640654861,561.5804799211325,1912.3403731001667,0.06513188581250717,-1.8600397697631286,475
1676,0.06239633545349275,1.6933885135877242,0.8673087262263424,-0.04908487124029675,0.006397003324323988,1.6247884379496276,559.3345241901283,-6.6496374458973975,2.314453921974217,6.0491337968225025,-0.6470773880460043,2882.6998699635647,1714.5321601776511,0.06522452377874233,-0.018029612744777428,474
1677,0.06241589095455433,1.7410932183896097,0.19206227245222324,-0.010279787287487319,0.030342026557635557,2.1932289717341487,498.5485491809872,-0.5962186593823606,1.89166162680152,5.820179748854972,-0.5447017480329334,3078.0058761765436,465.7512221964757,0.06553788252229353,-0.018029612744777428,473
1678,0.06242983511517092,1.0131143904183226,0.6355489364279014,-0.027265539971508847,0.0033967844011115757,2.599918811535811,378.35470206000014,-9.783066514803394,2.0383862329825875,6.0262388996029115,-0.6418630192042147,3937.7929117652798,293.8887620153314,0.0657612647894934,-0.0035324461695854584,472
1679,0.06243210106827336,1.1681421763433992,0.2640819468982582,-0.048968076018525195,-0.02559565892281125,1.7488677330012143,719.8994266773165,-5.882100642998737,0.7527031857260951,5.635172613841943,-0.7435451753997553,1944.4493395197348,2226.281985408269,0.06579756012776143,0.017176885610578008,471
1680,0.062447894969302364,1.362725640922575,0.1617635126809378,-0.007927434665501472,-0.02350951348225626,1.2417060119860293,489.4849296401238,-5.424539796225699,2.4115998776798526,5.976567995008157,-0.5889501258335385,1315.0829900315011,271.50131924613174,0.06605050538111024,0.017176885610578008,470
1681,0.06245160672822583,1.3000453868961719,0.164476496253533,0.04134050583067597,0.03711607945278009,1.2042879614974304,633.73533894596,-2.1824688699079497,0.6747143962363348,5.829250875695692,-0.5674619908083353,4019.8649475349225,62.62029266107342,0.06610994130958014,-0.0035324461695854584,469
1682,0.06245863823354807,1.6960099414457688,0.5188211731913086,0.04355603598004625,0.018417775908619302,0.8811320162478536,494.8514555263454,-7.233885150805902,1.73717118805653,5.94726304335918,-0.48990929211300693,2655.826714764819,4400.770946935588,0.0662225262352667,0.057336992415686794,468
1683,0.062465614549480714,1.9245525058425514,0.28373473521262343,-0.04038547683614172,-0.0017279530360531222,0.700805195091316,679.3203994250003,-8.923591071606955,3.010191821972453,6.1535100757212255,-0.6663090092189311,1338.8380873393207,3227.974496850614,0.06633421497116987,0.057336992415686794,467
1684,0.06252733079963278,1.1432859556566852,0.1477768389036842,0.021413145006912125,-0.04905771644587198,1.1526513258312185,557.6107184122028,-7.439398074179565,1.2227338411845443,5.882177238915941,-0.8668565320504493,498.7005599430731,606.4407324092704,0.06732173078649745,0.057336992415686794,466
1685,0.06253453992686821,1.422960571089366,0.17490683150254135,0.03035283660805548,-0.00960870546762246,2.2852034678402386,357.95263751403553,-7.129357617980592,0.4977205529273644,5.916618740297188,-0.579292649385416,2952.7366592645335,1059.5450343591792,0.0674370197583074,0.017176885610578008,465
1686,0.06255770792344979,1.5729127815105235,0.17490787963384608,-0.03999115803108843,-0.01582228436871229,2.236987545910186,574.5813928210977,-3.3451962250440572,0.894683012040213,5.726732159956036,-0.838165863702861,61.55672743967223,4278.458048316643,0.06780743434827918,-0.018029612744777428,464
1687,0.06258742613470505,1.819001410870992,0.2641929720508919,-0.043547574574154896,0.02987292135131031,2.0758045513438312,454.7197247725216,-0.2697508551266992,3.1158571091745966,6.014722324218484,-0.49836142462520017,2271.419226391902,1602.8836341041695,0.0682823742975519,0.057336992415686794,463
1688,0.06260319270321053,1.975821472272085,0.6571907029805983,0.04428052901993794,0.03811587962027565,1.0160319754790437,510.4695681901214,-6.061423449375945,1.6318552792571568,6.126685316911612,-0.6742917546790591,668.4249700806286,1583.215247973797,0.06853425528884294,0.017176885610578008,462
1689,0.06263418543933887,1.9904246162690444,0.4428790466101696,0.018768663173948274,-0.008440414373106853,0.6933649556469026,520.2098225908555,-6.34357137301229,0.7726107455996342,5.817235006074995,-0.7026550986547739,2656.568428741716,778.5004163692623,0.06902919916624217,-0.0818092363468535,461
1690,0.06266358578796699,1.3819264793522321,0.24529960557203218,0.04265275585029126,0.007859693075005761,1.230571996652229,546.0568707638754,-1.0936056808509038,3.099919680941349,5.902066705934995,-0.8122304627345339,3639.45242535951,2721.268797516046,0.06949848683002857,0.017176885610578008,460
1691,0.06267182486814174,1.4029931578472745,0.29795961098428136,0.03765118448600326,0.018008412340870247,0.88000599908783,404.2581637559836,-3.9134691417972705,3.1382177071764112,6.112971329701539,-0.49690483433640187,1231.5516643077776,2025.9918790538845,0.06962995933479466,-0.13488025795164324,459
1692,0.06270284749328285,1.1202867109132433,0.44971903548876696,-0.017439310172083118,0.022904079048168952,2.4121631263761265,742.5606174417288,-0.9872095716702405,1.4476420446363034,5.717583801597864,-0.6366863361498117,1998.7571152099156,2497.49737508478,0.0701248380083237,-0.0035324461695854584,458
1693,0.0627364004285357,1.0631130967164444,0.5998851178673589,-0.03255939863651767,0.022327237662602546,2.046653471830899,381.7494773344635,-5.167999744844815,2.4449799150046925,6.172478031726349,-0.6032485405659802,4271.920395750461,784.5910790512554,0.07065980511957237,0.057336992415686794,457
1694,0.06276922361496429,1.632509157585884,0.17243295456822508,0.03835255181538772,0.038647197436076655,2.4304581674384877,383.97617217489363,-1.2776556284575202,1.0513600429985044,6.005385741589385,-0.5179410820867536,846.802520355241,3451.009228207743,0.07118286036002508,0.057336992415686794,456
1695,0.06277244414482186,1.567726613612207,0.2927140039541652,-0.047808717625378236,0.0024231587225300656,2.141137020666787,490.1795013840464,-0.34274498180220314,1.543615686527716,5.747930832994795,-0.653879606808712,2340.6165467296187,477.0464848302522,0.07123416651058956,0.017176885610578008,455
1696,0.06280033069090703,1.4046694955917225,0.13575012063995195,0.011636227692822899,-0.0004270481963772786,2.1459067459705476,618.4801484561463,-2.4661754294733593,1.771563369367611,6.200936056566614,-0.5846939829188866,1089.8999084239915,163.998677056447,0.07167831607364511,0.017176885610578008,454
1697,0.06282557454934035,1.5827875060135461,0.1511803928767,0.033556218320941786,-0.01713436380751319,1.1076056642704557,729.0458915470128,-5.91657510188427,2.991341626262945,6.082599087188092,-0.6410498510571159,2433.8173123496863,955.828734124057,0.07208020545676364,0.057336992415686794,453
1698,0.0628745946449065,1.1747819271793236,0.7151758042377364,-0.017766311127192295,0.0033328218154474332,1.9576230735745652,318.2883215343362,-5.957111433491706,2.4985822204146566,6.037881617560918,-0.5981899029464658,4146.433148688664,36.899140929106835,0.07286015823429626,0.057336992415686794,452
1699,0.06288191245709555,1.1931669789450734,0.9912643062022145,-0.026627546693160652,0.03521340463740575,1.8182863501784905,757.5518036699798,-8.919910754847477,0.6028911440251233,6.104698687559324,-0.6533170484703668,3006.7924907774022,2135.3023508415035,0.07297653888705916,-0.018029612744777428,451
1700,0.06291244104156891,1.0624362295112728,0.3036795453732981,0.012551759439021482,0.01972887603241496,2.117600824102855,711.5526725332212,-4.953745584865313,2.2170378219908033,5.810178356993464,-0.6209225189381828,11.039774306563402,4500.767095377643,0.07346191178701944,-1.8600397697631286,450
1701,0.0629223281922777,1.4170233829087437,0.13612955942852062,-0.018026603978122353,-0.005512265850887394,0.5863622767802419,502.00775114164026,-6.323325459968355,0.02794331563425732,6.03915130383302,-0.7233800319380933,2765.7780345477217,4277.174659214297,0.0736190567605074,0.017176885610578008,449
1702,0.06292667607077271,1.1825457713168246,0.35285699042121926,0.040339422579946306,0.027430122699630636,2.6752911773040444,722.5337073648315,-7.143242335798493,0.5232210443088146,5.8352592876968785,-0.8483305339408025,233.33207172180025,27.715895821112383,0.07368815350885893,0.017176885610578008,448
1703,0.06294067212358594,1.1251999293202701,0.33117609482415666,-0.009429625216167132,-0.041708650427180506,0.2749265643534097,574.3119909379922,-4.304683944255283,1.9010612098480215,5.811918925664352,-0.7979845902383509,407.348675470552,2195.66304131372,0.07391054721243573,0.057336992415686794,447
1704,0.06294631594934298,1.6707751370469004,0.3651698320964624,0.009495773846020905,-0.011077977103777635,0.7665097197031222,654.2525302760744,-0.5444752157156514,0.46064693317892424,5.641949008905164,-0.7334676136293665,4390.6712409303,4336.3841654736825,0.07400021217065222,-0.04305602518894445,446
1705,0.06295680475836526,1.182414453012108,0.20770095176524822,0.02712841630797669,-0.004554605283679987,1.993622878098755,764.0568657607964,-7.858400683182326,2.4077272590037855,5.756181065823205,-0.6575754685011512,1600.138488194187,633.511875121326,0.0741668293123075,-0.13488025795164324,445
1706,0.06295959120316343,1.2924590871848263,0.7448882384489336,-0.007180871083570243,0.007189922098667625,2.0337978005188404,766.3789092796583,-7.307270321474859,1.638711405897601,6.073908355996826,-0.6426423579775442,2714.1268548649687,4769.131810821021,0.07421108796159262,-0.04305602518894445,444
1707,0.06296987074571463,1.509640604565901,0.6300435473601399,0.009466716646332574,0.00416591963425849,0.7902079164049619,674.3595998372938,-6.069777858787239,1.3039020934496182,5.808777819848707,-0.5880227318693698,1734.3526299099606,1561.182659612535,0.07437434670042065,-0.04305602518894445,443
1708,0.06297109201167496,1.0329294427160953,0.7392814557430455,0.0019612805970541758,-0.009337808632906586,1.7365611395517633,611.1962038008859,-3.086437241015187,0.3807297755022851,5.9982199758279995,-0.62969330095814,78.23523512906576,1620.896407752146,0.07439374096159454,-0.0035324461695854584,442
1709,0.06298311566250092,1.1017488338684094,0.15932376957442212,-0.020357173943800426,-0.04360284306155919,2.097564124562654,394.6124269225137,-0.9118884756312925,0.41335134521950095,5.716812173245645,-0.6899852246871242,4600.682731790003,1588.1633600792272,0.07458466194921104,0.017176885610578008,441
1710,0.06299545378353738,1.1116535521828315,0.4720016096574313,0.0036168078052979218,-0.02816402970695512,0.843599523209296,725.7874528006978,-3.152279488745047,0.38996621936022363,5.900543273685108,-0.6075094449510189,1950.9374027873305,1785.4951894732458,0.07478053845616234,-0.04305602518894445,440
1711,0.0630254825081702,1.3085841073173126,0.2481777358077586,-0.028170127357954225,-0.006701707013691959,2.3608770390687255,549.2915525210494,-4.365091494342905,0.82859129779738,5.776721113460369,-0.8300607207689124,584.5497056775396,4581.048858526325,0.07525710570111244,0.057336992415686794,439
1712,0.0630705567482038,1.2439594807701146,0.5656249688311711,-0.01793565257520615,0.020399115074283096,0.6198078541362457,441.61212977409036,-1.9187905918174009,0.005185617801394487,5.725534874950272,-0.4763083341010569,3192.337640628871,138.70389866880896,0.07597202493618438,0.057336992415686794,438
1713,0.06308220123469402,1.3190564136408787,0.4861153015798157,-0.02188152559798698,0.04158664193891259,1.8024909143505374,730.5339211815987,-7.229353289814029,1.011795269829349,6.261546540552795,-0.5835307712591573,3687.3394092640638,2293.3818371602383,0.0761566342417622,0.017176885610578008,437
1714,0.06310702636223732,1.7604090033465678,0.35443284199712477,-0.0412459597188807,0.006510397834368139,1.792523865563337,355.1142031113698,-5.9278854404683665,1.0928370468519382,5.827738635623776,-0.5875423748517059,4384.269984535101,3789.4567746460707,0.0765500929914924,-0.018029612744777428,436
1715,0.06315030213897652,1.5821601711863582,0.3674727634927602,0.021080020229765326,-0.02661558158241847,1.4581677935455217,491.78105087641075,-1.3468196527371772,2.471220871501384,5.503452420326168,-0.8532552462073208,781.3289614902062,1757.0738748814608,0.07723561008500046,0.057336992415686794,435
1716,0.06315140699496467,1.918669603648371,0.39282749652735555,0.01645212644830872,-0.004402981305072955,1.7982086891994111,760.9737984166993,-3.6745151562125744,1.7406966576688327,6.13951128157583,-0.588397793452509,887.6084203609979,526.8757616817459,0.07725310558821402,-0.36193846958134623,434
1717,0.06318237142146343,1.5521860350436043,0.31430934847923947,-0.00015505068371855584,-6.061511508374359e-05,1.8430122345203783,427.2753386308177,-2.4621471771177252,0.10598581708888348,5.923357524041126,-0.8130204525190491,1398.592369684857,339.06983534748247,0.07774330587353373,0.017176885610578008,433
1718,0.06319841226074624,1.7766251376477373,0.1859099696275404,-0.019312031122302644,0.012701418411950223,1.7774340461308877,602.5356603950283,-5.885118424972977,0.9345953547659123,5.780690233559226,-0.6847812073200764,1700.9777705184022,1528.815735591525,0.07799715521533712,0.017176885610578008,432
1719,0.06320524694733157,1.2382492810823609,0.25284035127721316,-0.03791966541287068,0.014294380626448123,1.075331272671713,364.036944555216,-0.7801822369130024,0.012403850069475881,5.837727200737252,-0.5284219949967325,3878.0608670528577,922.8881643192011,0.07810529585999437,0.057336992415686794,431
1720,0.06321622568103433,1.575296315374038,0.1621762324676436,0.01394954034255924,0.04536050655557804,2.004137908686783,619.5892923611113,-1.6215229618813185,2.3902940844936023,5.892065478927873,-0.6784828887849047,1472.7981287593009,1714.6938249705531,0.07827898049607779,0.017176885610578008,430
1721,0.06324008413744062,1.651193777086697,0.9262894247330035,0.0179643968669345,0.009356732771794014,2.127497418291713,672.5874316153285,-1.1861895853825886,0.09346764474586775,5.882202189323415,-0.631860144760814,92.03714889014151,4290.794560197304,0.07865631962163527,0.057336992415686794,429
1722,0.0632462339845099,1.9830192412442853,0.13133130827982853,-0.03471806456568479,0.021466559279527262,1.6737512039231282,329.81515646049536,-9.654916732797771,2.2795370235343886,5.987483745139773,-0.6421702087724213,1139.9079095556167,4889.982309141946,0.07875356092261865,0.057336992415686794,428
1723,0.06324709101928448,1.496150952669055,0.7419545284699188,-0.005787221309539245,-0.03546380393105407,1.74423250035295,129.00754173535802,-7.724817105193445,1.900149337224478,5.579275054190391,-0.788853474807714,930.7816387123718,1772.1466843877597,0.07876711159462757,-0.0818092363468535,427
1724,0.06326212470443096,1.7332774919905756,0.4313778298932629,0.03407712001838858,0.013313723848203016,1.7271359089206122,469.18986844873825,-6.451723912143156,0.759617722040577,6.081306106445222,-0.3775117323688784,4839.86106400391,2394.6919037398347,0.07900478100292174,-0.0035324461695854584,426
1725,0.06326646731015693,1.734301270550455,0.7987862941026819,-0.049537672577292774,-0.04149578375124681,1.1189600879047272,544.1617972262994,-7.402719618688137,1.5121980247941236,6.010322847493117,-0.5103896798124165,4260.541941732931,4549.554421547041,0.07907342328606581,0.017176885610578008,425
1726,0.06335420199256427,1.9003737199379662,0.15338457856528734,-0.007918556056343803,-0.021211739403296334,1.2902471272764615,636.3940705786986,-0.9938510063581775,2.8250306372730845,6.108617031785565,-0.5147403607063853,4076.368207236376,4380.1104532404925,0.08045921119775934,-0.0035324461695854584,424
1727,0.06335830655406961,1.5628271841969783,0.16831867288814495,0.010805727178720883,-0.016049510143518138,1.1715365862876697,238.18830954618429,-7.908496959872315,0.4539247430902789,5.625023161598157,-0.7333075348664476,1157.14476430985,4813.476710505841,0.08052399661721599,0.017176885610578008,423
1728,0.0634015182583283,1.5416881714025743,0.23745786075365777,-0.005542883214073539,0.02473378314057165,2.1794515011045275,782.3984576884937,-5.63880125735451,1.3594896337186146,6.108889161411287,-0.8079938994975373,4862.294609194895,892.0750990937404,0.08120578528339606,0.057336992415686794,422
1729,0.06340709933416404,1.0483506352115486,0.15391822033104985,0.02538192218386942,-0.017713918745618618,1.3354761868753258,735.3334946822742,-1.4529265881597475,2.772088464906735,6.076634937633007,-0.7568862944436255,3518.239484822242,2641.408043641553,0.08129380888858537,0.017176885610578008,421
1730,0.06345010099925259,1.3263486626644616,0.30240598982941647,-0.014740824968913007,-0.03215119135985876,1.6065611176065007,530.2589547618711,-6.948411710455522,0.7681763041581953,5.883878342122765,-0.6530771495759036,3861.009333244608,255.5876914254129,0.08197176278659907,-0.7187449729767704,420
1731,0.06346720077998409,1.3424706123854766,0.2700864484805961,-0.02864019332455128,0.01986726994791098,0.9479130236937922,286.3049159665551,-4.4148830402594745,3.0446633625003274,5.894904249706126,-0.6534873695424079,1971.1748354219849,3354.2969756647026,0.0822412261394645,-0.0035324461695854584,419
1732,0.06348471468490637,1.918678113291027,0.9184361207493213,0.019247726810694393,0.042121776715025296,2.6313944053234772,754.7155401756073,-7.164048866830201,0.04347437754711203,5.73760311378449,-0.8570611975500625,4138.733919821056,2451.4816962551977,0.08251714013370559,-0.7187449729767704,418
1733,0.06352971125760935,1.4795935684054928,0.8532887190845659,0.02284332679928204,0.031557641593411616,1.531313978105604,525.1948922558531,-9.846205705655962,1.4138044231043743,5.697912201124647,-0.7427513395120956,1580.626180526354,4873.919422310474,0.08322566712576113,0.017176885610578008,417
1734,0.06357633857966995,1.4273180213231975,0.2024921900241529,0.0015213416864574632,-0.004106920267320541,2.4560714121566014,565.1103314487385,-4.98816066153772,1.5918292134228444,5.953197113842168,-0.864920021016571,1710.902048333968,2150.0198068057325,0.08395934304766617,0.017176885610578008,416
1735,0.06359307447368906,1.9992500042041224,0.42863893255741964,0.004771444870232334,-0.029227759080597958,0.9517270083044681,653.1322087090448,-1.17268471199694,2.661078740233017,5.801637727771404,-0.6600074170645717,1140.3462677180662,3655.041697000972,0.08422254932843132,-0.04305602518894445,415
1736,0.0636176585032641,1.1941231287228953,0.8366925335835709,-0.025389224576351923,0.0381026105411187,1.8058420315145305,442.1875153134213,-3.1454760363475653,0.305963068775742,5.813305384383875,-0.6740852220329632,2664.239191882289,3974.384243038837,0.08460905806567562,-1.8600397697631286,414
1737,0.06367191858120962,1.3448566565309557,0.38135496148710646,0.018365294305884176,-0.033598589799402105,2.906452020822855,715.4143677589676,-8.825751717741142,1.1590572270237112,5.832770489731849,-0.48228171374041756,4501.841005827655,1074.615403788736,0.08546160361526711,-0.018029612744777428,413
1738,0.06371961567182632,1.2565840468165002,0.6300714829637601,-0.0025408431352056432,-0.04444319817076899,2.062589450687962,797.8672501982761,-9.0446051690065,1.4321168626214698,5.846342895002329,-0.6977995696010305,2698.5618183980987,130.43998923164557,0.08621043034275913,-0.018029612744777428,412
1739,0.06374371929444808,1.9553669038351498,0.12579564274913987,0.03934976649417995,-0.03695805036362972,1.6487086867073701,129.3928603876945,-0.3340533196944556,1.6314179507587119,6.047408291514366,-0.7062924310474672,1534.516823560899,2644.3789684568205,0.08658863514834003,0.057336992415686794,411
1740,0.063804965429351,1.8206084368295716,0.7407755817374085,0.010613094390954408,0.004558681281932425,1.7587219570285988,385.6405685280922,-4.194863353773079,1.6972369518843857,5.577243904030964,-0.8468978533805874,779.7751897597261,4206.915403573344,0.08754899220321383,0.057336992415686794,410
1741,0.06382381366477265,1.3384559277362056,0.9707545226771557,-0.013715544405293116,0.019532059330430045,1.7085798350172265,486.7452638669017,-3.259287288389385,3.118535173894862,6.043522416976077,-0.4372390925177182,4290.407055067925,4781.1196571847295,0.08784435247693981,-0.018029612744777428,409
1742,0.06382970668206328,1.7304063564136645,0.9751741083084738,-0.028592117842695688,0.015767122002538297,1.902551792788039,625.5354886119837,-6.259960587996034,2.2621679599357822,5.575716374616302,-0.7476068224173932,1271.012474155413,1848.4349773568742,0.08793668079308259,,408
1743,0.06384345940787407,1.8490435201927493,0.7267397197853748,0.0009224872985233135,-0.04680590134463144,1.8530544981961288,445.6538653709226,-6.641905774196864,1.745053342864153,6.007662262302296,-0.4719614973595172,2454.8015681633547,459.7286127079636,0.08815211722793892,-0.7187449729767704,407
1744,0.06384449798457438,1.3703690323189799,0.18387035231143492,0.012263393279748961,0.010893166855680939,2.405752242326869,705.5214518745358,-4.085472533067774,1.5707788859240055,5.929046418455935,-0.8343763879040338,4280.336411456534,932.8493535529683,0.08816838464611593,-0.0035324461695854584,406
1745,0.06384453133850147,1.6500781945789462,0.197755592293561,0.02418228717749169,-0.01748165704229688,1.6417719635105457,474.93374697960644,-5.800450322891397,0.43269663432833594,5.87122673355445,-0.59794484300756,2492.616485740692,1360.7632641809264,0.0881689070703309,0.057336992415686794,405
1746,0.06384512029919741,1.982686171695935,0.5962587286687148,0.03773990150670187,-0.0033947523799287282,1.10256813647298,773.1065648222244,-0.04307081068084628,0.6075517764021687,5.991462172390152,-0.6671636011991908,4989.191339761788,2108.079992034179,0.08817813194789303,0.017176885610578008,404
1747,0.06387860701821879,1.2881774703258915,0.8778013095567024,0.009599362770764844,0.009969154177021192,1.8317761285354153,228.26433377590644,-4.827110092608259,2.7373699245702467,5.987651684496225,-0.5249169584174168,987.8549331656985,4315.502246521667,0.08870249371665984,-0.018029612744777428,403
1748,0.06390574459058575,1.6832842180731604,0.2910601746802459,0.013659484289164399,-0.026253158287452984,1.7067944832949073,186.13501325620456,-3.1895277024236943,0.5506054814960538,6.1409528411732985,-0.5896456097512899,2123.8929608321973,1117.9750872694613,0.08912723387356003,0.057336992415686794,402
1749,0.06390928755139054,1.4658270587651627,0.3277898618508889,-0.005463919584323042,-0.027033451666884287,2.0690941162002146,699.792953780688,-1.0957813644386762,1.013191970768558,5.643065047001722,-0.6896878766728886,2164.847651948845,1208.081096669823,0.08918267274889696,0.017176885610578008,401
1750,0.06395509927960245,1.0627992178541072,0.5269189643281555,-0.006963126493354372,-0.004803792366213304,0.8310475678336353,499.13072638766664,-2.861295577512136,1.897238402016645,5.884487692977107,-0.6517531153580873,1990.2600377975054,2338.748982088772,0.08989924022012497,0.017176885610578008,400
1751,0.06396326678501406,1.5413862788284125,0.678972966527492,0.010766441538372484,-0.00374402673539233,0.9717503285633053,752.7340052715036,-7.506416987414666,1.6261925605540033,5.805749470435406,-0.6279693744808911,2264.8108978064065,1853.9837428231704,0.09002693893398794,0.017176885610578008,399
1752,0.06401255599238312,1.1103787904703022,0.29316171485921955,0.03473961106364558,0.019764980242959914,0.7602887132909705,574.2081608937366,-8.215683007376924,1.5720757703207788,6.264286253671938,-0.6761308376349547,769.0199577839404,4940.420862083578,0.09079722833313508,0.057336992415686794,398
1753,0.0640409130854364,1.3688053189141183,0.22901802636306723,-0.04659139897681013,0.03915171190864307,0.8867381297938307,557.9088203320224,-7.398170003892225,0.05510367732795035,6.190282339554637,-0.7026006395551536,2005.3516480131407,534.7987286061035,0.09124012291023242,-0.13488025795164324,397
1754,0.0640459509659865,1.0498735838595643,0.14985576545557477,0.026105492080328006,-0.01713407627788782,1.3239282170348667,736.8649127463805,-1.4544145547021468,2.766380428340529,6.072826434100108,-0.7574851951872872,3514.314961701361,2646.620832081381,0.09131878641076874,0.057336992415686794,396
1755,0.06404664572740365,1.151323517637608,0.18701800219640707,0.002438229334219828,-0.04735785329922497,1.3370754260415703,666.4085125556152,-0.5859665691816277,0.41326120862862387,6.279344338049971,-0.7847364748600743,2723.368240853439,1356.736942134028,0.09132963421053597,-0.0035324461695854584,395
1756,0.0640981359057255,1.3762664191473715,0.4423319743960296,0.022439044870569018,0.01038475513367183,1.647886598929606,329.13975294393714,-2.4454617567639216,3.0164847476966528,5.965422109504546,-0.5344252125324014,1868.8814903837724,2391.8247730502994,0.09213325930449494,-0.0035324461695854584,394
1757,0.06411443406059991,1.9231346383376482,0.8426923995649328,0.0036120654231483634,0.014859807021229377,1.7056282812013122,745.4194260121704,-7.809606826270438,2.6319683612673455,6.136857988388635,-0.617116500261338,2607.4135087105906,2422.677224234184,0.09238749576452177,0.057336992415686794,393
1758,0.06412398684166411,1.1683801938864122,0.2929676763578503,-0.010324266485316348,-0.04833291274037912,2.2273744926101817,624.1438490380598,-1.5057353711090284,1.6702267233337391,5.611883896576169,-0.7362039793833355,4433.09350385454,434.36335731459764,0.09253648046070295,0.017176885610578008,392
1759,0.06413678752715032,1.5377802316262192,0.25954338544938954,-0.005583047143107578,0.02926173856191097,1.2909613185551014,356.59025171904267,-6.754680838718943,0.026266884636666796,5.638818520333864,-0.6498717747484197,3640.2983040606123,3033.787203437509,0.09273608451883081,-0.0035324461695854584,391
1760,0.06418229855975136,1.0459792488815154,0.15653288702611626,-0.03743583292247388,0.048662074910840854,1.6870343146701323,317.81785872494174,-9.093183565233897,0.4188189846443109,5.792478094602937,-0.6325294962774292,3713.4774862240156,3466.8334081574044,0.09344542614363296,-0.0035324461695854584,390
1761,0.06422478407784982,1.3910284433476316,0.7281560530234741,-0.01751143605815646,0.024802221680464354,1.4306568843073275,358.66062341895656,-5.541783347519799,0.5022193564221379,6.176933447406587,-0.7831924539851076,1497.8554190929124,2059.4373314419126,0.09410715786081214,0.017176885610578008,389
1762,0.06422827307591589,1.2511242276870675,0.7418443526776208,-0.036594940794485165,-0.0014140044347041064,1.4265736472102626,419.60236088538926,-7.129899917369178,0.3308556816455727,6.222601716060633,-0.7451960087865219,356.32951690175696,616.680273661514,0.09416148117763795,-0.36193846958134623,388
1763,0.06424850538924297,1.3529904037016138,0.25690172957336244,-0.011791156286015127,0.030085160364330885,0.9124961187248166,707.9732876280673,-5.688890645898717,0.5851735327027305,6.061942698191992,-0.7104859893737534,390.68616882546235,1772.7072740868534,0.09447643791520721,-0.04305602518894445,387
1764,0.06425351378326219,1.9601362122217805,0.519890606408839,0.010101952568580128,-0.023143751927235737,1.7541293154774702,446.0856002435079,-1.9632713528660144,2.868145549424828,6.100683542846543,-0.670768354298872,2224.3545343836163,553.3978518409583,0.09455438834831886,0.057336992415686794,386
1765,0.06427751467399598,1.7912609783618259,0.8753417500101845,-0.01759408776051356,-0.029931598415366696,1.0787706843279223,653.9496744825204,-0.8321067246045244,1.882323778285935,5.7609530537307325,-0.7968113931653107,512.2680693784398,3390.4097122298695,0.09492785289295913,-0.04305602518894445,385
1766,0.06431699634016409,1.2381627502967274,0.9359154180464342,0.02771128531324531,0.04862968810591456,1.5156933564318722,545.2335485700281,-3.6013879189032587,2.787155343594678,5.780170125389174,-0.7005626505558875,2039.7486539931263,704.1204770918288,0.09554190192334794,-0.018029612744777428,384
1767,0.0643170673690717,1.431524726938503,0.1821599301880716,-0.008675551877543776,0.014767168495571695,2.1168079663243433,725.0412662434549,-4.139818743121397,1.7321910054976195,6.0758702359199255,-0.858941797523759,4058.5809167947127,861.6041448562845,0.09554300627945819,-0.018029612744777428,383
1768,0.06432653277357131,1.2336305033272223,0.2765298652143662,-0.01897879989765962,0.01879077199476759,1.2620771080966977,629.6212758577656,-4.71835630379964,1.0105991900922737,5.982358662192703,-0.6991154610913566,3.741169894112177,1624.6476830307465,0.09569016330105817,0.017176885610578008,382
1769,0.06434095560650102,1.3672024018393572,0.4512003648019544,0.01611677593692169,0.03038357542742233,1.325645316615567,750.0395593689118,-0.880668028468749,2.2027262210341174,5.935531374924207,-0.819695413739162,4120.9496677208335,2003.1719926696296,0.0959143509832259,0.057336992415686794,381
1770,0.06435916635433518,1.3267148983446233,0.6035132948369364,-0.013900850229048231,-0.046048870839110814,2.209295554190992,782.9156280458867,-9.825399560845185,1.573267589088812,5.802074041582768,-0.6883675234382828,3576.069583070059,361.8687664310756,0.09619734602121963,0.057336992415686794,380
1771,0.0643756982548268,1.1974627880817088,0.29396693708947946,0.02189150413002477,0.012524905957535049,0.8107358771808668,588.9255375124745,-5.733818332300502,1.9950736359614607,6.141110624580886,-0.7099647690555319,364.9723443358778,4029.265917080279,0.096454182436719,-0.018029612744777428,379
1772,0.06441863759022537,1.3554835980785376,0.12735955065869722,-0.024523532263006884,-0.017497484936110908,2.2363164434754244,411.0373663048272,-4.75700157222272,0.5355024145117363,5.7475231744043755,-0.8520720072847102,35.00123565924716,4624.063257407592,0.09712097165081102,-0.21976266600244637,378
1773,0.06442904838050542,1.3287546085679323,0.21365248793026953,-0.01442572742988296,0.009910096226587804,2.055574989693578,744.4439435050995,-2.911816906382929,1.9214919379205615,5.990972122163405,-0.8289446967845143,4248.355111217234,998.766019870997,0.09728257005625224,0.057336992415686794,377
1774,0.06445154281224322,1.422343179052831,0.6173482359387924,-0.014360834579970195,0.041091513961366004,2.099938262662392,721.8148356266644,-6.8037352082314495,0.9057005404100441,6.249660599808941,-0.5773834804986033,3068.034397384857,2598.4260225773246,0.09763164405965674,-0.04305602518894445,376
1775,0.06447142720259497,1.8666694332588396,0.5370144399235441,-0.009001981862024054,-0.04420323579574633,0.878757068795269,756.1822891860039,-0.46994152312927373,1.9798118394660509,6.030024536066208,-0.7293195816313433,1093.5223824607226,4706.065404029082,0.09794011338056097,0.017176885610578008,375
1776,0.06448853120707426,1.5513126175235004,0.9869186010608056,-0.037064087311974726,0.012939440451328338,1.5335262219965722,569.616086374131,-6.843734628982308,2.715849737900921,5.857798364396417,-0.6703067331248918,2216.459281796937,2167.3617069645566,0.0982053740831173,0.057336992415686794,374
1777,0.06449483312673808,1.0969434935496396,0.7039767382827363,0.025572463978196274,-0.015904328584919077,1.8604274550190059,464.2695481732056,-3.9443519005286922,2.56093037206778,6.213058291956382,-0.5978952387024188,4741.805495238213,3907.4092053680097,0.0983030908655464,0.017176885610578008,373
1778,0.06451864178580732,1.979486943731691,0.1316622138079986,0.01301563146534463,0.04852241110322386,1.7709705022877944,506.4220352023177,-2.4709115114994527,2.239707968776403,5.770731029411406,-0.5979479200662771,4923.538701552462,2186.122665085811,0.09867217881325502,0.057336992415686794,372
1779,0.06453485874726272,1.4447235322099488,0.1574203825761334,0.038213725761245196,-0.0020805934650442058,0.8674828374450189,471.28749209012216,-1.952082975860452,1.9322104032100835,6.270435424340921,-0.7604382906034362,3881.7192563122753,17.171935861472754,0.09892350034223085,-0.0035324461695854584,371
1780,0.06455759193800106,1.0923307706787906,0.563443436824797,-0.01618070509268233,-0.04517256623789123,0.6616627944103046,633.8357316381768,-4.483780435856947,2.1797123991679888,6.012208033233007,-0.8191684713709279,110.69491782760734,1148.06194005777,0.09927570050347634,-0.0818092363468535,370
1781,0.06457142632578461,1.2052897297574385,0.6991187222509264,0.03986463667203797,-0.005654770777622479,1.7689301021135775,746.7766460345205,-9.442959404032266,2.520405878481436,6.127702051962955,-0.5948387110583441,1549.9765377252174,3372.8340647716377,0.09948997283387712,0.017176885610578008,369
1782,0.06460875171414909,1.704580960095062,0.12910263682485876,-0.01439984308067617,0.030915402077939934,2.1066208135172864,477.39696549465714,-0.03253819367478185,1.708042678503393,5.799225873360069,-0.564418066785215,2873.1293297191305,646.1309326187951,0.10006785389842826,0.057336992415686794,368
1783,0.06461870391508033,1.5528904986628158,0.33495981561848537,-0.023809672139638537,-0.0024013517540844753,1.230746745203162,344.2398914821026,-4.503732196481173,2.541589065063485,5.836788386164814,-0.6487887087549882,2011.4011893192312,3381.471467171355,0.10022188000548371,0.057336992415686794,367
1784,0.06475020758858566,1.9380337439035762,0.13864326862268492,-0.0017272053737635372,-0.02664543577574065,1.2426799324069229,576.4353891736489,-0.090313406409964,0.12471980115333298,5.897407830909717,-0.5853987712847377,376.65419716693816,2688.1440971499164,0.10225488341060243,0.057336992415686794,366
1785,0.06477361693450634,1.3157119415881604,0.865235656796271,0.022054477112002917,0.02872270015969464,1.2295542380357964,406.04747783267374,-1.2107854418048665,1.1750329195725135,5.311218065110956,-0.6386253097651359,3711.2336471287945,2896.700316627074,0.10261635121405432,0.017176885610578008,365
1786,0.06477914334970757,1.4342138445126957,0.1421698446755059,-0.04314726545041908,-7.03220237868292e-05,2.017669812484066,601.5243276452635,-3.1703507377204767,2.5289440583289644,5.99512738079384,-0.5731575045997074,792.8598692386298,3973.468747023851,0.10270166649697265,-0.0035324461695854584,364
1787,0.06481056381235972,1.449696593190323,0.755725756307199,-0.0015196370265862151,-0.03957077799499095,1.7419292575854064,105.14660985899773,-8.789818214436986,1.8815475871114165,5.606665313622458,-0.8071484843971244,1004.5118939107264,1630.591293590456,0.10318658870192143,-0.0035324461695854584,363
1788,0.0648194128415897,1.9936147702573719,0.14592369773394578,-0.0009945453715005895,-0.014975919341902233,1.4621855533646388,198.49337460248813,-7.904235835916002,0.11755376390853178,5.721244520136869,-0.5251186843131972,1763.6690574148652,1217.2235486154004,0.10332311621623985,0.017176885610578008,362
1789,0.0648719508623672,1.9427929265903519,0.3214534251100543,0.04454899478442703,-0.029963230512102826,1.5860224111872496,764.8702698717734,-2.455263326340717,0.33929224904225774,6.033331231232026,-0.5637306543102598,2832.8643511584305,4796.426384811597,0.10413331702141093,-0.36193846958134623,361
1790,0.06493965879913262,1.0834312933483594,0.4427898998238552,-0.011683861013887333,0.0280398378680423,1.651807031957519,509.7348007623682,-0.5927059727164827,2.8275846740596826,5.646854938979895,-0.5952444632290672,4782.543126135007,743.5206698211429,0.1051764894014049,0.057336992415686794,360
1791,0.06496781493588544,1.7444400953652848,0.22199022754163183,-0.009822269621379597,0.03922916730446076,1.17064048824955,266.7816792942732,-9.33446078111342,2.0646050191620358,5.8119488199055915,-0.6345150060401191,4028.4015092981886,1880.0896968729216,0.10560996926813737,0.057336992415686794,359
1792,0.06497356132135167,1.3149231677947129,0.7517374751778642,-0.031444724978557215,0.001025783452061512,1.6521956137701483,450.0517799846475,-8.593412432001482,0.1688682856226618,6.128099046114357,-0.6799460692802239,430.3307038460552,608.8478106496802,0.10569841508326178,0.057336992415686794,358
1793,0.06498738357367646,1.1641385288558364,0.24692421645483592,-0.026749663474452706,0.04630256634013902,0.9254243210200576,259.4370310162886,-0.025108910183296557,2.8981583388401044,5.874666817962065,-0.668581067232129,3220.2441821783405,506.06287340732007,0.10591112902417321,0.057336992415686794,357
1794,0.06502523455362065,1.521041868500185,0.25470062601322835,0.02212954169186127,-0.013533637829806227,1.59791795236088,623.1148275291094,-0.549574244396087,1.3324871460360566,5.4865137838696905,-0.8481448821775549,2199.575645677766,3957.0614654939973,0.10649339529285984,0.017176885610578008,356
1795,0.06502835853673462,1.2128315429670935,0.1887199503828516,-0.03929445743834936,0.010795560309908851,0.854181015459982,359.0404629639402,-0.5656140135090411,0.1370287680816039,5.821276254158814,-0.5338150884692384,3283.001490179459,853.3655878513807,0.10654143676610639,0.017176885610578008,355
1796,0.06502938504079993,1.9871113519320667,0.1282356609200343,-0.03463468132004816,0.02131611357703992,1.684638069175323,327.3110900869139,-9.656828066881884,2.2601203442686355,5.992477137689407,-0.6458779732619541,1152.4139328658018,4870.288531519291,0.10655722212474328,0.017176885610578008,354
1797,0.06502972988792033,1.6008748073762535,0.9576538694930113,-0.043173331765817766,-0.04705499257224027,1.5955868489599698,405.56001657768735,-8.597168782761523,1.3581890281237712,5.9293094610844586,-0.4931828604144642,2982.71421345537,76.2586228550332,0.10656252505372349,-0.7187449729767704,353
1798,0.06507252777614336,1.4425103397086705,0.6882653767736325,-0.0041801616626411615,0.029518402820832804,1.4198414879895338,629.5114141556103,-1.7069681206237617,1.9686024308387706,5.918853379631754,-0.7261416083274851,4398.435021709315,3012.6393029879328,0.10722043661549568,-0.0035324461695854584,352
1799,0.05534865291280486,1.6515055068460336,0.23454388714231453,-0.01059448112937235,0.03411268249931889,1.2182008748501894,273.2192822123887,-9.27764207373744,2.4431266131821774,5.706568825718979,-0.700792840332269,3567.9830643298847,3244.946414450093,0.10753705288992355,0.017176885610578008,351
1800,0.0456229267686335,1.0299885460313138,0.20888838764151196,-0.03867838195459276,0.039922030999901714,1.577240169713031,373.1797022799172,-8.923221881882572,0.8953878436732849,5.8221524643591165,-0.5971701015194429,4030.85095298637,2982.721936803335,0.10794822463625736,0.10753705288992355,500
1801,0.04563212201537664,1.1198132940583223,0.1357663879783181,0.02393433231471357,-0.049882839458722864,1.1535333587763674,551.5048707878234,-7.553165033905778,1.2051939805397869,5.876425569503735,-0.8703431668091317,502.13418947622716,613.6677782237249,0.10814975314115621,-0.0035324461695854584,499
1802,0.04564431010687171,1.946795032497916,0.8709502637459176,-0.02012750256244223,0.01731568827882306,1.9375866856694963,748.9784679489454,-0.7442352075894235,0.5464270339831946,6.011704952221987,-0.5807089024098747,2706.0974030240386,1443.5050259117024,0.10841681203671116,0.10753705288992355,498
1803,0.04564893961966727,1.223181841073766,0.5840769926009598,0.031956584036620474,-0.00570176032504127,1.0334494432190513,606.0662737722535,-3.568017485616846,2.39834683897315,6.121151929473615,-0.9293218669590435,252.55906578914974,1644.3123234889154,0.10851823274016847,0.10753705288992355,497
1804,0.04566665241124744,1.930535097262982,0.22114428520220233,-0.03981383746604168,0.0041775357052429695,1.149835309916552,750.5444412486206,-2.3802029296623197,0.0418882115406487,6.0195038581616185,-0.7385061365971534,3781.333342261465,4547.0958662908315,0.1089061794511513,-0.018029612744777428,496
1805,0.045668329693674375,1.2547170829220247,0.4934495649230379,0.03455538442308666,-0.02660530691110282,0.6576805789153367,719.6487209283484,-6.544016373448964,2.4209698918410765,5.872205629912183,-0.6518934440519771,3641.7853474869203,2309.051582783748,0.10894290760043512,-0.0035324461695854584,495
1806,0.045689609205613414,1.2211221612606067,0.17189564176926134,-0.011044869364246777,0.0016500754301556131,1.5005609302426235,704.2464328897189,-9.339053169931612,0.43432673370385516,6.110858530098644,-0.5444744254383954,1796.0808265893654,1534.8346929504598,0.1094087568213665,-0.04305602518894445,494
1807,0.04570518821122935,1.9876694023978254,0.13032619661427663,-0.036311588226905486,0.02073751964398971,1.6819822247077767,323.5049613816632,-9.654671544666565,2.3026307742896868,5.98916396392362,-0.6439070671868496,1184.7697730797738,4928.599467021961,0.109749673508164,0.057336992415686794,493
1808,0.04571687723407609,1.1823118597984072,0.2720884162048109,-0.007798912703488702,-0.031561243073973365,2.491087692655432,791.7826631007881,-0.008116507729876958,1.6579882733301856,5.568377975266906,-0.7555428295483618,2902.107388725723,450.13853103845213,0.11000538908076218,0.057336992415686794,492
1809,0.04572453755834918,1.571165694036499,0.6584748094017172,0.007916584912122944,0.01889738507341511,1.199289706036029,519.1328087543221,-9.860798367699585,1.6845584720318518,5.795022522620238,-0.7136026156829961,301.7676242384627,4007.8667083160167,0.1101729351387023,0.057336992415686794,491
1810,0.045746345661145084,1.5251785209058752,0.6673097442964359,0.03793162641433643,-0.002718965455651356,0.2519499688254177,748.8646230085226,-6.821364594457333,2.046075590266567,6.233051465281319,-0.8073176258230652,3894.116402052186,661.1033976937211,0.1106497667257138,-0.018029612744777428,490
1811,0.04575743528542707,1.9822864659148214,0.2916970408066216,-0.004814025208427656,-0.03056217641059836,1.2888401800863722,310.2297549627297,-4.443790665430573,0.2793251820853606,5.601890286837204,-0.6873874987112876,1524.7493628725306,4282.315626417714,0.1108921528702922,0.057336992415686794,489
1812,0.04576149033400232,1.9060157160504565,0.2759526872778132,-0.03758510413668816,-0.0008128358367975859,0.6341090557646477,649.9697535489387,-8.438637456660645,0.03257431227705187,6.138668801411057,-0.6559733426367156,1363.1960120121933,3205.6848767304714,0.11098076948280355,0.10753705288992355,488
1813,0.04576197843364467,1.9229860951970168,0.6512254075551698,-0.02596747697257802,0.04990731004190296,1.2764904051944994,166.63565890833368,-2.4427991730123475,0.1029276348770493,5.890609359836448,-0.7501126809561143,168.4891448539622,439.3141120322504,0.11099143559169145,-0.0818092363468535,487
1814,0.04577608047595164,1.8482986397628471,0.8371160402281318,-3.668036579471259e-05,0.00966822286608136,2.1996850048892034,778.6998015775965,-0.35988859922837757,2.668603376714861,5.974334321199927,-0.6017029261207613,3886.632421461515,420.96121589206916,0.11129954879805093,0.017176885610578008,486
1815,0.04581038378953102,1.5815085484134976,0.32114291109609616,-0.04481482209601289,-0.03424783437688535,1.3208889182346568,771.8921963260169,-1.236661356336119,2.706455775045249,6.025250201911069,-0.5076107279419088,2869.614810762584,4590.049702092551,0.11204864017223654,-0.018029612744777428,485
1816,0.04583083004707742,1.6098717657109336,0.17973041265682835,-0.01827547076694313,0.029494656048511998,1.2376468519731916,729.5501628611482,-1.3912007518558787,0.6272046741780157,5.8246408128669325,-0.6967619921763325,1543.0660918550568,3328.6921450608743,0.11249486424604005,0.017176885610578008,484
1817,0.045850089925929066,1.817948234399998,0.2550606497721546,-0.021928749682917425,-0.04326026697855539,1.4143499868331524,394.51683081187736,-5.22689431140526,1.8305174208231396,5.974943672480934,-0.7868968484973674,1595.981578770499,1869.3051350345552,0.11291501446138574,0.017176885610578008,483
1818,0.045854962284936976,1.9195000205563426,0.4352520476916288,0.04223929863880098,-0.021938642100975066,1.1306480571002342,487.8010999506353,-4.081206808251097,2.923908030575436,5.823799917198248,-0.6768551450528069,3538.54811834585,3622.3781786863206,0.1130212759790491,0.10753705288992355,482
1819,0.045862176842451,1.7271789820390093,0.18365723155281852,0.048565120534105874,0.0048492343830052465,1.998499512867233,483.3855025975543,-5.982986482295682,1.1471239773089754,5.880741766642732,-0.506917627346807,4643.11468530769,2850.8340033647933,0.11317859788409002,-0.0035324461695854584,481
1820,0.04588854639821769,1.7100486039820553,0.8222488703538127,0.03179743759204501,0.026808700551894497,1.9460009489327734,485.9169216882417,-6.032719163892321,1.4714665936193954,5.8618343298901605,-0.5988481313824137,2406.8275902728296,3581.283722095937,0.1137534065734957,0.057336992415686794,480
1821,0.04588885293017649,1.0267001082680307,0.810205544351753,0.033359307889686905,0.0021012258677052774,0.6138231452406561,498.45827086181254,-2.503186988281499,2.6866983784846856,5.9667147767397495,-0.6696025968836549,2057.42993688834,1147.331315148866,0.11376008647418456,-0.0035324461695854584,479
1822,0.04590749772953211,1.4185634785249108,0.41930650775491496,-0.00627732427095572,-0.04695499946208476,0.9161885343602064,691.1176666942426,-0.38950321816834305,0.2965004234890482,5.910224597136353,-0.5894717901877279,3633.611706188957,873.8328516633314,0.11416630740735928,0.10753705288992355,478
1823,0.04593537054832596,1.31559765826126,0.155898576846856,-0.01073776374310253,-0.016803642646758696,1.2673478346001321,498.91117110269704,-5.059528381662142,2.221644389157298,5.926042877487193,-0.6048745746192269,1107.892133043881,469.81702606169256,0.11477327494168621,0.057336992415686794,477
1824,0.04593761795131723,1.2071758513363853,0.42882529001341435,-0.010937845367500627,-0.005703596987376642,0.4273340700953143,749.2547376684545,-2.7748313658244315,1.894857386732471,6.024045585445616,-0.7975355998181396,1486.4706115616607,255.95610402328114,0.11482219907109337,-0.04305602518894445,476
1825,0.04595069587653391,1.7697458661831198,0.4889222384460555,-0.010995972281451627,-0.03900967620943612,1.5014018961392412,784.0483423677374,-0.9913323351449197,2.3211030654197424,5.738443535752764,-0.6689788802967357,975.0296517930961,4362.117323597614,0.11510684735254759,0.017176885610578008,475
1826,0.045955355442257685,1.2240005160399243,0.29396951865507326,-0.04829341536303686,0.029520223644217768,2.0847681004998098,670.0486737684945,-1.6073106404133803,1.914307226303606,5.814226387587371,-0.6914890859741457,2439.0469160982466,43.15690179110899,0.11520824580598898,0.10753705288992355,474
1827,0.04596042973975131,1.0178712467215543,0.5914431702924409,-0.03140014011627391,0.008870800058754421,2.595383042703666,331.8616961022058,-9.783735423657802,1.9595939313333661,6.041778415130315,-0.6135431636888368,3747.9544728654114,487.58378226693304,0.11531865768976557,-0.0035324461695854584,473
1828,0.045971106162991104,1.8550924409599594,0.4724315006765296,-0.04478892356857231,-0.021795823900028967,1.2779606120937854,319.3652628062731,-0.13550093035827235,1.733840654350911,5.961523164126124,-0.6673945031670967,4625.9327419937745,3671.959025525665,0.11555092669700606,-0.13488025795164324,472
1829,0.045978328623117674,1.9868104946053275,0.5590775091198465,0.03967592402041786,-0.0027173934990993936,1.1262963106770192,789.1231680717733,-0.04933248161373819,0.4647581754525395,5.947039083454781,-0.683643371151851,4918.258556390633,1919.805231081182,0.11570802304370997,0.10753705288992355,471
1830,0.0459887669139657,1.384327074795903,0.16998773463421502,-0.0261620304953638,-0.0003096347901251012,2.2553637034824363,721.513150491865,-7.295683299557888,2.799163796942364,6.013798449352665,-0.5718473960340319,1097.8901857867722,43.42181456929198,0.11593502359919727,0.10753705288992355,470
1831,0.04601414037623823,1.0013861896023453,0.5980841770916696,0.03853172632249724,0.005385290656794585,1.9361665864255906,696.255942920887,-3.4129949880532755,2.0754431508607523,5.876077837888573,-0.8773160123766635,605.8338714212388,1826.4514019540306,0.11648660318854648,0.10753705288992355,469
1832,0.04602975106906225,1.9573328576100637,0.7529691937214021,-0.005092943022786341,-0.02557144842746916,0.9153201689163164,666.3651060205488,-7.40503578249901,1.6548830900466711,5.930749446543132,-0.5113347479375533,2724.6664103749763,312.38041674465626,0.116825804252922,-0.0035324461695854584,468
1833,0.046040040559332036,1.285437228431469,0.43341145688847404,-0.049753399664090474,-0.01994209063198743,1.4061455058605403,616.0455941568911,-2.4407826693046295,0.7113033440105936,5.86248718270561,-0.5351550322247699,4718.819160749666,3543.855923369033,0.11704931926559115,0.10753705288992355,467
1834,0.04605436460961087,1.6004179224537343,0.9462385087804954,-0.005046329809630911,-0.004499684002603632,1.886347934812895,542.8054305463601,-0.7677451174052101,0.4018238139292046,5.673218645969811,-0.6473447344745434,2166.681203278665,3052.003070081976,0.11736039245985905,-0.018029612744777428,466
1835,0.046062834145597004,1.7053807780775616,0.17167269615323502,-0.03125370583569614,-0.030966255306293836,2.1186664990953985,543.387170919418,-3.0547795012425167,0.7557940052083173,5.635385975022486,-0.7778784939769529,1032.329874842744,3930.8089313369137,0.11754427855530103,-0.0035324461695854584,465
1836,0.04607748291121147,1.9193559480390827,0.1283210815331047,-0.03057645946318098,-0.013724984450886685,0.4577270350689564,628.6932707060542,-1.998865553307543,0.22022162670879308,5.936781735516942,-0.681429081517371,3637.3024910409076,4543.855219155208,0.11786224502659104,0.10753705288992355,464
1837,0.046085139221733636,1.7090875939834735,0.8261476191635583,0.01877700091678469,0.0032475702415264438,0.9398880772094597,797.1799381070055,-0.01952765528020605,0.5576647156321141,5.685312421573308,-0.6307784298874453,3877.0708638834335,4375.954381928082,0.1180283928718886,0.10753705288992355,463
1838,0.046114706423238026,1.790261776107647,0.26334144430532935,0.04325635214597916,0.020852189770414132,1.1517701213392317,647.1694967009666,-2.962589358732022,1.7623087757826832,6.20997939944596,-0.6220092915835999,1484.1617483575799,20.496957194337867,0.11866976493306958,0.10753705288992355,462
1839,0.04613117537954844,1.3313151432568482,0.15293907281598385,0.03020080737176758,-0.035978189783640695,1.802968680872641,418.1658771327602,-0.5435052819642145,0.9341636512054923,5.989652498000002,-0.6119459127543398,4547.604064388494,3868.3698159457467,0.11902683142032605,-0.0035324461695854584,461
1840,0.04614315302419272,1.8194542421908664,0.9302844491452507,0.030655329559374677,0.03260932647336684,2.1764923790105453,583.9910346524522,-6.219670736892257,0.4684348682690602,5.668700284087234,-0.8368465592800526,4925.56305146555,2182.808974316347,0.11928644088949336,-0.018029612744777428,460
1841,0.0461487279695509,1.7731739493642766,0.3305465040631429,0.045640016379994784,0.024249219457688046,1.9793050370933438,582.728051830057,-1.9126716521738225,2.648843821745459,5.956161977007215,-0.8143892581179389,1236.2268278811648,744.0194214747524,0.11940725206606762,0.10753705288992355,459
1842,0.04615190263671931,1.4110584737321004,0.14857499662940224,0.0350755682520785,0.03496347222016687,2.5066117382534214,732.3782837440745,-5.368978849640165,0.9216631035334548,5.683239139273459,-0.7162806165173438,701.8861239504326,552.9270051495807,0.11947604178397825,-0.0035324461695854584,458
1843,0.046181988362278194,1.8341648958132961,0.21578112211341272,-0.019057286305248118,0.006512022978706451,1.9088856256817954,612.7854434923854,-4.522782021936295,0.5375927755196583,5.853081225542524,-0.7774819372345733,1460.772731866969,3363.3553588450654,0.12012771423696222,0.10753705288992355,457
1844,0.04618959122412809,1.6619603019097011,0.936243663156053,-0.032212725631784636,-0.015456666508376352,0.8744030883428947,690.8701156179378,-0.5364135758180563,2.167023333610083,5.853622051619781,-0.7337756940998498,748.7081811819751,4266.669360469788,0.12029232897895059,-0.0035324461695854584,456
1845,0.046234533630077235,1.692771199580273,0.17273246704480769,0.026611138844063676,-0.016767468345088278,0.5433627133979478,377.7304858624014,-2.2646723106804187,0.7111458870484383,6.152749857081994,-0.7125816608253294,3429.9304951491154,781.1702659178295,0.12126485448696078,0.057336992415686794,455
1846,0.046265430072955346,1.760403371248166,0.13963919219614143,-0.0008591743058434031,-0.0030524282073409984,1.8416911333462354,659.9634627424061,-5.899796388542489,1.155397235618188,5.7000678203528805,-0.7298195818944015,1284.4935183534183,2576.0128900630607,0.12193288597121099,0.10753705288992355,454
1847,0.04628613595828397,1.1825291911456695,0.5577469586041107,0.0046448751994904985,-0.033643478493890135,0.8483423584008117,684.4245381322114,-3.8927172684526616,2.9288916092651536,6.001960212423662,-0.9062542669908132,1370.829621734704,393.07788125967096,0.12238033135905951,0.10753705288992355,453
1848,0.046287236730506554,1.0598796381505213,0.1586198717300414,-0.003945565883455212,-0.03558225689721077,2.321365026541151,718.3650156016586,-1.49887008466618,2.2874543621979186,5.566749348189474,-0.7990672912559055,4518.077661775354,1274.4917906882577,0.12240411297551348,0.057336992415686794,452
1849,0.04629895010808737,1.1420229746358277,0.5403239355658879,-0.04706139713132082,-0.039121694851262934,0.3767937350126724,675.5173520712599,-5.440805356448415,0.2920297634770798,6.085471621170632,-0.7170332513246461,637.0763162745293,4912.5106726113345,0.12265713943744816,0.10753705288992355,451
1850,0.046306482840950194,1.6098452589799659,0.1692761429164227,-0.031845248723142386,0.014373880699596154,2.9337949617137387,553.2619138711646,-7.934818956594522,0.13554121431102611,5.964902276168806,-0.7953889356933451,1685.9058813697275,2714.4042748820416,0.1228198239073226,-0.36193846958134623,450
1851,0.04632040857681514,1.0966499689027538,0.7105516205657554,-0.011604852883056686,0.033746341590352676,1.9677169630347573,384.84823443353196,-0.5216923126557707,2.0048813681324007,5.680543536479235,-0.5450480090800346,4627.156678722902,711.6113667547244,0.12312050842265015,0.057336992415686794,449
1852,0.04634518318880333,1.8274209555463259,0.15362084029122788,0.031016659553847754,0.03394674757240639,2.0844801148884096,389.57860360660544,-3.2441295751497687,2.4524306547486505,5.9463034772727275,-0.736035750467987,1226.2153896306818,1168.9617733354196,0.12365521849357686,0.10753705288992355,448
1853,0.046367027646966714,1.7090028812041573,0.15601953348512324,0.017441191210438276,0.014895467628251115,1.5412358624738869,287.1243735606812,-2.3134616605028597,0.49577836652580076,6.056875569309907,-0.6204524740978797,1935.6053333849543,2201.0251709567624,0.12412645002530809,0.017176885610578008,447
1854,0.046378152039175106,1.2911550761852224,0.28116080937578086,0.027964506343911764,0.02970310844875983,2.551892838556669,726.6922280952216,-6.173151511964159,2.226280967274765,5.969005094720673,-0.7301880236088977,1468.0850203672464,588.7686554034707,0.12436634157117277,-0.13488025795164324,446
1855,0.04638680472060956,1.498883671596818,0.583500552041476,0.0386412597750304,0.023104257705410896,1.0509742027378497,356.3834825800508,-4.664163775143055,1.5197510845699334,6.0253610059525915,-0.6904781421724296,959.7479466946819,158.83843493223605,0.12455289222054389,-0.21976266600244637,445
1856,0.046410703880191924,1.869418003886085,0.27871831010352005,0.044471042437923436,0.008269969310566953,1.2112014304570466,690.6732193551496,-3.23972678239351,1.2194409955486407,6.2089872356358145,-0.6494046976744752,2411.619509820421,1130.846115627961,0.12506797415485524,0.10753705288992355,444
1857,0.04644444964748442,1.6152339872562946,0.962277453809534,0.03549124775485258,-0.04571381042653564,1.168387218894513,744.6458414017214,-2.6761584242725354,2.9375745708859897,5.915035620264075,-0.7195692807500939,4067.678295498156,4237.510277501415,0.12579482166935207,-0.0035324461695854584,443
1858,0.046450583812789034,1.5312509682257984,0.9480422161767027,-0.049356187587988536,2.3646578395623704e-05,1.6446282768570228,561.4738563994155,-5.360544682176779,2.7725754226488055,5.9366096639576575,-0.67867891019746,2103.959985478699,2032.218105063055,0.125926888262934,0.017176885610578008,442
1859,0.046452312168025395,1.7712702510323306,0.6201427682564273,-0.004115468767041747,-0.01317374848017499,1.657447791761919,598.5896436681834,-9.891355923856837,1.191555309368551,5.680124294201769,-0.6859604072676646,1635.3810785208047,3977.9762467703063,0.12596409604247177,0.017176885610578008,441
1860,0.046455274817322284,1.509360865605277,0.8501774292311431,0.00154643058460741,0.0016287721679785433,1.9413917963055152,424.16574193242724,-4.703277979176868,2.1514285532859874,5.992090448932053,-0.5075584282188369,4463.2741500173315,3800.6067310994013,0.1260278723041841,0.057336992415686794,440
1861,0.046456308596143095,1.9720487424216666,0.14325839322742126,-0.03082176291070286,0.04659467111193097,2.025116184373359,569.9729533718706,-0.0789103817993539,1.0254533082838844,5.705206993480352,-0.43035978985959805,2940.72745072544,1852.7567462067732,0.12605012526312143,0.057336992415686794,439
1862,0.04646033588671031,1.0965818649390158,0.29906246633484784,0.0033380357114064637,-0.028040347820561237,2.460603251091736,592.4945254255692,-1.6430936052118048,2.74899926144697,5.655410478785246,-0.7838123848569134,4644.432955824654,494.4742113695388,0.12613681135905352,0.017176885610578008,438
1863,0.0464627620369943,1.8611821666391817,0.3873937544489334,-0.005959852952979212,0.008002887818402204,1.698684467797111,455.2755421704045,-2.41405486641054,0.15101973966912405,6.098519201423817,-0.7174504395445213,1401.34591695707,544.6962784192997,0.12618902981365188,0.057336992415686794,437
1864,0.04648348485750154,1.6418682881361195,0.3920874525780986,-0.04386217545782521,-0.038566836233758645,1.5625179451110816,706.4932876403284,-0.6630278398086266,2.3438940871296707,5.966423914311938,-0.45535580324794106,2324.9169013950664,3781.7160899575388,0.1266349396064687,0.10753705288992355,436
1865,0.04648680188338226,1.5712965352711419,0.23173898741271978,0.030866086853246384,0.039221133871638995,2.07282537237336,557.000478383203,-4.043825937970995,2.1840323377758057,6.059926394786644,-0.6561002255326599,310.64071373941414,1101.0300890933108,0.12670629629468522,0.057336992415686794,435
1866,0.04649553103766494,1.7836903226008247,0.975593499360113,0.02358341841290138,0.036115392067945715,1.8714626812606154,632.004065181665,-5.74736172702178,1.233335338451061,5.565490963017163,-0.9076782698253197,4091.661764593368,2894.9592593369525,0.12689405571149825,0.057336992415686794,434
1867,0.04652163368459911,1.7509681631940062,0.21467418913721595,-0.0022956982861202426,0.001490103082565511,1.0500715254864477,712.2417029448502,-3.8316900636271476,1.0610596712039506,5.936511343741225,-0.7911163780391575,3720.970970758374,4805.463338248295,0.1274552993850243,0.10753705288992355,433
1868,0.046523935876503324,1.1256680823717689,0.7304328360369515,0.012649993898312607,-0.03367918195540676,1.9237952493908819,372.6447320981288,-1.7118614283797169,3.1260793549599564,6.112101518931035,-0.6992045933510213,3051.5802011264263,552.9494107695224,0.12750478464093912,-0.0035324461695854584,432
1869,0.04653494345557681,1.3498650634907523,0.6838520504179376,-0.0025102658389549986,0.0028448672198842255,0.8498788632089151,722.6371512759305,-2.0977412768871435,1.4529226607031045,5.764315541953376,-0.7720847216213574,2644.5626829431108,2033.6562549989167,0.12774135699614986,0.057336992415686794,431
1870,0.04654373144574093,1.7557616307589072,0.20650253342742264,0.04975407869669926,0.010173595948916949,1.5694188320781584,670.454013847086,-5.891592941884989,0.7690000640143384,6.016025437497667,-0.564755311856069,1165.4825562445465,4783.4634065623595,0.12793018628925606,0.057336992415686794,430
1871,0.046572510664351696,1.914401435890463,0.2311074378026143,-0.006402577972826823,-0.009208505728721332,1.3461471878792035,549.1894244384779,-2.480763399998804,1.9765989719052457,6.156149520536103,-0.7513265604812789,4989.722700976914,4560.796241773007,0.12854832161926694,0.10753705288992355,429
1872,0.04657337491053811,1.4131519316691066,0.16025346463526974,-0.0017011818327216574,0.0033158475707401967,0.6149599844488287,503.69587071698976,-5.345117635004651,0.39422407153169203,6.019479024276524,-0.7408621657988003,2127.1441522431683,4068.6977549525577,0.12856687844922865,-0.018029612744777428,428
1873,0.04664095808215603,1.4100493333021038,0.2853061312881999,0.024829543233784435,-0.03649730743078791,1.758562542683896,645.4277302149732,-0.6153368026994295,0.6003092326340408,5.648723736735586,-0.6639100781360716,1895.409431569931,817.0208897274524,0.13001693835511627,0.057336992415686794,427
1874,0.046720642595806765,1.6996702532526475,0.15914514209567446,0.045576258384563556,0.004558138400359677,1.6898179815209526,588.0950095295647,-0.5584253178322335,2.0982932185091308,5.800613449013675,-0.761801120945851,549.2839937936611,1530.918876912299,0.13172394707015947,0.10753705288992355,426
1875,0.04673700452549255,1.8536078745824842,0.16851596528502275,0.0483473922513833,0.02491860860260005,1.0947171004218894,635.2037712065143,-2.334422391523136,1.4406457421502934,6.208014164824399,-0.6259508372415994,1508.7207975752774,306.7847145642408,0.13207409348087817,0.017176885610578008,425
1876,0.04675125629198883,1.823056168476531,0.38005282605138563,0.012757490975252434,-0.007559206315817019,1.7156662987268096,405.7470052591528,-1.558382466093162,2.2883733972041584,5.87765589059508,-0.8376577797292937,1945.7200558926768,2320.6098652143683,0.13237898238307677,0.057336992415686794,424
1877,0.04675445944529685,1.1149892515777478,0.15252510496190586,-0.009259180838946668,0.004600482685609738,0.8041861459608989,234.70982994399543,-5.4189412250904905,0.3455161735493937,5.941167801238406,-0.6580064248837972,2015.719855692412,4257.386014804356,0.1324474948432024,0.017176885610578008,423
1878,0.04675513285500542,1.1114091162023414,0.8854714277828699,0.04897148342570524,-0.04642341853832677,0.9201300130788478,532.7780432080649,-4.551846135422696,2.817774656527537,5.918270752304898,-0.5319443827580792,2083.683848325867,462.31606926924263,0.13246189785147272,0.10753705288992355,422
1879,0.046790590459474646,1.1567317309919511,0.8756853532732051,-0.010604181194323258,-0.04605557800556308,1.2101827321209928,776.6372648469392,-6.710975209242822,2.6811848181296614,6.041516234615533,-0.7864780104833133,4849.0627457738165,518.1053716564137,0.13321997860417795,0.017176885610578008,421
1880,0.046801068623079686,1.8592014030761652,0.3028710887194926,0.016694460696195797,-0.017532406864561607,0.9311309212624943,791.0597684384884,-6.883655475309665,0.10012010966925483,5.668804753162341,-0.6333126869498499,2582.854526412666,2351.631576328784,0.13344389094308423,-0.018029612744777428,420
1881,0.04680234021103298,1.3778119034082312,0.2618320376539452,0.027933036139821402,-0.03150708533468124,1.288627547529294,322.10460849329723,-7.1501570582974034,2.786575356419737,5.9601642500127365,-0.7613549858769386,3475.751128435774,1073.0701782097553,0.13347106063638137,-0.018029612744777428,419
1882,0.046818227414872536,1.0163828823419527,0.48775589814842485,-0.010086880470243342,-0.04734685457848138,0.42160732242215815,606.0597723626503,-4.06732163131251,2.3075834087768943,5.818825521762779,-0.796064122993486,5.873678480715068,1742.1780771197516,0.13381045622854937,-0.21976266600244637,418
1883,0.046840726999519716,1.3107560920726138,0.22498924627432515,-0.029196124083236786,-0.02202725082499174,2.214542560115538,491.73270767197914,-5.681745162624306,0.288225892218598,5.684000536574026,-0.8198944896067826,182.02191857284075,4461.192050379108,0.13429091397478432,-0.018029612744777428,417
1884,0.046863624343815635,1.1982445391580108,0.2450047616037508,0.04364029126666647,0.004815044041335225,1.5415732202123478,128.38873101301323,-9.172736456852686,0.29378581379878915,6.016548215083206,-0.5530866145146252,1610.8317414797802,4726.502078678083,0.13477962862718962,0.10753705288992355,416
1885,0.046864257687001545,1.156937639402004,0.36245461572444404,0.0432602743669791,0.008174219367371435,1.6715458994482537,137.93891192706008,-9.207497751486029,0.22453803630375596,6.043940028676558,-0.5795521735173376,1406.4192251059137,4154.3078509966335,0.13479314313694313,,415
1886,0.04688195506459076,1.3975543708120604,0.16747128838661485,0.019200122438178827,0.025854243982045323,2.5373598970535878,571.16731885875,-3.871647958684145,1.1210878032543157,6.172111009376743,-0.8431236727224269,3388.090736783947,2626.5081348548683,0.13517070244908336,0.057336992415686794,414
1887,0.04696079722883142,1.6115053396130163,0.16376046713222997,-0.023977983863052953,0.032888105001151725,1.2325560354137912,672.6213082623154,-0.6819289489468695,0.3767502005149859,5.778878905001466,-0.7121176440729193,1511.4736741746121,3364.9890788086177,0.13685100659319713,0.10753705288992355,413
1888,0.046974249795332844,1.3628483399682374,0.7164054912417762,-0.013335543935000367,0.02131183913977461,1.5854623081639894,623.3169096140999,-2.082032778943161,0.7640619142950573,6.103065607344251,-0.6458690715449363,3904.358151428971,4440.463965310961,0.13713742932943274,0.10753705288992355,412
1889,0.04698100859559609,1.7741106567153686,0.16369779975040383,0.046377932925861315,0.03234185443652903,2.063926414466192,624.540328344915,-0.64957201895094,2.1401173296784117,5.799369533775667,-0.7610147197194752,709.6954035031894,1242.9687908201613,0.1372813020703768,0.017176885610578008,411
1890,0.047000135880604574,1.8512923829219972,0.529638529544567,-0.027341739407744668,-0.014650707816986356,1.4606193943553798,597.5625263607134,-4.8138582007890625,1.4018876514020038,5.901874094647836,-0.6229151747762108,4556.95289280001,2124.30288050557,0.13768834723623558,0.10753705288992355,410
1891,0.047007463654951745,1.2826992255709375,0.6323504873514257,-0.02705838977533682,-0.021814116209536775,0.7402277147112635,773.5311019521644,-5.656143530577434,2.9579023464740475,6.023751365201423,-0.6667537593447527,134.63439340873921,4670.787832209775,0.1378442447254271,0.057336992415686794,409
1892,0.047017521503170796,1.6172746670423312,0.26271105269358275,0.025054348677632267,-0.028885544516236695,1.444781089333263,209.95315358297563,-6.7674385457191475,2.540554182709486,5.908264306271488,-0.6699137337352032,4380.119233875166,4858.862549600948,0.1380581846316793,-0.0035324461695854584,408
1893,0.04705455694800088,1.4874518587391585,0.1398062068741538,-0.03729996348332798,0.029738552470200068,2.2931426669362174,557.1839384142158,-6.377478567885254,0.12848573881298497,6.212672249852173,-0.7127023919196888,1326.3315664388788,2355.656013226501,0.13884556910013668,0.057336992415686794,407
1894,0.04708260036007103,1.8313588278350093,0.2409524794363445,-0.0029094713584165047,0.042845898750081386,2.2317492787829116,549.5456613915661,-3.5056537295570993,2.4264403076132868,5.855120636132246,-0.49880418618969646,4092.5497535756017,552.0765499324733,0.13944136811725172,0.057336992415686794,406
1895,0.04710324026845752,1.2090925963661558,0.3323969997335241,-0.02540336557702113,-0.017928542347520605,0.5143669254988036,676.548969189423,-5.970111923948855,2.47391715343659,5.987647984745881,-0.7681485340324711,2284.5107338822154,2446.4131997907475,0.13987964861831648,-0.0818092363468535,405
1896,0.04711339687951909,1.7625978048635205,0.1472417970352633,-0.00042159265006017164,-0.0027166891274235457,1.8143768338934365,659.0982167967034,-5.896756389790843,1.1444395000301117,5.703478799487531,-0.7315674997679934,1299.9330336062708,2562.8194912952536,0.1400952498414606,-0.018029612744777428,404
1897,0.04711610632461358,1.05001810026869,0.2071594693088276,-3.0190713998653455e-05,-0.043989899784038736,2.5095396780280135,696.6040527124308,-0.8719731460299173,2.4705417643929906,5.537637200143019,-0.7570773785629568,4633.201191136645,1401.0644921831122,0.14015275720381015,-0.018029612744777428,403
1898,0.04719373970856291,1.62676186687679,0.3786284500230189,-0.040189862665149255,-0.04353947473343083,1.4168359162447295,681.3799159127027,-1.3052657681798208,2.1852419019797407,6.028067412415758,-0.4463830424845048,2378.645859569961,3818.2817545302096,0.14179910495540782,0.057336992415686794,402
1899,0.047199205636255716,1.9867716823143649,0.5068066403425034,0.01967066840524468,-0.031184139676460443,1.036683897740046,540.7631185538697,-7.33023247865377,0.7253984829493147,5.831919906244052,-0.7354111899851996,3307.1189369772746,610.1274471340251,0.1419149171633437,0.017176885610578008,401
1900,0.04722682186855889,1.6097972895514732,0.14513949620096941,0.04994149015548094,-0.004297717976455368,0.49406482676278535,455.2310920555406,-1.5197419809479327,1.1372793188663641,6.1914493268533,-0.7382012935205456,2568.950876993072,632.2831822120046,0.1424998455737767,0.10753705288992355,400
1901,0.04722976999426303,1.311096867411948,0.30358349375736104,-0.049817268373044316,0.0329684722964669,2.080274286410825,637.2460719549273,-1.4384412914481388,1.9274806541700062,5.797035741705015,-0.661575401575142,2505.014590906185,438.6665792042632,0.1425622684420964,-0.36193846958134623,399
1902,0.04731499144228953,1.7957992772121127,0.9143012990733203,0.010510401819799342,-0.0008294135884326779,0.46425699618365923,740.3899921262619,-2.3340024361484044,0.41240742247036133,5.922482205917085,-0.6931897942881916,3053.6912315960167,4635.10289765468,0.14436504354713375,-0.0035324461695854584,398
1903,0.04733390830937534,1.4877582184903468,0.5812621312076954,-0.0373955487359539,-0.0355541560313292,1.7622433826560684,339.619509417983,-3.045989623221828,0.9841752957186678,6.0234296107206085,-0.51329479297233,1766.7254295311438,1964.4148288027764,0.14476477069424454,-0.0818092363468535,397
1904,0.04735737548481993,1.9891526224654514,0.47326589399480623,-0.04509995988382218,-0.042836991433706575,0.6894469721151663,300.27928092789466,-0.7138056476612605,2.7143403295490747,5.740869447401287,-0.7640390152494125,3420.7732580442985,1052.792283526575,0.14526042721050114,-0.36193846958134623,396
1905,0.0473693439263325,1.922604720486817,0.2942344000234783,0.016177047580398955,-0.009974177914973643,1.534915900629791,160.42924395675243,-7.776161580248812,0.07864297484035863,5.732663670374718,-0.5508592781036957,1630.1852954171054,528.3684650304212,0.1455131213110241,0.057336992415686794,395
1906,0.04740067520557925,1.8930021146526703,0.9508241928726052,0.021633183267154646,0.01381920305805032,0.8599057412217775,751.4183287233927,-1.0821543987206794,0.23019833263305992,5.79258576522802,-0.6030391782027109,3081.292699365418,3857.076222842238,0.14617432789667695,-0.04305602518894445,394
1907,0.04743035105566841,1.6409912842863486,0.12692917120394098,-0.007770244753044517,-0.03649307314910342,0.9108637294502224,708.1910413021149,-5.724014325299604,0.13106729183051888,6.051500789111635,-0.7730408416421175,4074.9799724193344,1802.2072721486627,0.1468001958689178,0.10753705288992355,393
1908,0.04745117492482786,1.3966265363509587,0.46716069738255805,-0.008387373637060823,0.0074383726673980955,1.9518866968462656,465.282369240394,-8.634131515031012,2.552392361167798,5.945909911803345,-0.7344528008918162,4086.662661121388,2212.292186256956,0.14723914052718445,-0.018029612744777428,392
1909,0.047523473189077535,1.3430698359424456,0.6846234811328832,-0.02295803121028582,0.03512867662797133,1.4815022897459622,525.5346059367909,-2.082435124668323,0.584862968361095,6.173429226291035,-0.6835506435238385,4001.233714334264,4355.500402596842,0.14876161583302056,0.057336992415686794,391
1910,0.04752643355213942,1.286549141909077,0.35029573001445663,0.0271872671116991,0.031272700544484576,2.629765999079541,771.8548340445745,-7.307647029050521,0.5542554555421064,5.760524183992297,-0.7506018739801379,125.38914080170161,637.0211881302798,0.14882390654248068,-0.04305602518894445,390
1911,0.04753663480285602,1.3616817057498065,0.5914367312665118,-0.03950947392004194,-0.02873148059726999,1.1909371660692125,572.8794192360212,-2.0053386786202037,1.1643263346434543,5.894146584614673,-0.5479196253113164,4909.19155593736,2616.96512940266,0.14903852723441008,0.10753705288992355,389
1912,0.04754444293259452,1.430070320219811,0.5445851081588182,-0.0447040193465749,-0.0016248991003067665,2.198042128214644,751.1566510634774,-2.844614590028567,1.268460247545141,5.8613030155750625,-0.6555535575590499,3642.27880052241,3506.1923921123475,0.14920276874149607,0.10753705288992355,388
1913,0.0475445692184959,1.0888911887437573,0.6137787269846101,-0.0426800572361065,0.0013923233458063313,2.8994464368833968,331.79617563454354,-8.794676249258035,1.997808630005343,5.995266303340521,-0.6637498212613687,3308.1189193380483,300.9434563055931,0.14920542490338518,0.017176885610578008,387
1914,0.047547149686367245,1.4133652456889314,0.8016059374674009,0.03009744208720488,0.007974515265599348,1.9148880266655022,633.0696860391439,-2.238138447479431,2.1060099970714377,6.143551253824798,-0.7027501879452489,4150.087850827618,2026.784107417569,0.14925969814408702,0.057336992415686794,386
1915,0.04755308124276748,1.9397006369284961,0.6008625012292625,0.016730830027930004,-0.0016015729116273206,2.1061512237410622,383.6034571020688,-3.2533164192199004,1.9779001611788922,5.619591225489475,-0.8365330280511781,1572.883590624789,2376.6449412372694,0.14938444140382812,0.017176885610578008,385
1916,0.04759756429596053,1.9542028031871512,0.2518175247136017,-0.02947531816081343,0.006857102482463339,1.5246843595886614,310.0918888434099,-1.4328797588508555,1.7627107268385362,5.997161812092247,-0.7472112103637181,4652.68421101382,4314.934582688577,0.15031944412873743,0.10753705288992355,384
1917,0.047600526791895255,1.5627350320328897,0.8913611835195645,0.005781149924339172,-0.023658028417301052,1.5279639065723896,531.3097675059543,-5.548600565450173,2.3264688753987586,6.058212082814042,-0.4878009478630127,4566.591110461539,3275.203435373049,0.15038168268628738,0.10753705288992355,383
1918,0.047602005780996624,1.6942503854908146,0.8817266935674882,-0.04362993445182858,0.007999667403268202,1.8252753985238634,583.6535172858603,-4.96793335274273,2.5767656425275876,5.837386857862152,-0.6342963282386587,3067.9248653957957,1888.5497157619152,0.15041275305943136,0.10753705288992355,382
1919,0.04761794915812995,1.6036390562700629,0.19215510701082475,-0.01890179232874153,0.0482402503829582,2.954221763279448,534.6479599819505,-4.940065786243268,0.6390357359572142,6.033635467099935,-0.6999631833358215,1842.2301989227253,1838.4244597757406,0.1507476277670765,0.017176885610578008,381
1920,0.04767876573356997,1.8641607015406043,0.2798697189891328,0.01885887837710732,0.033760679604956954,1.441879884507046,275.3840321141747,-0.7347034736413799,2.8044983236514542,6.277486704664348,-0.7660674926352905,2270.8815655309418,2815.094792855359,0.1520239904153099,0.057336992415686794,380
1921,0.04770778822496141,1.6027530040277904,0.43724877762040676,0.02109904431729937,-0.034212098466857487,1.4931754952544414,495.65567672543057,-2.6747147255866013,2.5961181241708426,5.541051019403293,-0.8874267363901849,328.5829283529476,1921.289649684136,0.15263251417650736,-0.36193846958134623,379
1922,0.04770917225506263,1.4361556958381854,0.1332049326136335,0.001363258153832539,9.162877420351548e-05,0.617920995354353,501.23712540274545,-5.322469627652788,0.3146518045606742,6.020929257228749,-0.748250356431796,2305.263262943345,3975.26443413562,0.15266152432509994,0.10753705288992355,378
1923,0.047717712291398824,1.7538160404668968,0.14983559818921305,0.048995015166734705,0.01875407224207008,1.7050523481342201,696.3036394070945,-6.234149144391699,0.7719710433635162,6.033359045030113,-0.5800441747294112,587.8142829948753,4281.260712921827,0.15284051028690093,-0.0035324461695854584,377
1924,0.047718541656185796,1.721452370637738,0.32028985834183366,0.0348783224838643,-0.0036214183858224542,0.6311020491624473,650.8483380392671,-1.4803170096226597,1.956638214714834,5.930956823429527,-0.7710892845038213,4695.7740947702705,4606.3510960809,0.15285789078438095,-0.0035324461695854584,376
1925,0.04772058282472786,1.9763575690731794,0.6732239274805487,0.009404550805578683,-0.02454684518822771,0.8713202727030831,594.0885528697446,-7.928258981996317,1.7323896936177636,6.015671880173115,-0.5188851900728808,2741.6421564297125,153.87411208527092,0.15290066503550737,0.017176885610578008,375
1926,0.04773054633696318,1.3487145205513207,0.13252503620719353,-0.0239155702278646,0.01916601544117504,2.9452613338307785,694.8778370567296,-9.549176848312383,1.9430563850043447,5.9543157941873766,-0.5246280273945079,301.7336664327011,995.1547300695214,0.15310943181202707,0.10753705288992355,374
1927,0.04774211788404226,1.5244784062600385,0.20795916572800685,-0.018471207709163294,0.010129200813226534,2.9146447157954216,490.98825358995373,-5.588611587475966,1.5016747432915376,5.968747950599428,-0.7254751907163902,2651.7520037780905,707.3601039313745,0.15335183726357005,0.10753705288992355,373
1928,0.04778554141513094,1.3990938668139032,0.1507534318326149,-0.02493965746855173,-0.01622826367288467,2.3324805582011785,527.4735124393751,-4.181201441066978,0.8622803627411108,5.7052777577233345,-0.8677955540713371,607.9495428840786,4828.610665169368,0.1542609673395957,0.017176885610578008,372
1929,0.047789281436492796,1.8165599291717318,0.13566081467825686,-0.0045986440587116,-0.03855142875183058,1.2847751295708865,480.95259696069314,-4.312161982417923,2.0293255176261686,5.979946859102005,-0.8225108817446126,1318.1600117568387,2710.1813587275474,0.15433923107578207,-0.018029612744777428,371
1930,0.04779022287694902,1.9039821824505596,0.8429067895938346,0.029413985278207468,-0.012582912992879796,1.5633159090458337,363.3295769839926,-2.806366430644783,3.0678107179591683,5.742323610976257,-0.6514218790625211,1763.039686846994,1807.957842273393,0.15435893070622464,0.10753705288992355,370
1931,0.047802172530580556,1.4050994056754287,0.1264065346011234,0.0018249286934240525,-0.012626092442131505,1.286758908375451,133.46400389812877,-7.552480546764731,0.12909608186003171,5.609793000717224,-0.7296181282500315,1545.4819912327848,4935.407466918805,0.1546089433487623,0.10753705288992355,369
1932,0.04783723162296329,1.7577936298907766,0.8254203882907439,-0.014978493230415843,-0.03343370193240204,0.9545437919291064,730.6590188464081,-7.316259453475373,2.0242345912958255,5.91834979493121,-0.5288319244845255,1784.9706231386135,348.92164622793484,0.15534209500863877,0.10753705288992355,368
1933,0.04785549140441737,1.5891619117014733,0.7423980400688542,-0.0004727887667052797,-0.03427851210073546,1.5521671326196396,191.0228284976572,-8.130912129019299,2.353596485529629,5.787370509238353,-0.7238246172991121,384.3884590173559,68.53116503211157,0.15572372866066475,0.057336992415686794,367
1934,0.04787940773051715,1.2352134291814632,0.18963941442126672,0.03256586406689253,0.011937511523747448,2.3675740398545306,484.29730677712746,-4.5002861117396735,1.6037892827710645,6.106464205546052,-0.8334230199914672,2204.6404772638507,1018.3467361644883,0.1562233651947995,0.017176885610578008,366
1935,0.04788331487461124,1.2665072266325998,0.6559418712167027,0.046435859185151654,0.010147128064030439,1.6324443212478115,681.1147290508297,-3.658954246453103,2.2614146144359966,5.994641354439549,-0.8628395257708127,296.1093963182482,1604.5784762529725,0.1563049657171673,,365
1936,0.04791767578727453,1.7859311094120158,0.3143568673417947,0.022578097615952048,-0.00899221778783577,2.1374625968190655,443.2908413907728,-5.530628495878251,1.9821654238553927,5.918815197135051,-0.6536888692168226,4163.3791044972395,4000.400261530693,0.15702230514956295,-0.0035324461695854584,364
1937,0.047925798700304306,1.4833161261032375,0.2900590803777281,0.04312360158531766,-0.009396154763439999,0.9121799000366498,796.846764557569,-5.432135395814708,2.8159062180494665,6.029489096899656,-0.6304711416616898,2448.085669191312,293.8762516917873,0.157191808876188,-0.13488025795164324,363
1938,0.0479369670332204,1.9432331927568611,0.7816292803897477,0.0014307448010355414,-0.006653214732464098,2.5476206014408165,596.3026531713269,-3.4573235154964777,2.491699075691627,6.04505719753637,-0.5818077875126785,4471.015058560985,440.3719107022162,0.15742481556827337,0.057336992415686794,362
1939,0.04800147839540271,1.5840960660717782,0.1439956003794688,-0.01450700168725616,0.0013419497634597681,2.7481606844083686,577.782462521611,-5.978237305175579,0.9441236005411455,5.933914099820434,-0.7630832307553819,2202.7760153957047,1971.9476869909304,0.15876966479143717,-0.13488025795164324,361
1940,0.04802220880426243,1.0178402377371152,0.6710176972084623,-0.022227334664890804,-0.0014545822668655848,2.5672445115767855,367.21172996865454,-9.73111111611553,2.702412541142136,6.062537077026293,-0.6544572672620661,3935.493359252713,6.671182891732355,0.15920144177861117,0.10753705288992355,360
1941,0.04804636481990349,1.5911822552233894,0.9176403050000315,0.015148820997856766,0.03025457369446174,1.4318800665086815,565.5366197761035,-9.64287810201752,1.4748098100263478,5.6543811353185225,-0.7918317133544257,1346.4361860136114,4507.485222768112,0.15970433289574382,0.057336992415686794,359
1942,0.04808287761417818,1.9618428851482044,0.9398016033103035,0.0050629258911046695,0.026325789587509484,2.287273952443906,760.1526891369912,-6.8561917471098885,0.6604833121658528,5.799372109891019,-0.8317527255011478,3945.2633236147512,2402.6135927008645,0.1604639934341353,0.057336992415686794,358
1943,0.04808519256916582,1.2293532206798916,0.1307619494811665,0.007470535105699833,-0.030056802569108813,0.7020556477483684,777.6864848961555,-7.056279769157597,3.086161190634116,5.84440974087192,-0.7808086063681242,921.7554384478378,593.1241593722181,0.1605121373759531,0.057336992415686794,357
1944,0.04808818447430011,1.0668043693730178,0.17747907624457196,0.04943335716269879,0.013606881333853054,0.8223810213312323,468.9060559063483,-7.724101612271479,1.6239680313127447,6.169675349049446,-0.7246764098556774,661.3060696372462,4678.649504217863,0.16057435636485928,-0.018029612744777428,356
1945,0.048093497791976074,1.2434314939448488,0.18417017600756005,0.022881756444427505,-0.00512609513538849,1.5931824949962248,368.7908631935381,-0.6360839251246314,0.7163478680593462,6.176148939278311,-0.5883382469272798,1834.7273735064698,1115.4466657929336,0.16068484138758177,-0.0035324461695854584,355
1946,0.04809663453757178,1.3798612610471772,0.36576822528597724,-0.036566399064946215,-0.040042841676072284,1.4971552981132068,688.9522410460255,-1.101237107085078,2.455335312499029,6.1016463324382375,-0.7183502032947262,864.1110794106577,3932.7040689014025,0.1607500610835975,,354
1947,0.04815884493543708,1.6212220445061187,0.5753127160182445,-0.029946045242006312,-0.02340031735981464,2.236934183177193,549.3115868316352,-1.2866454274334602,1.1844377799281296,6.211133433269722,-0.5562575808828769,3784.4051227513805,594.9576274821034,0.16204267126789262,0.057336992415686794,353
1948,0.048253681068963966,1.118136913278824,0.24208173185590692,-0.027473768108722738,0.005263355183176307,0.873952497869447,263.4061875685837,-4.300244381126041,2.7817377266708965,5.8189358048606525,-0.6816135506203436,1657.4311634294884,3522.336710005818,0.16400997091333558,0.057336992415686794,352
1949,0.04827766950797153,1.8434200393441769,0.6993574201114137,0.04319265293573167,-0.0012020915980253178,0.8875065211229006,778.149650853405,-7.688485732477692,2.2667909722003468,6.208265019891725,-0.7784925335649063,3818.860727180957,2094.0025469966404,0.16450697917768498,0.057336992415686794,351
1950,0.048321229562617606,1.7489073167376112,0.32846620037833624,0.03462772869411768,-0.027300552514637106,2.0240179858561107,308.56119651355743,-1.781624412604863,0.6183736851335809,6.133533410551351,-0.6314623662779413,1655.5553453097152,593.7043766817329,0.16540885400275718,-0.0035324461695854584,350
1951,0.04832192266068501,1.64071868541061,0.14085130436994256,0.028032789649811325,-0.04496891735826209,1.0866481331204993,537.309566559369,-5.790939282318929,2.428946010556751,5.96322913634391,-0.6147747490107622,3892.841751461657,4172.125693655686,0.1654231974519279,0.10753705288992355,349
1952,0.04836034242358066,1.132635599715019,0.3078166398736192,-0.04482200632333029,-0.026045923857474774,1.2596977603848218,428.35947655276016,-0.728153564465064,2.8953464724084124,6.022682118409501,-0.6381715875105276,2053.187167395135,737.3989345404101,0.1662179608944551,0.10753705288992355,348
1953,0.04836396172702181,1.8650358956437967,0.6706207753230251,0.013245974762205797,-0.013899787883709757,0.742865006608578,621.5392981183207,-4.137836965237691,1.5721250406306408,5.515750014052977,-0.7549112012143833,1068.6347892842607,3868.864981302489,0.16629279841280376,0.10753705288992355,347
1954,0.048374752357830425,1.8461689795464875,0.49003243924116513,0.017972260696167402,0.023435583490400425,2.0627711930405304,373.87334727754563,-1.056561022055396,2.714249272787187,6.124637173246679,-0.7777702198711283,2685.3687007849785,1386.0988440220733,0.16651588657261507,-0.0035324461695854584,346
1955,0.04846229649948681,1.4882753012314125,0.1616169342641016,-0.003415669745851375,-0.036662314668614686,1.9677385496718858,576.0615624952259,-1.8305003301484435,1.1643088785325557,5.6238767032725105,-0.7531419754257379,4479.613096758405,158.8742049084833,0.1683239583083438,0.057336992415686794,345
1956,0.04851711975719695,1.2068560088723133,0.8751555881213011,0.015501957496826946,0.04179548845562423,1.8859317498586279,384.8738417997245,-3.5536442610488743,2.733676165157324,5.886944310559978,-0.7897224850055677,4645.159467658136,2488.104743441349,0.16945457479716164,-0.0818092363468535,344
1957,0.048534212037456725,1.4573132934230622,0.1522252706840082,0.038427500688435826,-0.028611251768980703,0.5525194582033053,503.8183560549913,-4.409830501339793,2.256713240739146,5.953591329740285,-0.7012983679859146,1905.3549801279219,3898.0813827667525,0.1698068065516225,0.10753705288992355,343
1958,0.04853464272618932,1.0396735718908898,0.44532538746860234,-0.025263879400710426,0.013745104379699316,2.595067974014744,644.5653504678534,-7.266024377116681,2.326494289615346,6.01922180531812,-0.5136889343191361,1342.5226552794215,979.3341881113153,0.16981568043258277,0.057336992415686794,342
1959,0.04854591081483419,1.4354809360623824,0.1707864712638837,-0.006448173934064867,0.004905665957129969,2.884072022047922,735.0218402484859,-7.2032061001551755,1.279609612870026,5.8051517974165465,-0.7077933078087478,1073.2248088845279,3960.326587321401,0.17004781937876,0.057336992415686794,341
1960,0.048557946574487636,1.3293452988755492,0.6437983642918909,-0.040430491903446615,-0.033403089608393534,1.006073659707456,551.4801129083335,-2.761877543429858,1.1870194299863246,5.865746214459206,-0.5480409757704011,4712.204166064996,3504.058325179013,0.170295713953575,-0.018029612744777428,340
1961,0.04856458641271304,1.6172440994844537,0.3327926349950204,0.029739969302382104,-0.039575688217612356,1.4674867343841143,605.2998683502552,-9.238774062115695,1.143017130526421,6.161947165408569,-0.6038025386835774,207.07116634004322,3783.4234742965396,0.17043244511214767,-0.0035324461695854584,339
1962,0.04856601549920375,1.8851856458874108,0.861544171325836,0.008389313385645027,-0.012899145580158537,1.745179861441312,412.2694560628957,-0.49215593251310397,0.4708786923455149,5.769505809758992,-0.7085654161840623,4233.374147501834,2865.1332668300506,0.17046187119330275,-0.0035324461695854584,338
1963,0.04858801868364102,1.2072670814139361,0.21066749374082544,0.029250140530264392,-0.005230834712422058,1.9822413285235956,763.2622780667672,-7.813895881920896,2.4385746070620566,5.7732462339188455,-0.6607516817807016,1620.1333442738066,523.2951371797216,0.17091482582361808,0.057336992415686794,337
1964,0.04860992113715791,1.9931992781664467,0.9413334581331297,0.04371307923132153,0.03127603148625507,2.131478762046982,683.0213757288004,-5.09144142519355,0.4007785642246556,5.798867372943125,-0.8283975056039796,4665.174313377519,2190.7134449376836,0.17136550315131338,-0.018029612744777428,336
1965,0.04865691847122441,1.9338855889662887,0.4419627700382793,0.04209568238966377,0.013878855153126595,2.115677023147509,670.7690059207331,-9.260484088097616,2.1895521769416972,6.122892459195407,-0.6133406139455132,966.4862809854087,4687.236435058238,0.17233186204424011,0.017176885610578008,335
1966,0.04868004830856003,1.3895672571384625,0.1419688086977596,-0.030056561498969885,0.0032566803545883735,2.4749214849036503,717.0871042272927,-7.171286921820455,2.418586739064701,6.000484744583502,-0.5265120954781866,951.8652660704656,454.7629020313852,0.17280711494218148,0.057336992415686794,334
1967,0.04869161165614891,1.9103462654568262,0.32104457709386636,-0.041599599561186446,-0.0024901019474498445,0.6550366911745774,667.3412651744269,-8.505124737758996,3.032576146959047,6.1267306267100015,-0.6527553793349297,1433.5633758438532,3175.2716545685594,0.17304462445256164,0.017176885610578008,333
1968,0.0487325522192506,1.3970802332793517,0.23869848846799732,-0.03214526293712102,-0.016736230226238682,2.3543087658541504,412.08929048187804,-4.323534280597311,0.7893098517844733,5.713411636337017,-0.880516753114055,68.50324484691993,4447.31648882226,0.1738850846400366,0.10753705288992355,332
1969,0.04881524677225287,1.5315575758772155,0.21562587663708616,-0.02697910988046365,0.04800749331449735,1.637098560185733,738.6643841217953,-0.588322994008062,0.6931142787032215,5.944391824486568,-0.6765787086781209,1185.391790273198,2722.640608433604,0.17558055237316014,0.057336992415686794,331
1970,0.04885462709933039,1.0113512309460868,0.9743462370799306,-0.029547148014954807,-0.02527508416004344,1.3808140670506317,549.0792401629203,-4.555601815251055,1.9590160302182955,6.060282588214588,-0.7509378161165442,695.3218521161366,391.1097155307608,0.17638694901625612,0.10753705288992355,330
1971,0.04889461342535771,1.986792344539358,0.5541739995292357,0.04803504962301417,0.025724063503112918,1.125159222956092,625.0264011241867,-4.435702744859423,1.7936679070912203,6.161583181758789,-0.7066068459234901,864.7532651195835,1016.1864367661216,0.17720508996646178,0.017176885610578008,329
1972,0.04890262166729583,1.394712297870793,0.4553466965588228,-0.04039977318216864,-0.02871447664801339,0.991571495799739,309.798422771364,-3.246484508200178,2.192011484655539,5.966559291729602,-0.5506587619351092,1234.2333286865876,2485.058421822209,0.17736886232554405,-0.36193846958134623,328
1973,0.04891761676143798,1.403124806321143,0.53305621788068,-0.04632837125564778,0.002832431066592148,2.209635368490675,698.0652284009009,-2.7045276531290856,1.3043223050432842,5.851952693158848,-0.6811521001275183,3938.51013283686,3744.028812516263,0.17767544702615967,-0.018029612744777428,327
1974,0.048944727752778666,1.4156096013948858,0.1561414684518581,0.04676822802786529,0.002194429480248055,0.8904176647208331,413.0255105727413,-1.166399663783547,1.8366910138512191,6.234703886196482,-0.7397089462620611,3441.0748660904555,66.79680998169174,0.17822951084241845,-0.7187449729767704,326
1975,0.049037607087867544,1.5201072842993981,0.7325673520551443,-0.02895223019429661,-0.0031575242399955075,1.4528973519435397,430.0166018668318,-8.362505876604777,0.18577726500278982,6.223862854995574,-0.6943940905099705,644.2809434465779,570.8525202589095,0.18012534978232042,0.057336992415686794,325
1976,0.04907579613513695,1.193847258461759,0.5085417132601423,-0.04097723173885092,-0.04395207241826235,1.04788993091418,465.87016402083657,-0.0769718804846098,2.705733780299899,6.227228316661236,-0.45771769856122,136.76114950927018,102.31375294309392,0.18090381730963956,-0.36193846958134623,324
1977,0.049083485257149395,1.2058902201458521,0.15581821674732899,-0.020278438739852432,0.009224416370272784,0.7919233656567924,442.52200417962445,-4.469504239387143,0.7857441875690069,5.8601492072675505,-0.6066533148972648,1134.0452497698864,4090.743167906161,0.181060483534629,0.057336992415686794,323
1978,0.049114078579961,1.6079991054365574,0.4060226162747711,0.0008975428687657556,0.04312422412655456,1.9912338418060411,670.4761524412804,-1.294212227805513,2.872389219117575,6.018274907906373,-0.717180683035891,97.20530596772247,100.07273386328656,0.18168358094360842,0.10753705288992355,322
1979,0.04915339774993399,1.0036012045035336,0.6918230309816206,-0.024393301718650617,7.762167246410226e-05,2.5126959132539572,344.7022767880636,-9.62243811717782,2.7629521768192675,6.074623331523477,-0.6585655739787174,3881.500208828518,113.44191706858257,0.18248382886969616,-0.13488025795164324,321
1980,0.04916926317683832,1.6482290246906437,0.7263211085483926,-0.041035512769518084,0.0337653694825392,2.235547054078207,670.7647652787009,-5.759877446803349,2.3987378123128344,5.485240642341923,-0.797932265766588,796.447116623063,1902.095515475032,0.18280655054738776,0.057336992415686794,320
1981,0.04927092200930877,1.8865407912981251,0.2792627047993389,0.043552570921321,0.031949894448353874,1.7539863906510407,547.6839554358685,-1.7777554990910527,2.5394980944508037,5.893871927569454,-0.8603699615435642,694.9771329500343,271.2823806123489,0.18487194423636566,-0.0818092363468535,319
1982,0.04927267514758615,1.9705162713924946,0.5846853309695819,0.04423671075123446,-0.004039846009174505,0.9508062216807842,762.2947260399947,-0.3106506513833448,0.519339954234412,5.954345277450511,-0.691024616855882,4908.714178470941,1862.573010540064,0.18490752520406484,0.057336992415686794,318
1983,0.04941621544862563,1.141864019678944,0.4123892135364525,-0.009137964429695422,-0.011237300568581951,0.3121595925011316,764.055653463087,-3.4327996959379843,1.8794427315781503,6.12123183397154,-0.7205412751687666,2365.8371111117103,27.100480565296788,0.18781647273375723,0.10753705288992355,317
1984,0.04948054761541904,1.4186285375094716,0.12573924265758762,0.02541408799997951,0.029557767713501545,2.5714765946221414,794.0233389433233,-2.5242196659207923,2.2385683900219635,5.814126717737101,-0.7555498100584017,187.4398530713615,320.92520208381586,0.18911746932608903,-0.0035324461695854584,316
1985,0.04948097294685794,1.5831558955278755,0.27500971749380004,0.04678181696251013,0.03173963802476295,2.2857568879577452,428.37957842594165,-1.2761159330365928,1.2269061458425563,6.0246146223775305,-0.5277452274297145,1124.3526689486682,3722.9727504880702,0.18912606522148012,-0.04305602518894445,315
1986,0.049494704645299724,1.9909176686033698,0.3786763593206445,0.013852641978474951,-0.0050054755731221,1.5466287910840288,541.5481188479694,-0.6956327991184891,0.2923090874804499,6.153055173057561,-0.6960392644432202,835.7028223167981,2924.6552210839773,0.18940354144322125,-0.04305602518894445,314
1987,0.049496234291393756,1.2323385517945376,0.835635568894579,-0.01808557707679225,-0.003770187387415769,2.0193692978613016,294.9776798229973,-6.304370208772575,2.490329694554338,6.067512806188761,-0.5747105604321981,4040.0982957787714,58.271001268614775,0.1894344462130828,0.017176885610578008,313
1988,0.04950063953627138,1.00229427762881,0.7476280883528421,-0.018803221905104195,0.026695006126743845,0.5243694580206085,483.15421874192106,-5.434379218203831,2.753628309100804,6.07899633002017,-0.5785435664624773,3246.942730716844,3782.716865138447,0.18952344386941278,0.10753705288992355,312
1989,0.049526652440949726,1.4691008784371566,0.9340141873733283,-0.010910016950083812,0.0189609471454013,2.656997323917134,589.1546031400536,-3.585085029613028,2.7742749842975796,6.0590918771151525,-0.5460083558067211,2894.222046782029,2536.712532070961,0.1900488122757371,-0.018029612744777428,311
1990,0.049549588365299255,1.1334468136605478,0.2557315033019896,-0.023465333284380014,0.0032914780115161227,0.9555473627413493,382.60990497904965,-0.7088596276839738,2.818751793264545,5.754855968869758,-0.7161617600080866,396.14802943599545,1422.0256375921017,0.1905118077341117,-0.13488025795164324,310
1991,0.04955317212810061,1.2097621444272986,0.5660401366738431,0.007013692256574294,0.006231834949242997,0.46221694524346457,678.9199593697816,-1.5608862837857684,1.7480478045742376,5.7769566573480144,-0.8141336475755336,1405.3218082639435,1796.2190375124585,0.1905841319111965,-0.018029612744777428,309
1992,0.04968092133826994,1.5491615469061168,0.13508077637382357,0.046993203042624575,-0.04236994053742584,0.6013083987941892,478.48900611270676,-4.18518049050364,2.458588623646088,5.921654291961001,-0.690604629611275,2149.7337044670285,4535.239431289574,0.19315883736329686,0.057336992415686794,308
1993,0.049732212970915714,1.9999257503452705,0.2829015192519738,-0.028357602910788135,-0.019098499947566405,1.5786861686963363,555.2259140229976,-3.2808853299751095,1.0555657815640263,5.753999210064726,-0.7064258160159637,4708.5088117630885,754.942194448288,0.19419072590709924,0.057336992415686794,307
1994,0.04979771885346813,1.0992884134157384,0.2679403649262636,-0.02325914613649164,-0.04522122427649905,1.1201256385440248,490.9462507087342,-0.46802054680199356,3.1000040334484615,6.105164210310251,-0.6536000412500818,2444.5487847811264,1608.104397413641,0.19550703127998892,0.057336992415686794,306
1995,0.04981169364684019,1.457108032763017,0.4327865702597009,-0.03333474795272827,-0.033940280970767026,3.055674592054064,774.6226156075973,-6.631528903917676,1.5272337293371894,5.752367620453628,-0.7770477578788066,1993.0502379628535,1599.3068168675352,0.195787623105813,-0.0035324461695854584,305
1996,0.04985796483097396,1.5646819869682238,0.6300792775585611,-0.01223363992487721,0.02538360852316827,0.9887690384689537,584.7351665477759,-1.4159612030828697,0.610172536996664,6.157436738620924,-0.6779334586845375,3219.7439313273635,3896.298095249043,0.19671611404608613,-0.04305602518894445,304
1997,0.049907346085401635,1.6632239896020928,0.9857019691711668,-0.04827788208175476,-0.0005859690343546661,1.176181594539004,410.63401139312873,-4.18610376049632,2.3352295486294556,5.905671871563924,-0.7070694002952924,2052.8364373599247,2325.2397233638812,0.1977060625163658,0.10753705288992355,303
1998,0.04995349153298523,1.200042274740967,0.13924617392244906,0.0015212261017690562,-0.006965753584332046,0.8536517773469698,527.0283908479365,-5.314933675282277,0.34782963008382667,6.029080736760411,-0.7772129892564623,2020.1234660926345,4582.822523222985,0.1986302576655915,0.10753705288992355,302
1999,0.0499626166985612,1.7260094720531474,0.42998479251171995,-0.037788628751693656,-0.025176691412145485,1.84853324614587,424.67718346146364,-3.459354487253016,0.3759516978222648,6.016532466752293,-0.4829008356095086,4238.986111764848,2020.1940602969764,0.19881291421139713,0.10753705288992355,301
2000,0.050024940704267044,1.3788579137428474,0.7659460346730292,-0.00213530798273735,0.006551627950754377,2.010651297464574,541.5060030346128,-4.790033246142926,2.3289401866958905,5.980719967569417,-0.5312571518690614,4334.592117949529,3739.2147517304043,0.20005954960076233,0.10753705288992355,300
2001,0.050059097314414575,1.3103948869606956,0.13785715561521636,0.04744513431836719,0.0023734960906772796,1.6802786384275343,484.41036692888895,-5.707397035198126,2.1575498434472316,5.8351433658095635,-0.6970792455941746,823.5946861774173,1541.7153152959274,0.20074210822142569,-0.018029612744777428,299
2002,0.05016135465775006,1.8679333996653305,0.545949656927811,-0.001772077095843737,0.04442004930541529,2.41861032583931,646.9303988082282,-5.049710034413991,0.74868834757033,6.032681364451957,-0.38842949252756925,3490.3841938152805,4139.424251060393,0.20278275714710003,-0.21976266600244637,298
2003,0.05018741966720005,1.4057530764895256,0.6451904334475361,0.02435115383019495,0.014088059134075214,1.774581057465026,568.5557356480521,-1.9192824264892463,2.1085341439574963,6.154094214105232,-0.7166603943807468,4135.007323825114,2451.594377459345,0.2033022455059082,0.017176885610578008,297
2004,0.05018789665054625,1.560538048289175,0.8585516118776632,0.019340209045948742,0.014824963381410912,1.7449381425744752,512.3860163274983,-8.765131144884242,0.7246132744299237,5.664355186904151,-0.7640548418999167,2534.5879749140163,4863.39892863079,0.20331174950274988,-0.04305602518894445,296
2005,0.05019595276671364,1.5371753723165011,0.15276061270621408,0.048837369138162855,0.02842483585529702,2.1885597633965133,502.4093466675307,-0.9637624137940817,0.6270655896047665,6.0228081134155795,-0.5261393291179771,951.5589843223662,3801.3065757553272,0.20347225572422067,0.10753705288992355,295
2006,0.050231798037413206,1.2300934555304295,0.2296108879306521,0.010073157298625844,-0.03696580495484883,1.1099929922906846,314.27733138535746,-5.310809159661518,2.933465219605116,5.915977324893278,-0.6856778097298959,4231.427915551975,3981.1388549042267,0.20418610766124412,-0.0035324461695854584,294
2007,0.05026997634646079,1.5132499788846834,0.16869233834308045,0.038476675650145384,-0.042975564303188905,1.6587626044438253,443.87686764559766,-6.126713218623747,2.5182975960787632,5.879089835650507,-0.7324130561251958,3947.6423438172665,4473.5580049313185,0.20494586162804052,0.10753705288992355,293
2008,0.050289553266897144,1.1157231840720567,0.6186799740879328,-0.04204095864398684,0.006417716737156189,2.70448603403431,387.71853129373324,-8.840226757052111,2.179215011187364,5.992798073750713,-0.6762001516188907,3541.96773908801,48.614852750132776,0.20533522145824468,-0.0035324461695854584,292
2009,0.05029350349028173,1.0371382505489406,0.9229848502441498,0.04719041525558732,-0.04749610656512069,0.7163168142307904,531.1926078960839,-4.653308519722845,2.849865563323794,5.932559938078358,-0.533653656803077,2101.4280962800613,522.962323756868,0.20541376795531607,-0.0035324461695854584,291
2010,0.05034235774323527,1.5687781617771284,0.13205986140335377,0.009898644111903263,-0.03277717213908231,0.7754468322599889,730.2572286996842,-6.363825990336057,3.1245874442318646,6.0449794623100965,-0.7632829715264194,3966.8984967669307,1120.4959844989814,0.20638467944139682,-0.0035324461695854584,290
2011,0.050390738917165195,1.8539284920388766,0.6699874982023156,0.011325531547403634,0.0032192029949049002,2.404741822734287,307.76244105341976,-3.336215097646803,2.0248383873672604,5.642665362089402,-0.845664703588989,2274.8371941558557,2361.150666924674,0.20734526100310857,0.10753705288992355,289
2012,0.05041868618434971,1.494153894043869,0.6658945576986498,-0.02380963391020195,0.003875239896171607,1.2050723353462343,352.1091297802601,-4.766958100893553,0.29448480329236154,6.039937219758819,-0.7933475345281057,4258.525182650424,4413.251949746982,0.2078997184433895,0.057336992415686794,288
2013,0.050436647736371486,1.555487823551949,0.43331647349748836,-0.006104189770223168,-0.03570195223067494,2.302702896968213,701.8320060341324,-9.24047911298688,1.3592218661928233,6.119000294154592,-0.6215872485338043,1007.9188265502207,3587.7915731626686,0.2082559029210168,-0.13488025795164324,287
2014,0.05046627629841412,1.7076203192595705,0.35363866141246914,-0.0030436877857043425,-0.04831716092698034,1.113921256988784,457.59634787188435,-1.5972481653563726,1.9385254129082297,6.121074895190127,-0.6984729849379949,1427.1968277313067,2584.1763118538693,0.20884317158887367,0.10753705288992355,286
2015,0.050478354025409296,1.243609983118518,0.3285367531983418,-0.018750289079020942,0.012917859823211133,2.8264892553443053,710.7490744845442,-8.48779161098023,2.3835456420875225,5.962953943332367,-0.5625084744904192,456.80657437274346,816.3738816309102,0.20908246568527766,-0.0035324461695854584,285
2016,0.050527310542498434,1.38317688438844,0.1349667559563622,0.03096011351942606,-0.041103133826014826,1.941078138920564,428.77892170592725,-0.286269246817816,0.8364472022560491,5.9989432854716265,-0.6010995519344371,4595.8948575005,4057.322343469928,0.2100518473755909,0.10753705288992355,284
2017,0.05053347568422462,1.8963818230124538,0.8267863343585448,0.026077140132742965,0.03876728786406702,2.314471098315675,573.2391778768917,-7.068369843082963,0.005292743282673979,5.55294364982821,-0.8606275008271155,4075.4004539313287,2510.813619989205,0.21017385596002924,0.057336992415686794,283
2018,0.05055290545191411,1.3945943645196581,0.5773160348196197,-0.031790130285839144,0.02209782142050328,2.464429919423525,693.9075977572892,-6.330823164543027,1.24870447893903,5.749908517967078,-0.5956117461218471,38.8273944555001,4011.7656957039585,0.21055827506205094,0.10753705288992355,282
2019,0.050573364669673784,1.1538566674493305,0.37392504615543487,-0.013065501825457152,0.0030515848513355506,2.254869859435973,570.1775013112904,-8.968700375429568,1.7447771826085958,6.040778029062447,-0.70811298870082,4645.751372426445,1347.894057912447,0.21096290222794334,0.10753705288992355,281
2020,0.05058441746275288,1.37427103325289,0.1527225793728808,-0.02955223031059209,0.0027600360511495156,2.4445674117186007,684.0657119663169,-7.4369071079507325,2.53979055097316,6.032714814253454,-0.5391240117653523,1001.9554512288742,481.8476381567238,0.21118142803759993,,280
2021,0.0505978832195421,1.9490885934284088,0.29886883607952747,-0.02672011946563107,-0.007922814630452983,1.3474205183599108,340.2520353771276,-1.5912811902119557,1.9489829555980813,5.998067161190229,-0.7387264507746504,4984.35328528053,4194.016285625731,0.21144759626619236,0.017176885610578008,279
2022,0.05061887153917057,1.7651926024516198,0.15731406585224805,-0.02389674953076489,0.01806649572795033,1.1227241566176467,402.52205374256124,-1.2694123051674655,0.6848403033351068,5.960805775698171,-0.7738626600864468,1256.3734078520306,4379.558240629807,0.21186231653617527,-0.018029612744777428,278
2023,0.0506245717618088,1.5172653038970294,0.33111268785085674,-0.003603279091733949,0.0010387296699374948,2.3919934605389694,604.6856178243164,-2.0011712184880084,0.952488917919012,5.8593685347249576,-0.599434265549377,4430.0946587748995,4133.028758338721,0.21197492081857416,0.057336992415686794,277
2024,0.05068360397722767,1.4026983714545134,0.1279584420853601,-0.019824836938346503,0.017736790999102418,2.701643716289753,695.8034457519136,-7.1304615676424605,2.1273065299052507,5.869392136063724,-0.5463594047517046,280.7612341737196,768.7893124125662,0.21314031979388248,0.10753705288992355,276
2025,0.05069410662184593,1.343757341229918,0.7265827340359089,0.012972822257732993,-0.005594234049273961,2.2089901753245105,534.1823764586397,-1.047403209490446,2.225553011555257,6.109996655825907,-0.6414208859900791,3545.2918375827526,2291.5716146454442,0.2133475180940978,0.10753705288992355,275
2026,0.05072563844288718,1.2994477301484277,0.15425094464755212,0.01247584881713636,0.019442244150121142,2.499620665694579,680.7770933292769,-5.6687955829022725,2.025816113066914,5.987487504593274,-0.8134418745573744,4419.048385271702,1936.3576452737084,0.21396932644189692,-0.0818092363468535,274
2027,0.050754811995667615,1.994831560543693,0.9151775698859793,-0.006302801935022486,-0.004817523628279311,2.3476195455869835,611.1643883928315,-2.195733864608886,2.6993231292914683,5.9961947704777545,-0.5471648571812937,4664.178427999383,448.2069879583401,0.21454428552932936,0.10753705288992355,273
2028,0.05080359327871286,1.412118219441222,0.6512299825299381,-0.03327444438640383,-0.02232943422877488,2.004102835852463,466.6310652073329,-9.592648740991537,0.11107596020874902,6.25056395058429,-0.7240924515318367,366.2115845356127,602.8819624445874,0.2155049403695556,0.10753705288992355,272
2029,0.0508204431332257,1.576775136605308,0.5419294465810766,-0.007712260861023146,-0.04791928559867323,1.7341002351774577,317.9592119792608,-7.242181942405215,0.4682641569734085,6.069509187368782,-0.6285466506401547,3940.6006160767797,1472.7639114106987,0.2158365519697214,0.057336992415686794,271
2030,0.05083912565266192,1.619985166030956,0.14030479056702766,0.043369127050614104,-0.008326346818422386,1.0326754913908318,588.0695199133798,-1.404300773407294,1.976609861458096,6.196605524063284,-0.5552364847406956,2309.5628603595824,2351.098970099017,0.21620410260701467,0.017176885610578008,270
2031,0.050912763215311574,1.4396640843581092,0.9588683153021618,-0.03441422015338881,-0.020466559528776178,1.8074443867349057,490.6087839704648,-1.1162787033525257,0.7002439996235583,5.919247544062996,-0.4218627240102386,4656.392491054476,2692.661100638114,0.21765149736935419,0.017176885610578008,269
2032,0.05092004127374725,1.0639688134902543,0.6848808575866057,-0.02671763281458845,-0.036938038169931076,1.1629230470235308,595.9877649697522,-6.055239610948092,2.735823953489223,6.00462571297273,-0.7986181370875773,22.956646370281312,1078.0703744582424,0.21779443870322224,0.017176885610578008,268
2033,0.050927619146728324,1.2170099347214678,0.5976858591302511,0.03934445551383259,0.0030933469574626706,1.3882041427269596,594.5955713914528,-3.7876643429045855,2.5806605771347995,6.020970444156606,-0.9121124759521599,6.995831030711422,1609.3785872692495,0.21794324669672582,0.017176885610578008,267
2034,0.050941230797896225,1.9705652335554475,0.5549433190797333,-0.023340555318926533,0.048658044691118806,1.373868558350321,253.9301943456608,-0.6892425424995755,0.07200209497420933,5.852932968518486,-0.7261800501336995,115.57895361929278,390.4648479840971,0.21821048543069588,-0.0035324461695854584,266
2035,0.050970923801709346,1.32460319893048,0.3672175287795024,0.04119164194899203,-0.04265883535619087,1.240766481418256,417.7733935114313,-5.970740243495174,0.1882766134250735,5.8997565683221875,-0.7827392559636915,4119.374197691635,1334.5988213427847,0.21879320306178718,0.10753705288992355,265
2036,0.05099483630846764,1.2481997260385145,0.7040718523413793,0.017605498174731386,-0.030688410930903347,0.2904651514122199,736.7636296795482,-6.230724309156538,2.9661997873465937,6.161051094615397,-0.7659262247822582,4040.795960209189,12.312479204931343,0.21926223319847227,0.10753705288992355,264
2037,0.050998386108025255,1.7278953694851344,0.4428133832108396,-0.006242363080073932,-0.019383476805131132,1.6296985305786025,525.5643495390124,-3.3095092136773268,2.432343292789764,5.857208457243586,-0.8321507228981333,2243.5173415602694,1720.3432900314199,0.2193318417366088,0.10753705288992355,263
2038,0.051000556706103234,1.7834073790240765,0.4490011669996932,-0.03725083858707731,-0.032479581750233695,1.4187766744236696,360.6239855782163,-1.2193561761926124,2.092622789194783,5.868942813767151,-0.6800134353622769,4968.442478279499,3796.8483883638746,0.21937440292428756,-0.0035324461695854584,262
2039,0.05100239916229274,1.691877306190739,0.923249159492171,-0.0033862269021068207,0.04077736120627561,1.52256870864861,443.37721934672425,-0.47190347924991355,1.1533743281299649,5.906142701369583,-0.7370754163949064,1245.5897467020375,3477.4485825692072,0.21941052846935072,0.057336992415686794,261
2040,0.05102808163001903,1.2180132271457105,0.1307028652754801,0.00094478520868193,-0.004917973927387827,0.872307439647011,505.62269170213636,-6.067894510143581,0.24213888753802476,6.0612966233292145,-0.7735148932224898,1947.243658269367,4767.751750226649,0.21991395583869555,0.057336992415686794,260
2041,0.05104810085846876,1.4721628113256437,0.17629815213787464,-0.02052960182728536,0.03938461158743327,0.7964597862738065,712.6134528288027,-7.233769910198846,0.8594477374539069,6.1363800951958,-0.7121404836564531,495.43081210367393,2024.5991443516173,0.2203061967752864,-0.36193846958134623,259
2042,0.05104926860866462,1.3638683710568758,0.6548636174671616,0.04468164394646834,-0.00495057819372835,1.6956013302507709,582.8782185645837,-2.4455559264664606,2.352796542096934,6.0702062026248305,-0.7611769338925375,2824.9142715579133,1015.338469541246,0.22032907200128715,,258
2043,0.051131641904923024,1.0040376352747697,0.27584753277689034,-0.03130882845957062,0.040121698104843166,1.6908626449485007,358.4892590944751,-8.611574383122932,0.9037610007108142,5.7820190036703805,-0.6505958521020049,3639.1726927696013,2564.803216748661,0.22194137538924907,0.10753705288992355,257
2044,0.051185954851290724,1.9497095292526134,0.13423614189859134,0.0009093428052750838,0.0476644334029255,2.048807882212574,527.2121853901348,-2.464383737758044,1.7884599277633655,5.7969179542049885,-0.4835043642393619,4356.585385694127,2375.2635012840474,0.2230030295560328,0.10753705288992355,256
2045,0.05130862604310081,1.0471622978123387,0.6740407945987693,-0.02672056369908076,0.0070335861572723745,2.4024156977767652,368.02833969148435,-9.755600974843134,2.277371264282563,6.017298292421429,-0.6120180859514313,4179.81285350263,693.3483662637874,0.2253967414833049,0.057336992415686794,255
2046,0.051367827000459096,1.982673078383224,0.6266718309501028,-0.009465640716713462,-0.043273482388901434,1.0579122393498106,740.3849501339996,-0.20851736513487937,2.2037032755068595,6.012100583154791,-0.7181380636761361,1784.440560812648,4816.167619727235,0.22654989709328832,0.057336992415686794,254
2047,0.05142259326773388,1.3534290458961917,0.13508256621982992,-0.04543888775212351,0.010834490625443689,0.645835058368625,517.568113554305,-6.788121249172038,2.7523514622585408,5.9409348529783035,-0.7662105589071947,2172.3606993740104,2558.0205948573566,0.2276154880756206,-0.04305602518894445,253
2048,0.051435189652580586,1.086119448633984,0.6035375517973138,-0.0472466817121532,0.009789990948266424,2.428440638057397,386.8270300669541,-9.844253409533222,1.776644808698837,6.056720703690882,-0.5905866637162278,3210.755358060201,473.976431904409,0.22786041625809617,0.10753705288992355,252
2049,0.05152640193519912,1.8794322109145645,0.868434823172861,-0.030901693435211645,-0.019733100119029123,1.189174442648968,662.0316592146947,-0.5808096674116568,2.551083458634519,5.6465184637003585,-0.6945137574488741,13.846232540574317,3993.8180380999156,0.22963218969463273,-0.0035324461695854584,251
2050,0.05155085003424503,1.5310360615391272,0.1651878044744405,0.01840769670837571,0.00029647766216601116,1.5346201351882707,315.3074041167918,-6.369772872572041,2.7670642170802324,5.991961037216394,-0.6215233679052056,3631.8164444497934,4483.073615232931,0.23010655429080923,-0.0035324461695854584,250
2051,0.05158804505227891,1.8224575459275885,0.36338692956388646,0.024845395438577705,0.009596050743590268,1.1054558598344975,446.1567654565647,-7.691535847539351,1.2515481238048638,5.683395524594517,-0.7942752688564647,2970.3964503489115,4444.662140486162,0.23082781506469752,0.017176885610578008,249
2052,0.051643994137869395,1.0324468856515225,0.6489966141234506,-0.02636664118804632,0.005039365614392159,2.5764030903556194,379.2542892524698,-9.751693101571751,2.1699921411621284,6.031051080133358,-0.6397459447001779,4019.097820402251,228.79552115081398,0.23191176325570995,-0.04305602518894445,248
2053,0.05169205115178003,1.8178298503315038,0.7798040105913543,0.04301160159034119,-0.028342307816621233,1.6516371140562207,296.58546931634197,-1.5456406024802412,2.870091562537792,5.885700322212735,-0.646654012082477,2843.472424738993,2175.405051824473,0.23284187466542694,0.10753705288992355,247
2054,0.051735535021524864,1.1039259512061017,0.22663708640079674,0.023092052212808318,-0.0005082714106530378,0.921857018736778,290.2589048761501,-3.518002447740914,1.7446434859144437,5.937005625648448,-0.5595326554006466,4251.401854950216,915.6792562622219,0.23368273103489656,-0.04305602518894445,246
2055,0.051822819724104414,1.1489597458961773,0.32710952328375165,-0.011962875463927334,0.02223696618094404,1.3066647540818002,328.39099411985444,-4.191152013435903,2.6616335594936733,5.684932354647574,-0.7281476897257521,1277.3612290233955,4611.478802902893,0.23536844192631579,0.057336992415686794,245
2056,0.05187256938117001,1.103135497444244,0.3664104616660569,0.028651460179844827,-0.0149854962056118,1.606376525821778,490.10831121386207,-5.322887405484022,1.0168555026034185,5.989556336274209,-0.8350618358054451,4509.014093986513,55.47583409039566,0.23632797660408855,0.017176885610578008,244
2057,0.05188837427670702,1.0293455829022382,0.8378249457058725,0.03161594847839716,-0.016678721139558473,1.1059110072115401,448.9899520853704,-4.9631169248205955,2.4516090597686957,5.889885750787647,-0.5399755737858827,1745.8374546973075,1047.101858912582,0.2366326171576787,-0.0818092363468535,243
2058,0.051927988733292504,1.3339220335153619,0.17457973753712666,-0.04388575177193047,-0.041181629805289235,0.7116195231868966,509.64884335053176,-0.2570095274047732,1.577841727451623,5.956101485014801,-0.6781857463080825,4061.897740082981,1533.4606437637522,0.23739578121696803,0.10753705288992355,242
2059,0.05200871391642272,1.724840513260434,0.19192379584330946,-0.04004882279904476,0.0360794378693218,0.9568433551511928,490.3839145299487,-0.5875672876161678,0.9371233991634913,6.231659007580146,-0.7266534585523956,3017.3935816236694,1682.7754637788826,0.23894913431182085,-0.04305602518894445,241
2060,0.052011987813765086,1.6314397514240544,0.1429660087150896,0.013982590192238012,-0.008731609726217483,1.1184767377248364,262.4591346305792,-6.6261519930052595,2.8338501185530425,5.998129680264107,-0.6964579072591145,3481.000394947524,4513.093009368747,0.2390120813462009,-0.018029612744777428,240
2061,0.052021281259703935,1.6643099581248368,0.14540783041960262,0.023871670039022463,0.01582803957041288,1.434539755282971,237.35073468371237,-1.9533706337430223,0.39243169070448386,6.054801923310587,-0.5931229541387147,1598.862591099702,2818.1493933673923,0.2391907443074821,0.10753705288992355,239
2062,0.05202275444406948,1.8862777743322234,0.6922463781055201,0.023383067644678582,0.03184993941524963,2.236504473818992,576.6971368053809,-6.493044036634046,2.987141280947686,5.551133003382009,-0.8889251256171982,4713.427958715774,2610.3936523871416,0.23921906278538996,0.10753705288992355,238
2063,0.052023082352540224,1.2781484202371456,0.30670812642182116,-0.024769679798577943,-0.009582848315878202,2.6432500484984147,598.5452635288149,-6.882846984422095,2.1072040436385278,5.976990066176184,-0.5601529447212061,1027.4509811040934,1110.7656850063627,0.23922536593949617,-0.018029612744777428,237
2064,0.052024416721729964,1.6793908476649053,0.2605674064386899,0.040814688014086005,-0.004250449676010297,0.6322974232953175,631.925855047731,-0.859031117527892,2.1529418483824587,5.963866419331635,-0.8024844674399212,4445.427600514657,4635.460962695343,0.2392510151709376,0.10753705288992355,236
2065,0.05203611471313334,1.061385067391922,0.15299594450579282,0.0019338290335063752,0.030416933697614862,0.9090077329605842,602.7606660165306,-8.665820399485744,3.07379258507217,6.104971362137537,-0.6884385400247088,280.55305348874043,1457.448132365384,0.23947584568625824,-0.018029612744777428,235
2066,0.05212990026311526,1.9450004102414196,0.1872740836325621,-0.0054004200491355875,-0.049979169048684734,1.257138905713209,547.577243541715,-0.7247364839350848,2.6365907683237886,5.620691888119809,-0.6770644442360253,1590.7029816096972,3441.857766199172,0.24127653999800602,0.10753705288992355,234
2067,0.05224077487409757,1.8409635976640606,0.21653400382203855,-0.017361348493533078,0.006141608275901774,1.1786768966061578,522.9415112652777,-1.6093408608352555,2.152074782523101,6.1556245516984855,-0.7431626634007633,3688.9065333668946,4868.525989990743,0.24340117227703784,0.10753705288992355,233
2068,0.052291230809171585,1.5680556373997439,0.41461804051144285,-0.03828871044721898,0.0015645208075661882,2.370777280214364,717.9247164137572,-2.0321984382966614,0.7374632068252996,5.77085784026867,-0.6178850227825833,4862.15741421259,3914.7118505991466,0.24436654051348183,-0.0035324461695854584,232
2069,0.05230361384702691,1.1371290095500375,0.2547090767478231,0.041832742244598084,-0.0008537147715803877,0.9585417503667116,342.7689711968257,-1.3609707149947219,1.7474443386584975,6.170337008393894,-0.7378331514542085,3232.942500797148,557.4037743796274,0.2446033215508212,0.017176885610578008,231
2070,0.05231562442118801,1.7906679892449533,0.7810103706346241,1.882723979190296e-05,-0.02175812512818075,1.1923832776092027,604.7473574098324,-0.8054202162443126,2.0704968080610158,6.1920656885308825,-0.6652825872803676,398.0835696200529,3710.0744264924765,0.24483292701182313,0.057336992415686794,230
2071,0.05233167667729821,1.5354020506591455,0.9126126396447004,0.02102109479989905,0.009679358329640377,1.6839480327392207,528.6740696396687,-8.976785048451251,0.8543346078388347,5.58500983221893,-0.769772879674717,2932.5260349639993,4692.526699763795,0.24513971478502877,0.10753705288992355,229
2072,0.052396968179195265,1.9482810303976916,0.2183324835483648,0.012333665162428798,-0.014194111762778837,1.376622286027305,138.86877014796752,-7.8640515425175765,0.08957492710207322,5.744440968877861,-0.5343129854929606,1538.0378227744761,1081.1659793280837,0.24638658493111176,-0.13488025795164324,228
2073,0.052453471965804806,1.9038449657410692,0.45701862361887763,-0.02760700688967372,-0.00784087972830394,1.8266219099844934,529.3701011373361,-5.743203156916471,0.6605722114510983,5.816174700353107,-0.6845171907074571,4811.376259814911,991.8091475469661,0.24746438283070815,-0.13488025795164324,227
2074,0.052517398076218524,1.3534583810557586,0.9841534271648964,0.04100093428645107,0.048038726148469,1.8996169274808392,456.3899163902374,-4.33824271428337,2.2989785087458947,5.790621835564595,-0.6358673890377694,1151.1904152654563,2579.2099102348766,0.2486823610810287,0.10753705288992355,226
2075,0.05253112167697383,1.8496002887321006,0.6029334964637013,-0.0255733309012472,0.038410679450079616,1.3626602363027378,190.42853595358503,-1.8921544309277147,0.3394410166938001,5.862464007095584,-0.6910917080482839,668.2761498229156,467.3515667826191,0.24894364226544186,0.057336992415686794,225
2076,0.052645324951362114,1.1417395707591587,0.34825781956158247,0.043994258479939735,0.006861229521929149,1.5976701215452724,150.55944833291184,-8.781774372545568,0.13121372526271524,6.060637164276297,-0.5543447499771081,1690.444242121488,4064.631987136195,0.25111529424525925,0.057336992415686794,224
2077,0.05264932850168356,1.692489534617112,0.29986500957088086,0.015930565267556877,-0.026920393918854948,1.6762234160087857,200.5383987888355,-3.193452983322817,0.5950708235280457,6.137898668347681,-0.5836681017706078,2119.51901655883,1129.6688017321353,0.2511913389482441,-0.0035324461695854584,223
2078,0.05275742902034348,1.8340620389676234,0.14156014952792503,-0.032728874591467685,0.042996181089963725,0.8324058038525675,476.35373355215205,-0.24263088410605807,0.752561957797295,6.23049516423071,-0.782729170928306,2568.0116519760677,1862.074142064761,0.2532424514024423,0.057336992415686794,222
2079,0.052849183340458454,1.5284770521214146,0.1423971852801985,-0.03292677572573187,-0.003210795276604056,2.8117023272469077,568.2009325679388,-5.613974953294251,0.94240033393915,5.950714699465267,-0.7955319935570506,3153.0911318314197,1946.2359248602909,0.25498011424669254,0.10753705288992355,221
2080,0.0528555694140307,1.7183331449905863,0.9680279644044344,0.030096832438705902,0.03051615984884522,1.4683575678013998,605.7001145743691,-4.580945162654513,1.1909321273275193,5.540873665016461,-0.8836419062050859,4057.3654907716746,3701.6384089054636,0.2551009427508652,0.10753705288992355,220
2081,0.05291312189301006,1.144012194689972,0.3415470014637325,-0.01858362558304947,-0.046618875249552716,2.2784553190993155,562.8959339072823,-1.111579523867676,2.535806103064381,5.665542717687902,-0.8201697102888196,4495.542045997964,5.587505470808547,0.25618921346589646,0.057336992415686794,219
2082,0.052913126570753866,1.3397226183283957,0.5585211175984737,0.01710347126387205,-0.012430785303417718,0.30022002310610113,777.2864887690655,-6.367282459513623,1.8832649584666437,6.278818558051438,-0.6794113594453814,4908.043970979735,940.2859196415682,0.2561893018701904,0.10753705288992355,218
2083,0.05296252945620681,1.365402257922358,0.3781026825460281,0.03359929852343143,-0.04365708169682652,2.7164098765506464,688.8665955603833,-9.09682869192624,1.4552641975984608,5.8228985605837655,-0.48590975323775015,4859.252634166129,1046.565641971729,0.25712252657727164,0.057336992415686794,217
2084,0.05296538462019777,1.3066468306635257,0.5278848147936972,-0.04290106851584116,-0.03583678668933971,1.081990746104241,577.2237692957236,-2.4471920131161924,0.9868824880494868,5.830397336134461,-0.5461403598915876,4873.328159870778,3176.1471927103253,0.25717643425620046,0.017176885610578008,216
2085,0.05300723837974566,1.661712322591352,0.730745445392507,0.043570256304659716,0.0010838395738517585,0.196352398251171,777.3234194410874,-7.594229325122183,2.0984347416647706,6.240571213752622,-0.8026878832918911,4179.083006605037,788.3155134765859,0.2579663318833194,0.10753705288992355,215
2086,0.05301255850191609,1.9316085829262177,0.7206102216574312,-0.029562543104730252,0.04155872796454698,1.3804687313901587,152.15835286533562,-3.002639461015857,3.003510648409492,5.9599470359963655,-0.729048733003468,659.3035775243516,313.58849382411785,0.25806669280323336,0.057336992415686794,214
2087,0.05302020269972406,1.935648528865615,0.5021155452574565,-0.044219190285269154,0.002286336778637227,2.093987795694638,486.92103018775134,-0.29123369627574924,0.3143074028902953,6.023101780189941,-0.42757987669196595,3824.988605838694,1049.046548947612,0.2582108783877083,-0.36193846958134623,213
2088,0.053138517427070674,1.5292756192236292,0.7908084595743509,-0.015415853782513013,-0.014072956090436009,1.40609373974926,454.61980045444346,-3.0215034051507303,0.8198546193651554,5.972318758287289,-0.5815510910221728,402.58243859244385,1239.121577590938,0.2604398950185609,0.10753705288992355,212
2089,0.0531630085694846,1.3572014721300563,0.6709773728284782,-0.022729557257083272,-0.024147585688446983,0.5559654318194187,743.9944706314874,-5.71023920402624,0.014157188318457201,6.046858704200725,-0.6764563314337202,154.20280641095647,4980.5928714225065,0.26090068130762756,0.10753705288992355,211
2090,0.053175997501639385,1.3686287802049633,0.9781279054439143,0.04054624279663763,0.04276012433789655,1.869686767255288,447.1468004238583,-4.249766388237865,2.169994910118066,5.830538684551443,-0.6321923101002168,1841.663051697227,3126.526256309393,0.2611449742100854,0.017176885610578008,210
2091,0.053177505088274034,1.0006134700092058,0.40252159158228357,-0.02631290885995118,0.0490404501333932,1.5586917139011092,209.23162231037773,-8.140656617730325,0.661101821860443,5.748739100232023,-0.6756037921230303,4027.2975506471644,3275.4419205199415,0.2611733246940817,0.057336992415686794,209
2092,0.05327703094087994,1.3078988871746569,0.14607302816333512,-0.0015451703231966459,0.005217952280796815,0.30152615389384435,353.3776013792406,-4.0084375895878805,0.9860755016850857,5.848192829966888,-0.6818014804334204,1752.9386782338984,4824.23933073783,0.26304315354898966,0.10753705288992355,208
2093,0.053317125408236916,1.6506405649556053,0.1727123575074738,0.03188863809102133,-0.04764727769752862,1.2668867149550747,486.674527896149,-6.525232032619647,2.5288715421605783,6.033878723635156,-0.5875285571955439,3866.6657827704357,4844.336677437222,0.263795436237246,0.057336992415686794,207
2094,0.05334974517242406,1.8416251071354806,0.9602617584749534,-0.036785550294207575,0.02588193191405954,1.429591757150424,623.8520726446418,-6.060608280715475,2.817469328490142,5.609131857645523,-0.7264300983727628,211.88216652086618,1310.410498560585,0.2644070556656185,0.057336992415686794,206
2095,0.05335891738751579,1.276273544539926,0.19492239223306246,0.038458443044704714,0.025577673086813864,1.4960197708126364,123.00623502292392,-8.983076915478033,0.1957049273804763,5.95020667173562,-0.8567901378209435,2057.464630999862,4749.416867997988,0.2645789670156211,-0.0035324461695854584,205
2096,0.05343393500336378,1.3988012959660163,0.41211476558480936,-0.005916051719308629,-0.030144000097334072,1.8961121102110103,264.6744199903882,-6.340661468306575,0.4340359368650243,6.036962772115344,-0.6956391809981114,3628.689346094112,1273.6200679305666,0.26598388553793195,-0.04305602518894445,204
2097,0.05349597336310423,1.614723619167501,0.28798574140124317,-0.047025601739234875,0.030037753350454072,2.039114431668887,507.45513366536784,-3.3832936231326483,1.9275150848822422,6.054020314364191,-0.6189408806997247,2018.6161960762604,1052.9235945392188,0.2671442412820799,-0.04305602518894445,203
2098,0.05354917998027223,1.543728185089452,0.776010602781643,0.03438065605849612,0.011488800300384355,0.5050908989599282,669.0060440320785,-7.181872375437674,2.156138921218725,6.2543551251251905,-0.734553497172776,1693.8067429247421,1337.8088363508782,0.26813833806993737,-0.0035324461695854584,202
2099,0.0535495584061618,1.4818745002379208,0.6943217290712721,0.03207256830587607,-0.00276202036015042,0.3514488397186501,753.0542410390433,-6.471768260181048,2.1123288687783335,6.24550243783104,-0.7562481720789935,4371.812919448712,171.73723135417777,0.26814540492984296,0.057336992415686794,201
2100,0.05356608864934676,1.0963267599138127,0.6929025775524992,-0.03671794781520876,0.02308288424923155,1.3274089130862645,213.2811899671119,-1.1979963743481532,1.3543131086843552,6.2804771083784825,-0.8042857700081166,2796.361476340244,4431.771841259296,0.2684540478550166,0.057336992415686794,200
2101,0.053583116360019965,1.4690330705518644,0.32728924711760193,0.025635019310879564,-0.020425213098436056,0.8184396572204989,387.8017216078166,-6.534799038815105,0.44530015546610285,6.004327849290544,-0.7979500513265477,1186.0380583277527,446.0841040748323,0.2687718796264642,-0.0035324461695854584,199
2102,0.053600151318223724,1.2236273263645516,0.4937532925534474,0.00307975725948143,-0.029523120802945328,0.7547676010146097,695.6962438804597,-3.593112987855006,0.021760412643980057,5.883031316932516,-0.586669870339725,2741.8709357795774,1465.7735243908392,0.2690897456276554,0.057336992415686794,198
2103,0.05360326859650507,1.8214954785498463,0.24672458846006556,0.012117391051604892,-0.02744846409757728,0.7994859122842158,581.5058061833319,-1.2343442918190635,2.2210601065495643,5.840297162996752,-0.7491250733719163,4774.425523015273,4010.05522790914,0.26914790194920124,0.017176885610578008,197
2104,0.05378681200272372,1.8585278864209631,0.27945362907203164,-0.0064702735975205915,-0.036405256806050036,1.3710825512315978,313.84156659663734,-5.816007399912225,0.3757770066825588,5.574817357942199,-0.6740947061082704,1911.796616491804,4846.527077245059,0.27256616151124347,-0.0035324461695854584,196
2105,0.05386257502417631,1.95769315750561,0.21033767190660882,-0.017362085744650438,0.004582811851518765,1.355573415097308,466.141067929407,-1.6651184472373484,2.189102127245678,6.1562087100695555,-0.7504218261979796,3980.8331208385785,4804.488660202211,0.27397375027802084,0.057336992415686794,195
2106,0.05389909610769059,1.8291524124121739,0.7768846500530003,0.04109638330298705,-0.03228537970922527,1.4224123337732828,304.6396220095926,-0.4931764288507008,2.9759622268318155,5.812543373878117,-0.6514426845573694,2870.4269146290653,2300.9095361477657,0.2746515624263688,-0.0035324461695854584,194
2107,0.054007259773821766,1.9370019932739682,0.1728308848181316,0.005637739495912668,-0.013747799670472242,1.2413151242665004,174.97324870582327,-7.87137491046773,0.23366643303325912,5.792196606445047,-0.540000775355965,1150.841565660117,787.3596453139115,0.2766563322376212,0.10753705288992355,193
2108,0.05409355796236954,1.0031438049349324,0.8143372099256558,-0.04721531454025449,0.005077831275172674,2.5986698050652373,413.4314343743561,-8.931585165085345,0.10966272414141462,6.069082764793712,-0.685502350692817,3992.185409128393,626.6531561967473,0.2782529567347982,-0.0818092363468535,192
2109,0.054123023572372635,1.3991200323568775,0.6059935967468114,-0.016144668331181306,-0.019260990567554908,2.3154635875453713,782.647118015053,-7.402313408836667,2.781895871698043,5.994083544096177,-0.6100922618579832,3385.139079825215,3771.6089922393335,0.27879752412574255,0.017176885610578008,191
2110,0.05412317642155678,1.6495948728120893,0.6595866359077635,0.02346532279503258,-0.025856208908532755,0.017114993558633558,772.631792555974,-5.98421356431989,3.1261476461219204,6.1774424015517075,-0.7936104379135812,2921.300023243573,1805.024969623239,0.27880034822829924,-0.018029612744777428,190
2111,0.05412493793909242,1.9740331679899965,0.4785858371118406,0.02560724546211875,0.0009397467601176252,1.014528226777794,529.3561146532664,-7.567424081128956,0.4134124381074116,5.773242798699855,-0.6389236218067518,4860.225729366794,805.1682353834944,0.27883289415383383,0.017176885610578008,189
2112,0.054173128420670354,1.4716682906599277,0.12911921207316313,-0.0251226505592549,0.00419184659093701,2.9599160677342873,523.1248481207488,-5.605694893585597,0.7420571142791478,5.986538789148613,-0.7742840992775675,3258.5375800450274,1365.711699370099,0.2797228543604833,0.057336992415686794,188
2113,0.05417503399550082,1.3673130664639888,0.4974990286578638,0.04537668286656469,-0.001811750004440577,1.2389383974982948,798.6758180087154,-6.24075690158331,2.5215327795489975,5.9432840537148905,-0.7287818874886107,3542.68712961958,3338.8349524358246,0.279758029388654,0.10753705288992355,187
2114,0.05420482084704954,1.945836030225181,0.45993706203703666,0.024582031178540558,-0.02390011974606524,0.9090173367788126,526.5315752261802,-6.13234230328902,1.1215891498663828,5.885761095335907,-0.7692230009287974,2775.8813955855444,868.3117199589605,0.2803077044614184,-0.0035324461695854584,186
2115,0.05423419825776133,1.1424339707630213,0.9122634355784648,-0.030122516088804917,0.027318269177365188,0.5472681422923279,470.7183514385403,-3.091884749190282,2.9842991852257734,5.948917400358843,-0.60845690858767,1613.3912880161051,4232.161709628148,0.2808495280904111,-0.13488025795164324,185
2116,0.05424543471239014,1.3389225462224357,0.6467233677498317,0.04866511222444241,-0.010751406273756536,1.1296753946952482,567.1518971174011,-2.7687378852658444,2.684336495915063,6.1068050850895315,-0.8477486814915217,751.0343428244752,1208.8960415256363,0.2810566905662011,0.057336992415686794,184
2117,0.054247145330367445,1.4055428626379953,0.28855705702432427,0.021982516774934555,0.012844862100758992,1.8164514971096613,170.22185991494345,-9.378212974271374,0.37985406481044803,5.844685545601894,-0.7786470115055627,2775.229715929831,4291.437281128569,0.2810882248513913,0.10753705288992355,183
2118,0.05455490038629924,1.5942880853729637,0.13188565399276933,0.002069578739575544,0.04832610485611898,2.2750744075191225,516.3061220876825,-0.6725366563743397,2.9543959771387955,5.744281012419737,-0.7538385159376606,1177.5989125519063,903.0033477157948,0.28674539562742885,-0.0035324461695854584,182
2119,0.054633118885462024,1.6104023191699826,0.16087168957952463,-0.0227890261896837,0.00784307853628247,2.7867895690916824,524.0625256630643,-6.795553253273414,0.5868260071060694,5.896795339686535,-0.7730059853912516,1938.043736043253,2270.7049162331664,0.2881781263072598,-0.21976266600244637,181
2120,0.054653584703829444,1.4651825916758665,0.18053126407382944,0.02851131041002752,-0.027624568501570253,0.6723734035774461,718.1198102564435,-5.768047786030658,0.22773888870008255,6.157174408775111,-0.7292240781019598,4420.0969063543625,1728.5586622446751,0.2885526607736788,0.10753705288992355,180
2121,0.05471764869655048,1.3742037040081132,0.23577869173528992,0.04180273899184699,0.027845285739471638,2.533815230430209,796.8571833372876,-5.36969856192864,3.1202523730063447,5.742239413803615,-0.8107724490164806,957.6328613350013,31.555517249349805,0.2897241571179604,-0.36193846958134623,179
2122,0.05472055820078005,1.961152898073063,0.3803281423776611,0.011905412734228321,-0.032889970823849375,0.9846771335775335,620.1165233413037,-2.4820159011817333,2.738489147697666,5.787821307575272,-0.6817242765284226,744.7803474222135,3472.6252927494425,0.28977732875358153,0.057336992415686794,178
2123,0.05477148104076914,1.268961993061594,0.3208700795439123,0.022145405743102576,0.02953009142805981,2.644107806464791,757.1052735843449,-7.101068403309294,0.6384943721162258,5.697494021560233,-0.7296550954060078,53.4960563642334,806.2308689274249,0.29070749397861917,0.057336992415686794,177
2124,0.054777218992502257,1.3148211853298444,0.21123124025992576,0.012200240454728353,0.025833257491982082,2.6768753511159047,520.6422796389292,-4.425090809645245,1.001188676922381,6.141253652633364,-0.8342184190290359,3095.3279090571523,2618.8063272525837,0.29081225015988377,0.017176885610578008,176
2125,0.05485965625595912,1.442335347707609,0.16651235016263094,-0.004735747593738741,-0.030641964890290464,2.049341996731692,579.5301160609332,-3.131005483417289,1.0658199462633444,5.753120978864001,-0.788967487141897,4654.53677869378,964.4753637509198,0.29231607410241334,0.10753705288992355,175
2126,0.05488353324002476,1.2267146908027002,0.64509249100121,-0.011983417928071002,0.0008692831914323686,1.251151054609584,488.51450064806636,-0.2937442303502354,1.0784849481058736,5.963994075019985,-0.5907360470674933,1.0230577078751268,275.12657543422307,0.29275121699472306,0.017176885610578008,174
2127,0.054989137270500955,1.406534115781396,0.3240428999066925,0.043639374985107685,-0.013797560519369456,1.2979171993621612,263.7802247809127,-6.320531313567481,2.8075980067364976,5.869985060426092,-0.737741608407828,3381.9285099925855,3036.5163828926356,0.294673516006974,0.10753705288992355,173
2128,0.05508705410818145,1.6961181572912498,0.8678826606178068,0.02766692515106026,0.02229546465801597,1.3753412727918581,297.7078913371858,-1.3291348710585147,2.1751575587271823,5.573961053421219,-0.693101712083711,679.9435583243572,2178.9754704684933,0.2964525903422821,0.10753705288992355,172
2129,0.05512376395439725,1.2153247206527589,0.48231841952311216,-0.022105509845521443,0.04115471033810441,2.0478435299754407,314.432322294185,-1.5645056326274176,1.6312788450884763,5.7201819831055,-0.5644514063303795,4507.51874293537,824.7693152194569,0.2971187653733187,0.10753705288992355,171
2130,0.055163672858672845,1.6186806174240225,0.23708889244097006,-0.005887223926215661,-0.0027770963550118968,2.727731718250372,594.8609005351321,-6.43711410806739,0.8688288494649241,5.944204908659654,-0.7607886651652801,2581.3302856483247,1575.0303543981086,0.2978424907072279,0.10753705288992355,170
2131,0.055208323174959814,1.0340650902904356,0.1906301849525163,0.04845301409120384,0.013564657718020887,0.7463486266060954,418.30496501008116,-7.001487281926292,1.0872464397724289,6.135220089864674,-0.710554494907494,334.4482119281934,4761.6362565164845,0.29865157852527724,-0.0035324461695854584,169
2132,0.05523612149239202,1.4637790011103646,0.3783249772047231,0.017910393842506075,0.015637591964874367,1.8010757279101766,157.1383908490272,-8.334880453795906,0.26935866589545987,5.872196505352748,-0.8145866939398301,2555.399898254874,4561.747929433008,0.2991549685889978,0.057336992415686794,168
2133,0.055280277210751384,1.7854276938563647,0.3419411322260764,0.026626037074526678,0.04216002476695684,1.9772934742394874,289.78199665916924,-2.658124160443221,0.10767625958748972,6.069650171551962,-0.7300348700058672,2065.0185101469783,2577.0281320762265,0.29995404856677776,-0.13488025795164324,167
2134,0.0555085639337709,1.5911895019511313,0.6206887169708792,0.019996918181059916,-0.0030629462776367074,0.5147224431264207,714.6952034873567,-7.291551118188507,1.6903769140479354,6.270707444989699,-0.8129526209340321,3625.282155036121,1488.5715557211226,0.3040751684152774,-0.0035324461695854584,166
2135,0.05551536614095231,1.2951760808080626,0.37785372764777364,-0.041983469995758096,0.008855555616308559,0.5002089929031023,701.8744864625374,-3.063764633172942,1.1434921776880513,6.013004862156576,-0.7453933381954639,1988.5490008221748,1064.92764070135,0.30419770428990556,0.10753705288992355,165
2136,0.05553207428326078,1.6092999118560078,0.9058163138290455,0.0419789985501506,-0.009112651730321256,1.473955312775216,382.45731855444694,-2.0742753655247017,2.7460412481448024,5.818669279631219,-0.7116157397449101,1280.5022117484418,3356.5413812523598,0.30449862329117217,-0.018029612744777428,164
2137,0.055580147202947724,1.9186066341358559,0.5307759665117169,0.008884782485875748,-0.03852739872474324,0.8446178362144992,765.732960316552,-0.6129433710631246,2.5165198046843753,5.9980405922062365,-0.7773606442086939,1798.0261774337778,3893.994266785206,0.305363927252273,0.10753705288992355,163
2138,0.055685635173139875,1.3844262079040888,0.33052930419677135,-0.02402291299299324,0.009840489062341149,2.3419688495087527,673.2368236620956,-1.8729921698732577,1.2480674836024437,5.849571795611388,-0.6613941854933283,4645.112769037541,3521.83791500379,0.3072600717729965,-0.0818092363468535,162
2139,0.05592375257012927,1.501930461815276,0.7206195684450589,0.006048013697014798,-0.033396809094003575,1.5117894855469403,175.8102528862966,-6.162027725956026,2.1567812427990223,5.593926422879375,-0.7792610579263162,982.0180234935933,1486.8916959070502,0.31152705617433596,0.017176885610578008,161
2140,0.05597909307840239,1.4594565219356361,0.18381978708261287,0.00141325444927434,-0.01191417373857072,1.2266270019061842,165.95168833524826,-7.20850439245742,0.21457454924021951,5.611225202731536,-0.7290187271992508,1530.7804062360326,4735.512965501197,0.31251613759521835,-0.13488025795164324,160
2141,0.05598076863486281,1.2870191998734397,0.20575935485596317,0.02344164609912105,0.004172510940022699,1.1838985105935662,546.5269442052663,-5.943711351738915,2.119723741103531,6.165023674722553,-0.6498950117453014,937.9973019562872,4364.147853109185,0.31254606897307435,0.057336992415686794,159
2142,0.055988207803870364,1.9015407591038127,0.5627442024870846,0.021800677561778926,-0.018639886732492974,1.171240694362956,450.2797864490988,-6.894603418274961,1.1985082892737204,5.982403457989253,-0.7281597364713047,2869.296259967962,548.41387781078,0.3126789480839137,0.10753705288992355,158
2143,0.05604856259123033,1.7174685690366887,0.997280218875953,-0.004761581565789998,0.004078547198134524,2.306150192728456,448.5196514491123,-0.4887997787887715,0.17718995534266088,5.598673403793309,-0.6371989549594044,2441.558359540005,2807.7956123972035,0.31375635852669315,0.10753705288992355,157
2144,0.05606235584977006,1.5815919388517226,0.30810243280121236,0.040117551517239516,0.036091069857033455,1.0254854812279919,557.2711919213247,-7.2256969314137,1.3138367550755694,5.929681347035032,-0.6323900510914733,1149.3531031338516,4749.428652721749,0.3140024230278837,0.10753705288992355,156
2145,0.0561778680619367,1.9333786831253283,0.6469112451588674,0.0002840084009184474,-0.03397443021352498,1.3256692571464141,731.6517397191526,-0.6722319332638178,2.6250050160367953,5.738693021449348,-0.6853372025773556,4587.607012398293,1334.2543779758346,0.31606072706401905,-0.0035324461695854584,155
2146,0.056200885150015284,1.5707815086809893,0.23795578147005972,0.040033566304566164,-0.02774949927272582,1.5584963942674865,256.43998759269533,-5.622746440603,2.4748365096668468,5.887049818961226,-0.6725172796269521,3793.6318988813455,4121.143184377853,0.3164703612296178,0.057336992415686794,154
2147,0.05633627104718962,1.3330987140043977,0.4982555462919917,-0.003627997503865886,0.0050760341360516215,1.9711546874379176,424.3636648082581,-9.163383874110112,2.6398059263071314,5.945252185589468,-0.6745061311328885,4090.5474192762936,2736.256589856882,0.31887642811567596,0.10753705288992355,153
2148,0.05648566701757995,1.5972241634334607,0.13037588665032693,0.04781995847805893,-0.000441582104873708,0.5482712226125451,471.67952131465415,-1.8109690378028083,1.0182622881992849,6.204004203611721,-0.7272317606513952,2672.7356604375987,694.623843252622,0.3215247793188223,0.017176885610578008,152
2149,0.056702519657016504,1.9602361755536206,0.7817527326845852,0.005144131552651488,-0.011399196091861893,0.8945564033030756,797.6223324335278,-2.818001877075652,1.3121575690265976,5.5976592731064665,-0.7968953196228868,1189.7101046244645,3206.9871427021462,0.3253565025953733,0.057336992415686794,151
2150,0.0567939962457787,1.8785071817866192,0.9931578944985106,0.02159107565570883,0.034075327116957724,1.7988448029113069,614.6718431588924,-4.820132799089857,1.1476464956948622,5.507387004358292,-0.8899939347546075,3996.649434649654,3108.7810896077735,0.32696847469590745,0.10753705288992355,150
2151,0.056807406013510565,1.0170022329064916,0.17158893962347355,0.021566591701648336,-0.007343069964163797,1.546253370664874,244.4161944285449,-6.484894374604571,2.3591779676743525,6.1855717557507495,-0.6803137987838258,4035.5554096786796,404.5183020286093,0.32720455924287595,-0.04305602518894445,149
2152,0.05684604964814859,1.5925044718919519,0.1622654943693842,0.035543231288383034,0.037953823535020005,2.1644900661381494,552.6745343212548,-4.3734584674705195,2.284092654612078,6.05337422139557,-0.6791008231440062,348.68963086356405,1089.0236430331688,0.3278845849561507,0.10753705288992355,148
2153,0.05686421861375705,1.0193647883063863,0.9862800125082285,0.0458758631861538,-0.049050094619341865,0.8518299549920167,512.3307691136373,-5.467780279722954,2.8913352359003786,5.88876802820469,-0.540060261500542,2009.9208138637123,131.99305644347302,0.3282041509204776,0.10753705288992355,147
2154,0.057086077771825346,1.1858627903779912,0.13615898717895888,0.02424250599265777,0.037696254203513246,1.2309187040205074,191.44324942075914,-9.558649281802772,3.0860562710042494,5.967449415635603,-0.9184006993483602,1841.6500013275497,4859.030523911059,0.3320981195268278,0.017176885610578008,146
2155,0.05712710951597219,1.1340412681052985,0.3459643567664886,-0.003876349204274332,0.005702721895567961,1.240137658512651,443.6628519293951,-4.565133778063761,1.1072126828355235,5.87394013737482,-0.6559766330301906,1335.085868962106,3287.5438649682296,0.3328166310557816,-0.13488025795164324,145
2156,0.05715871459577333,1.8951047091902564,0.861261424383092,-0.014506437008145025,-0.04332218916535188,0.8761204821294626,597.5872725575566,-1.9552698105096704,1.3085130542826562,5.686445281723313,-0.738204788996113,684.8474164757814,2433.6588753840424,0.3333697194348745,-0.36193846958134623,144
2157,0.05724954039464342,1.803924829900336,0.21229453593825293,-0.017170125202472394,0.035780047512118406,2.0273765004412674,492.03644252752235,-2.374413043626351,1.7485534757750356,5.802756038497715,-0.44870971993895514,4323.974300748673,1018.5219894295376,0.33495746881465477,0.017176885610578008,143
2158,0.05729613958483348,1.7661495004443268,0.18582103025847244,0.045047524548201934,0.027363158264576463,1.4698596015409882,638.2760842304872,-2.3959002522466997,0.9308758591087388,6.149615195542588,-0.6622681824599833,1999.2609793845409,277.9134638063193,0.33577110391238735,0.057336992415686794,142
2159,0.05730994234032715,1.9777694885005914,0.8128096817362314,0.0063741552491511765,-0.03307689011094632,1.508357867580493,518.6171109342612,-5.278018166794121,1.8339909154897862,5.9335631629761245,-0.45876840753235,1540.9374187620956,17.662716227218272,0.33601197691542684,0.017176885610578008,141
2160,0.057375371633799355,1.7760567852958142,0.3505308279576391,0.030628890553326626,0.0456554484752663,2.02433065946109,703.4959003304425,-1.530757346333417,1.8117167384079447,5.745085687899417,-0.692090018745106,910.0871897027317,1773.7319246562004,0.33715300009099947,0.10753705288992355,140
2161,0.05740602628046069,1.0169536826454415,0.6282107600956744,-0.01647723326584305,0.009113389839047688,2.5803044691893477,333.45957124451087,-9.444202531223285,2.517490324098988,5.996038810239377,-0.6348892741374335,4463.948692727791,47.14477919420547,0.3376871397328789,0.057336992415686794,139
2162,0.05742787162196326,1.6183404641500858,0.23467679307719833,0.04139496258204043,-0.016859790991110978,1.9067670415499074,314.4357914239868,-4.356262511322964,2.003492838963389,5.944347576335085,-0.7364604132420085,3192.43800834865,4459.609262332325,0.33806760825590954,0.017176885610578008,138
2163,0.057449924693747725,1.3432136710131461,0.299383381490044,0.035236332413254565,-0.046900056164774835,2.800029186325555,723.1832198599925,-9.17702404017741,1.0986789883772006,5.791817347359381,-0.4732142757177466,4293.128844753553,1654.2032250985358,0.3384515479337986,0.10753705288992355,137
2164,0.057550854216811095,1.8817696688577985,0.24469493131070696,0.04833171656024143,0.024859132680831276,0.7696829773153128,656.7925655865731,-2.4893545660218797,1.449690911958514,6.211963727048254,-0.6370176886142819,2071.471061776107,358.04548903312326,0.34020683254897777,0.10753705288992355,136
2165,0.057646365996298424,1.0170567184772712,0.5102060755153208,0.008623296119745315,-0.02532805798740819,2.140132514647546,385.7449940369964,-1.473986680765305,0.09293088364177376,6.080455499539548,-0.7073017821457459,3143.177058807872,881.1031574021778,0.3418650635582705,0.057336992415686794,135
2166,0.05803440312506932,1.0759649526373378,0.2099475704589075,-0.029699712064725985,0.025366163546955568,0.8229423510941812,263.13455436028164,-0.6106553856111859,2.7716011506818354,5.9109595908000605,-0.715697991642778,1429.3304660047102,993.1603873915358,0.3485738464805994,0.017176885610578008,134
2167,0.058056238641159726,1.984868228426578,0.5113398871473962,0.04353695950103856,-0.026892513167248118,1.0796960974142333,481.85491219570804,-4.172188881045456,3.0297288271891247,5.82855475428799,-0.668738561868894,3822.8332357002837,3572.8871920773836,0.34895002695503696,-0.0035324461695854584,133
2168,0.05814838827888143,1.0025313029150562,0.6940769689509234,-0.023792619253178323,0.0007809743327669794,2.5104953727218384,340.6401949021206,-9.729311371122709,2.7639687768429657,6.084021615563729,-0.6587703585893167,3892.151519558153,142.60619665583624,0.3505360164199791,0.10753705288992355,132
2169,0.058208178744185796,1.948374349888837,0.47467545580006076,0.02683807669531845,-0.00676415325485192,0.6311761274147992,562.4414331894378,-5.994612586712011,0.9080768598049367,5.814672912323436,-0.6902221667605593,3002.5377410136343,1117.2108922849116,0.3515637275685288,-0.04305602518894445,131
2170,0.05836780606867177,1.9273926488331765,0.9643263813948693,-0.002482719452413678,0.0016629629280573341,2.3874083183358703,636.2977431795235,-2.4967277372301866,2.641554895465589,6.009143688494257,-0.5629669408735939,4821.100211940609,132.30149647578952,0.35430232633754466,-0.0818092363468535,130
2171,0.05853872163433062,1.9299194076544814,0.20722655708677254,0.01235469483161561,-0.01156778686879191,1.492149672976746,64.02421178819466,-6.878521448050531,0.15236724188838072,5.725567080629389,-0.5538484896498672,1234.0880366943638,890.4007249969127,0.35722629800598515,0.10753705288992355,129
2172,0.058543474377965664,1.9853251873464193,0.17706978218032388,-0.00542284630601496,0.04740081563517951,2.1271517124489447,434.12023306728463,-2.409001003402143,1.5697947398159604,5.778524380251136,-0.4854391955916665,4531.899755507316,2089.6653653704216,0.357307484451064,-0.0818092363468535,128
2173,0.05864877714812824,1.989725433098771,0.21887786472467902,-0.023637857344645668,0.018837309168083297,1.5140488041481563,338.7938995526418,-7.446185160733612,2.2709293849510583,6.033894817949904,-0.6449850620614951,1005.8378065772743,4536.404916690957,0.3591045793465364,0.057336992415686794,127
2174,0.058877333162813496,1.1733115924268143,0.7756014802213653,-0.03724774796915896,0.00031890442077682436,2.2273370318939976,350.4734937681982,-9.059078428176187,2.8804610547924088,5.953983414779693,-0.609019892424645,4886.418606771106,33.325215689573994,0.36299403509746253,0.057336992415686794,126
2175,0.058938705487944915,1.7167247697547743,0.33102035119302226,0.020699161809338725,-0.046772842594914765,0.75921577513119,526.8167071886326,-1.6634747190151336,0.4925551698966692,5.775095850135156,-0.6815994307715888,4034.7455993881795,4829.201836870577,0.3640358683042957,-0.21976266600244637,125
2176,0.059028226098010866,1.8337415506427905,0.8152155967594922,0.044951736698669614,0.04283095731715839,2.32060123984869,554.8369578808952,-7.556091729147093,2.6582993173137357,5.651283779829522,-0.8553218108276157,3514.187685139276,1940.062263156831,0.36555359239944374,0.10753705288992355,124
2177,0.05905181875993249,1.3677127941540166,0.6163086052004849,0.04828796091321445,-0.03560276035879019,0.24199993481897009,693.6258164710379,-5.719372106718021,2.428456297550648,6.024483322134351,-0.7690030469251042,2539.1666657700243,740.5846118480304,0.36595319696029516,-0.0035324461695854584,123
2178,0.05920045821933751,1.6756435753528185,0.37073135044021766,-0.03787345778696692,0.006037837341484781,2.424226690963074,766.9761399042495,-1.416392219422538,0.5048243578662986,5.723918816938168,-0.6157927528684718,4948.615223737666,3511.856465150752,0.3684671365051946,0.10753705288992355,122
2179,0.059266950262634586,1.0499514751564218,0.20277809015222045,0.047064687548135316,0.01341135773341642,0.7119519711536528,468.54097389712604,-7.327880038832006,1.6105875307482298,6.182783066076942,-0.7089948791178728,459.36395042543165,4868.09436858524,0.3695896739377925,0.017176885610578008,121
2180,0.05959466022185686,1.2555778576898453,0.23101194092545704,0.024654484320729374,0.019304452684294836,2.7709547386032214,453.63889785988283,-4.235008183955249,1.872144689010221,6.123147487092297,-0.8013851414857446,2581.971613446761,1733.275204525016,0.375103830918293,-0.13488025795164324,120
2181,0.059607027633774054,1.9902795064674228,0.5975900968845766,0.03265518842944127,-0.005418632639309789,2.0621151960853252,380.2809032859693,-2.5217211618419557,2.076399156125879,5.656742410959135,-0.8570613855322261,1939.9354412399675,2291.4967042852513,0.37531133489215085,-0.0035324461695854584,119
2182,0.059697228301375214,1.3936212890860409,0.2790314851302902,-0.045293144548370814,-0.04182245232282783,0.7033611315947798,510.54917488500604,-0.2899467019081936,1.444070586496891,6.006650634025866,-0.6316368442306225,4429.676596246542,1155.347629302415,0.3768234466618263,-0.018029612744777428,118
2183,0.05971830905270375,1.7160762239460536,0.9421679316587013,0.0424115854323937,0.019579054681589762,2.0530564729735428,449.1828390761464,-6.814990922518527,2.806690501866342,5.981554226415092,-0.6843538389023514,1435.3864344407214,911.9127684871524,0.3771765121340942,-0.0035324461695854584,117
2184,0.05973765574775675,1.9568754941319346,0.43508548126766844,0.02666575061192715,-0.007925491659614071,0.9927875695215982,528.6359977711714,-7.680145048167402,0.4506635761390046,5.797371204137888,-0.6454037129688013,4558.405790265388,923.7463868578743,0.37750042555701946,,116
2185,0.05981896271089535,1.351219592853876,0.14029522690054125,-0.014530888926152907,0.005667205935704079,0.5280489906418268,410.89841124899135,-5.26040088528064,0.5199280749510281,5.906520299446906,-0.6847692202290049,1743.3214916295105,4454.325543127448,0.37886056733290396,-0.018029612744777428,115
2186,0.059871264154459224,1.6319103756120126,0.34082817849281954,0.018257566515987027,-0.04188909280191919,0.7084911439952363,548.3872256490663,-1.3766281055336813,0.9119716612497246,5.7933722097889016,-0.7003431910369694,4683.9555453573275,4822.028254350285,0.37973451415816895,-0.04305602518894445,114
2187,0.0599530907170039,1.6369328995984709,0.1486849908473113,0.03741435498201051,-0.03783776386112512,0.5982624513410728,542.1765216919838,-3.156258346465878,2.9815634589128335,6.107374480549295,-0.6516958111981707,3968.518935631657,4934.673059077327,0.3811002895108123,0.10753705288992355,113
2188,0.060304664230550864,1.5276799432263883,0.25438748372943454,-0.04490281448500581,0.009966483422889557,0.6200160017600057,517.4580919873523,-6.678573114627631,0.051720994785293226,5.943169963120441,-0.7790636420666706,2426.2776481636142,1787.8924593338083,0.386947305619191,0.10753705288992355,112
2189,0.060312966121602224,1.0387652844422168,0.9057700528840615,0.003436206115134819,0.008962327850088606,1.8414980271573693,227.95527412014175,-5.627600127674649,0.16259279467922624,6.156223556445798,-0.6071285804010447,601.9788269448575,3060.880615982467,0.3870849619640935,-1.8600397697631286,111
2190,0.06039664101876225,1.0419237304238977,0.37824746967778744,-0.04644899240458403,0.008289754104438891,2.596191679047607,305.1410754389199,-8.586692050838565,2.4997197317528586,6.064875210533802,-0.5564394311989774,4106.8093113825835,1577.5237847583444,0.38847134557588703,0.10753705288992355,110
2191,0.06048074899596731,1.2276882949539938,0.49749508727416875,0.004294432427298926,-0.04983372308063125,0.5427681029777403,609.0053649857476,-5.53495836424806,2.607770067120059,6.02621929206923,-0.8760305120420137,53.44805676013566,760.9893499236475,0.3898629704409048,-0.0035324461695854584,109
2192,0.06048542765261474,1.0997412173966459,0.7360124823965437,-0.005349543562676928,-0.008851309541687053,2.1551461754455157,326.54803799140524,-8.199963182833498,2.3189664346608088,6.003578812257643,-0.6661679169967519,3557.8596873848182,591.4860468728647,0.38994032523179656,0.057336992415686794,108
2193,0.06094747099626187,1.0567253644986447,0.36312037633952104,0.03734735017111262,-0.003149834959166055,0.9129410323057423,333.37160345544976,-1.310713463503629,1.8328969134780035,6.197012431383286,-0.732968949194574,3114.7567561959922,441.7312788598508,0.39755021643172905,0.10753705288992355,107
2194,0.06098232090555059,1.6908491345972214,0.3006192346014135,0.01739918002757967,-0.02755264223765319,1.6798506514918485,202.91580467400343,-3.1917818676208896,0.5975669808288264,6.139916939142535,-0.579891108699579,2116.199556676126,1042.1837189254186,0.39812185540023526,-0.13488025795164324,106
2195,0.0610052608472116,1.1361975824047728,0.19391589425985328,-0.020616880030947485,0.039417036451977486,0.9454963867483898,408.6894845781974,-6.381319356399122,0.2317047825985811,5.975693231963039,-0.605605372347598,2839.1102721777297,4272.895846641901,0.3984979583051622,0.10753705288992355,105
2196,0.06108268094877388,1.2737220432403955,0.18186484016806997,-0.024282710368004442,0.011608574752977175,0.5655688408733897,475.5437850557685,-6.168856778585737,2.118545240247115,5.650568926367406,-0.7030885460979601,3005.3945930435357,3808.031630237328,0.39976622625697145,-0.0035324461695854584,104
2197,0.06125098562168904,1.3277766445161687,0.2030078564126782,-0.007966193210876812,0.023800440835070047,0.7810162974574887,419.67729146206915,-3.947146054018782,0.5974494612249629,5.973941871267959,-0.6680525441323264,2687.1648358133884,3805.5112950365965,0.4025177955317629,0.017176885610578008,103
2198,0.06130291375363634,1.7962190913587692,0.43704712760381736,-0.03998080573400146,-0.03696856219971326,1.3670410121745198,487.329966358968,-1.5389583134998925,2.0837873131355127,6.241038004202552,-0.5857542051997178,2519.301425805377,1762.417439607757,0.4033652289519636,0.057336992415686794,102
2199,0.06135774958482561,1.0546428381333213,0.7678529008729811,-0.019385577136755868,-0.005582966338844969,2.3705665375610647,483.6576302261584,-7.0680019924153425,2.0787910686434654,5.994567377836537,-0.7042179009867605,3835.6129187454535,476.71982496634325,0.40425933523427804,-0.0035324461695854584,101
2200,0.06135997824941662,1.1323853599258458,0.2648469654028445,-0.04267995403767779,0.035992004089752415,1.1900366258495632,277.87395731609854,-2.873291566793983,2.712077723426284,5.895324132750897,-0.7157919588293259,646.2087252827788,1263.9887627436667,0.40429565703769477,0.057336992415686794,100
2201,0.06146832242758096,1.920534911402656,0.9789703068980491,0.005673339211047301,0.03609801702764364,2.5479546929407118,710.6183680304081,-7.240039464862058,0.4201008833229874,5.7494377392332865,-0.7763227417859037,4411.327873529591,1407.3456066006734,0.40605981408725,0.057336992415686794,99
2202,0.06155291779031347,1.3756585471948148,0.18980563257529068,-0.01962023993324107,0.03659499474414599,0.5393766954557133,723.9463098884742,-6.34986909050114,0.8847691952023788,6.065855346108001,-0.7172873916348448,1314.8305488063993,2052.217811149597,0.4074351111646407,0.057336992415686794,98
2203,0.06200905151862041,1.3294301111689835,0.1554620074116962,-0.03772417588707563,0.015007737434547041,2.3707534388760423,612.2677512723178,-6.981912844998353,0.6146875961239082,6.1678790371847825,-0.707049680637665,917.7044492968721,3212.0603794122508,0.4148182210787381,0.10753705288992355,97
2204,0.062268013223548115,1.5729632537263376,0.18820939908971565,0.04058108742130276,-0.011939554225275225,1.9797847446772494,284.7939578453267,-3.891099572988151,1.8116473876991868,5.9485868411313385,-0.7396740513340812,2799.2196960357974,4890.729450403701,0.4189857169923332,0.057336992415686794,96
2205,0.062306187642055935,1.9927564000700324,0.389285764526326,-0.026781223162451413,-0.032766187611406115,1.013514744299893,281.66602014639074,-0.6905634000659561,2.344782132998357,5.63929217074906,-0.7255846734524312,3388.8835794159295,1591.111098055795,0.41959859541239064,0.10753705288992355,95
2206,0.06230773154779327,1.2208399036873292,0.16949301815624215,0.031435811266243625,0.013249401385093678,2.3893397168032875,503.1145426435553,-4.295950522989709,1.5629984516854816,6.111572585095987,-0.8285100598801342,2224.5483630032813,916.0051373236632,0.4196233744378527,0.10753705288992355,94
2207,0.06241290553277173,1.34003655440345,0.2606008112473836,0.011716930909521226,0.02444465160894994,2.808463385523103,484.75216130057555,-4.260329566917709,0.7708612945308716,6.14187199951927,-0.8348352145178156,2896.7092537860626,2786.3857914432324,0.42130992788033117,0.057336992415686794,93
2208,0.06251609645422519,1.978398113999806,0.17319238271035292,0.015549856649587555,-0.012663819038164789,1.4360742495413643,115.24531626765884,-7.704908224399343,0.2608440434179421,5.765135805862905,-0.5392107568942924,1383.5087866285041,1042.2467197508188,0.4229619213050395,0.017176885610578008,92
2209,0.06270675748081907,1.601813132623909,0.24554745993563634,-0.001973285447129587,0.011539688172959155,2.981305723905943,619.1722122686064,-9.08309087539992,0.3586097221502277,6.11915961193218,-0.7960983614480236,2685.799249885428,2705.5174532000356,0.42600707109896496,0.10753705288992355,91
2210,0.06273338273825746,1.315971683899136,0.14424449423266975,-0.02218030235000667,0.021420914333356644,2.924692849907371,698.8790463786269,-9.580796275126097,1.8868746324937806,5.991437300689795,-0.5221984748757844,202.85394732851526,1072.1197272660133,0.4264315804751928,0.057336992415686794,90
2211,0.06273839011456304,1.2802335723790157,0.24055308688742047,-0.014037868775906067,0.04560287866695368,2.1874649272158977,665.335852029187,-0.995152392556404,1.275690584397631,5.903085561469062,-0.626164216129444,1856.4389458897156,2888.3040256135423,0.4265113972529879,-0.0818092363468535,89
2212,0.06289558744557203,1.694784284244685,0.593420507826839,-0.003219069046923135,0.04151674019082683,2.336722232303077,620.4354962756054,-4.751033123008446,1.0222687774800567,6.069747882493302,-0.3809461784509405,4610.421510353789,3848.345013684915,0.42901386380059536,0.10753705288992355,88
2213,0.06291175520465916,1.5500932297058412,0.14397643182291023,0.012355267482033321,-0.0154929673430249,1.0525709216706138,262.17553426082173,-7.5335650147100806,0.37540662809639413,5.596181826247443,-0.7388053225854226,1195.0261199794888,4862.003975579155,0.42927088789530155,0.057336992415686794,87
2214,0.06292599681634294,1.8918538571107375,0.8360978281469005,-0.01964953525031995,-0.0330601695636683,1.2335246879977662,686.4720964698276,-0.6420728239427872,2.8257554548572594,5.620938178893187,-0.6906132077561424,273.22623563023234,4487.621698992231,0.4294972366899381,0.10753705288992355,86
2215,0.06328268310476567,1.3303425942526892,0.14571324406406758,-0.0233460721223942,0.016437410725666814,1.0487717843158986,280.2146562574013,-4.288075153347369,2.2820501194213647,5.820640708782451,-0.6340095465597034,928.5694130542594,4149.5637082607755,0.43514957753200667,0.057336992415686794,85
2216,0.06337566654012818,1.385051371012469,0.3088446874954402,-0.013399541547776032,0.02240077904156891,1.1572800547511684,596.75212857822,-7.269180722668793,2.1263255160151124,6.161350213121388,-0.6755744531585295,3113.801682166939,102.23236629434268,0.4366178337082024,0.057336992415686794,84
2217,0.06340250679590997,1.2042772861679645,0.22314764596739792,-0.0315790982139229,-0.019431617397511612,2.5767722402705666,407.0369773872184,-5.881293952305192,0.7697292958088613,5.712279921733685,-0.7937207307531716,817.5905055486635,3750.0418038213866,0.43704125448285813,0.10753705288992355,83
2218,0.06347412500442713,1.3719442375294504,0.2531144165708119,0.02185292957830158,-0.005930464949080741,2.490754926978445,402.1506959085994,-6.264435132331413,0.45838787231182426,5.869198340825444,-0.5810919369933154,3106.4071144607997,782.9061817875912,0.4381701970644587,0.057336992415686794,82
2219,0.0635102355196681,1.5430244134628894,0.9782899294024795,-0.007724006954448159,0.04575877801052862,1.682810642155428,419.5174420138251,-0.44737706285861134,1.0459970869928155,5.8740239038666955,-0.7297156952351276,1586.4496966898685,3254.733646233185,0.4387389366488579,-0.04305602518894445,81
2220,0.06358373516848365,1.0426250492136375,0.18322169149811657,0.04623356558039416,0.013082932477687687,0.7259140739670239,454.609992737903,-7.315043476534082,1.5270625993112876,6.190885692401935,-0.7067003881109983,280.1075901464958,4727.6608938526515,0.4398955557490756,0.10753705288992355,80
2221,0.06362393775179233,1.3352054005768144,0.8940662778980447,-0.012287233973773215,-0.04074445580383353,0.25525346213919015,628.226071569158,-8.004419725100941,0.3442219041523206,6.030503141832454,-0.8558318284395741,3303.6898974918186,1535.305179389712,0.44052763373185133,0.057336992415686794,79
2222,0.06366258300178197,1.0198288151209671,0.5301828792780953,-0.014520295844001356,-0.045034235147067565,0.3818196467840101,615.9190027428114,-4.169452162199216,2.294694492845906,5.843995504999894,-0.7836834186009858,182.5587098552322,1984.8023629354668,0.4411348504418099,0.10753705288992355,78
2223,0.06382713222313509,1.5009777295236006,0.22954723819620346,0.019805195064415932,0.04692637441610687,2.284398822922733,613.7878845777022,-0.06186727926764406,1.8182783179424395,5.836614013829344,-0.7209421582196955,444.11282519811067,994.9138600405529,0.4437162243578884,0.017176885610578008,77
2224,0.06384675579160706,1.6018651115096763,0.43413172975247993,0.005468708682121668,-0.016931086507506635,1.9017531479753178,337.86980925238424,-7.380178317350698,0.7184183416966318,5.987000126814933,-0.561759003311851,3401.714978294551,850.3427100403378,0.4440236257996448,-0.0035324461695854584,76
2225,0.06385255100942042,1.2921385526864806,0.7959896760204805,0.033632006638437635,0.021286118076150013,0.9020036497544778,314.35885029731594,-0.8558268768337053,0.2192229846412067,5.515887087097137,-0.5551529822060592,2954.054905517155,4899.887643556373,0.44411438929653224,0.017176885610578008,75
2226,0.06391637901393023,1.3791049307876686,0.4113062225900413,0.012676426417024484,-0.028779531360443755,2.229154677327351,313.89076784931797,-7.435649115578361,2.820691263294784,5.955578521425823,-0.7639322343749531,4384.124281762018,2234.4787201253384,0.4451135055888771,-0.04305602518894445,74
2227,0.06405300146853704,1.4980099837879182,0.3021161523357458,0.0323993567184874,-0.034964704373827926,0.5388556244261367,531.2421296778396,-0.3827398761703552,1.0622218319123935,5.769909157405637,-0.6839910354082919,3719.6103576022783,3925.1758951866755,0.4472487430339602,0.10753705288992355,73
2228,0.06412697414884933,1.5235644012270213,0.7952702834387715,-0.00341729588482649,0.025385816262982676,0.9847675112324354,453.5648758639032,-4.215124018575808,2.063708973272008,6.054574262476734,-0.6423107610081037,21.76413308174609,1191.2735007172007,0.44840294341772124,0.017176885610578008,72
2229,0.06416517516648682,1.6396639622348748,0.20587877423677006,-0.02086070016162358,-0.03309307349289442,0.5730870794344219,622.2681213856426,-4.573642004087972,2.3793397008506676,5.8362117498412855,-0.699804835678286,3192.769669243144,2982.254740270442,0.44899847508463075,-0.0818092363468535,71
2230,0.06436294646960607,1.0250586454926058,0.5750000202378032,-0.02943021519690877,0.006859761547583527,2.548129246291427,338.6558770859364,-9.484809346490351,2.0021225019716318,6.053793098612027,-0.6179699064675723,3643.926523130302,615.6927488715371,0.4520759565990389,0.017176885610578008,70
2231,0.06445080133619584,1.633402969258961,0.15307952406959976,-0.021567474860705853,0.02295573713351085,2.76914268858225,506.29374735597185,-4.9626356550199,0.5458189846517344,5.970553401301657,-0.7468500333730009,1882.765925247965,1519.8939833997924,0.4534400172169135,-0.0818092363468535,69
2232,0.06483404372933102,1.2724319249080212,0.2602824669417131,-0.006855538971869392,-0.042265467984259966,0.8022654488437306,525.1407730773792,-0.8441136278531847,0.33599026729202647,5.93160744488452,-0.669359333788948,3527.3402261980114,1156.63679422484,0.45936868604880166,,68
2233,0.06484692843898428,1.6557284985453558,0.4746269938231109,0.002747518353763439,0.038216018951411704,2.14990502620466,621.4536632337467,-1.39594544084009,2.7678397380953,5.94481687040141,-0.7119222962496684,735.7613533704127,1161.6073447710585,0.45956740000783847,0.057336992415686794,67
2234,0.06489650539262563,1.9921487838458183,0.14636030191863428,0.014661243771832718,-0.013922182339987321,1.2620754016658855,142.36000070757535,-7.903308063624323,0.03159914646905979,5.733877993933229,-0.5734745384578411,1684.1326327750107,758.325104453958,0.46033163068355964,0.057336992415686794,66
2235,0.06499456536588874,1.0493456033055717,0.16749061098515655,0.04313084752565833,0.0045556657498673605,0.7808598863953055,491.4401288986463,-7.080451619223342,1.7824828608976018,6.185330395525581,-0.730333697426848,448.324345882803,4448.239084873218,0.4618415110982764,0.10753705288992355,65
2236,0.06504914223189089,1.6099257651153784,0.1605617767857501,0.02766237307120773,-0.022215805464759777,1.7807904433211095,275.9061130559776,-4.5108891571134135,1.9496285476466237,5.908398035297547,-0.7680522412759709,3671.616636476871,4067.474528784863,0.46268087303612104,-0.0035324461695854584,64
2237,0.06568963531530703,1.6448502330359736,0.1362522064678782,-0.03981962442710103,0.049972352399531746,2.4179424877126423,417.6331029191388,-4.961305655483935,1.5786403772369388,6.07324137342999,-0.6068651152001987,2764.3406088374995,1046.289309379641,0.47247900974131785,0.057336992415686794,63
2238,0.06616963588667643,1.273245848376727,0.33361854536361607,0.031219369010348965,0.03230212080808584,2.476126036457653,718.2555295333706,-7.48250505766399,0.3000531097049049,5.767138013940359,-0.7523959010386895,319.25083899397436,1033.8697634721234,0.47975953976759184,0.10753705288992355,62
2239,0.06668349467614135,1.3124836686600037,0.21737916162413087,-0.02590637613678551,-0.046847254699785484,0.8016899940475583,562.8489466088997,-1.3854014747478043,0.855829071616446,5.991664224665885,-0.7057131948099392,4366.233454029858,1727.5113011501114,0.48749532062311607,0.10753705288992355,61
2240,0.06693500002638843,1.653792480491585,0.2884863047710108,0.048399905167307605,0.03249618123681534,0.9952166595246292,523.7070548180226,-7.273567535005499,0.9708634748958824,5.823917549868804,-0.6431217642924095,1158.2816941310377,4742.403512389726,0.491259854085767,-0.36193846958134623,60
2241,0.06706306542305429,1.2941721060185183,0.1556797219645212,-0.006437877491346178,0.011374625177238588,0.35574485966098707,376.3771097899312,-4.219272066278844,1.0362540035866494,5.824409730312118,-0.6747540812456563,1802.0214520803238,4964.588876107109,0.49317130609412096,-0.0035324461695854584,59
2242,0.06709191615746982,1.5711708239894648,0.24978610416947175,0.03226840834286035,-0.04726469363259305,0.8812924801641494,528.9935567969917,-4.39691594066161,2.952619565423768,5.9847466235570375,-0.6812577366460483,3659.28112528929,4931.833930878378,0.49360141662034773,-0.018029612744777428,58
2243,0.06720409220904608,1.1918291067250415,0.5036222449543506,-0.01392570496443851,0.03270952236342189,1.8921911617731904,265.48401353832116,-0.06543092388359883,2.1561952487884035,5.692662482554721,-0.5232697733546755,4488.717523529024,329.87627935121384,0.4952719960966723,-0.04305602518894445,57
2244,0.06748149280444653,1.9785375076299019,0.4771207150739507,-0.043885405819949,-0.043476370812879694,0.6975840184774458,301.01865231978053,-0.6854766519997973,2.6991358011429094,5.74288150689549,-0.7632614849178117,3413.117577551704,1078.610486512481,0.4993912340629141,0.10753705288992355,56
2245,0.06776063957708854,1.583616330031512,0.2324475103509252,0.048438602961285285,0.034478815444131214,2.2191579999745943,486.56181109364917,-1.28382905210827,0.9273697259906669,6.07592369308022,-0.5199225851195112,630.1289957342036,4333.336486549609,0.5035193436119705,0.017176885610578008,55
2246,0.06788906583108593,1.0028709516462677,0.7009825751948711,-0.03313492452553993,0.003194819301135905,2.5650855470474867,372.2890343508881,-9.73089488342242,2.293185240406654,6.036808507473785,-0.6613353877234948,3988.246351910716,78.59370211768685,0.5054128426355493,-0.21976266600244637,54
2247,0.06812007614259105,1.866734919791571,0.6754768422747848,0.04043961892343542,0.030178274732104438,0.9881229129506174,547.2681439641548,-4.824513921316687,1.9835715006296493,6.1143684761240635,-0.7033580639380085,190.5605440367018,910.4986844285575,0.5088098280190114,-0.018029612744777428,53
2248,0.06825817241645461,1.499698383408421,0.5346122301311841,0.03646897184860091,0.019254446606421893,0.8084805382588037,365.3964264855545,-2.0879974272433697,2.0726097531406786,5.756011168886572,-0.7805656137542356,4269.064860238189,4010.277407689069,0.510835023715841,0.057336992415686794,52
2249,0.06834816990722106,1.0538886950950384,0.6888034148971545,-0.04528966123213335,0.014056053319216437,2.863399787007997,442.92176522799633,-9.273728131146836,2.2815511432514004,5.984911577122352,-0.677856413366909,3642.7535318267237,636.0722507087909,0.5121526419501912,0.10753705288992355,51
2250,0.06887379064192567,1.0098257425812143,0.7373217022986849,-0.028818197618682997,0.025721097226087494,0.39741681117955374,520.0550581943322,-5.449037649715214,2.9771103472959326,6.045990333717776,-0.5823942675422615,3287.324599891169,4616.017025742897,0.5198135630346846,-0.018029612744777428,50
2251,0.06904556691667248,1.5553838159863005,0.5078329859501804,-0.0418916402156169,0.011915849511889311,2.4362939336205542,716.4756357618899,-7.2357136261523545,1.683592369007511,5.848908180666917,-0.5672479960701465,857.6010112534669,3424.2184802046822,0.5223045311860708,0.057336992415686794,49
2252,0.06908322470580186,1.986099035088697,0.9001935824478783,0.01231987502035895,0.04288171137630447,2.7414666005026853,782.0642450172481,-7.4112540985081905,0.4673867109256853,5.787150001771551,-0.8375712518242231,3810.8798424111646,1800.7487538499379,0.5228497873867539,0.017176885610578008,48
2253,0.06911118742966298,1.5774302479359659,0.20914816727008861,0.02418208575688008,0.03513708247870978,2.325120802974606,675.8373067484915,-0.36102290343366716,2.3458477650954817,5.807176768087327,-0.7189372339228844,456.02402471676936,1009.149715813712,0.5232544741437708,-0.21976266600244637,47
2254,0.06941205030904767,1.453888168578688,0.7602523338684523,-0.033392140623877214,-0.04028380601840744,2.0308201036753615,542.2405854523599,-1.1868640886736164,0.8845721222399501,5.928190551296859,-0.496305185304273,4751.9250373288605,3486.9823056673663,0.52759834247059,0.10753705288992355,46
2255,0.06970733581737784,1.875052140490793,0.7638305435376717,0.03973366260887541,0.021766566960019978,1.7412611256641668,457.1944159659872,-6.281783373114679,1.269993005780372,5.871810239493819,-0.6547923096714273,2122.5506418875398,3804.3197941901426,0.5318434151378435,0.10753705288992355,45
2256,0.06977335156472916,1.0353125270333314,0.6869813956803824,-0.030203222591965527,0.005354056472032983,2.4451703138074334,362.0082685160703,-9.745813823093282,2.3679089603309538,6.020364928342359,-0.6044875974002245,4165.307627421996,754.3976159314547,0.532790008584153,0.017176885610578008,44
2257,0.07035175010521462,1.744069614623841,0.7572691597908844,0.04496837763886876,0.036415798119260795,1.089191133335894,366.75180432917534,-4.565380056188682,0.7332074925842682,5.604245879095362,-0.7240424271857969,307.2415930345101,3052.962191236705,0.541045514822138,-0.018029612744777428,43
2258,0.07049718869455383,1.3542461963387091,0.5889524522448001,0.025201555760897235,-0.017044305818177435,2.1259137078890324,276.0605509055219,-8.007493736894862,2.7028072249994888,5.932297652516308,-0.7244047068726011,4544.008939282936,2097.019505075363,0.5431106868038134,0.017176885610578008,42
2259,0.07054772987950002,1.587355686118421,0.38147030234884066,0.04692516894403622,0.02668548923023051,1.1128626736025196,447.5466062241924,-1.2614234256038197,2.4295196933828715,5.756699478895975,-0.8615721539556641,3413.1894049849643,3412.3351972488867,0.5438273547649203,-0.13488025795164324,41
2260,0.07069975061712525,1.8650309775899496,0.5262855702568849,0.008498280880985394,-0.03843105048777323,1.142846624149762,644.7065814652783,-1.917941902385866,2.5008841343704873,5.9376329866051325,-0.7477927596243051,1390.090986042551,3910.776859833467,0.5459799000109008,-0.0035324461695854584,40
2261,0.07120692381640764,1.8633027132868858,0.5181664356509667,-0.028353215117200337,-0.040910424075249335,1.3486967211650205,432.8189257624131,-2.4194998103133063,1.6663144033211474,6.192911752603591,-0.5663925385501628,3490.351184343784,1899.9422581463748,0.5531279127561414,0.10753705288992355,39
2262,0.07230542422834027,1.4790711418496023,0.9130142422782014,-0.00872724593365774,0.02062194358992861,2.6483858073251985,609.8720402581172,-3.1882763711122144,2.8461136472239508,6.063435116251828,-0.5500659543111139,3047.784859397485,2658.6947290108546,0.5684370047093819,0.10753705288992355,38
2263,0.07278217341174555,1.3947068330091144,0.13002016128915417,-0.03285365270464029,-0.007170421128255721,2.686535712087743,709.963021327689,-6.415782393604168,1.347200956467099,5.869560446623263,-0.7538731422664957,1813.1034384684026,3485.1408428274203,0.575008908952832,-0.04305602518894445,37
2264,0.07295850823839051,1.697348647943618,0.4471674036663266,0.04826574254776497,0.020724131554325308,1.056936185416396,319.28770647106643,-0.4739275900390558,2.589616505580374,5.671334085215195,-0.7688650726467822,4645.035737903363,2178.0804009635967,0.5774287537167577,0.057336992415686794,36
2265,0.07328265300259652,1.728136069893849,0.653139701518643,-0.011695071250788277,0.0050112315038999015,0.5437905962850503,521.8098682396632,-1.6924664832126044,0.6536765328183586,6.034005297857002,-0.748084030758556,4135.9241742202485,4368.293268001055,0.5818617778022785,-0.13488025795164324,35
2266,0.07396051146115833,1.6008205988958475,0.5523359295343686,0.04130008473442216,0.011789838400125511,0.1524571177534998,795.1370318799787,-5.94479268463857,2.099147886445119,6.0129288647049535,-0.7153710166920975,3217.6272954651517,1689.2645346998922,0.5910691763240156,-0.04305602518894445,34
2267,0.07407894804164714,1.0208307807041865,0.6774501833717166,-0.02848956798733116,0.002949340515124391,2.2290035625952855,401.1905719125057,-9.972925029566355,1.7686614849767344,6.071940863147393,-0.600412701901283,3656.3909681248606,1160.122618870176,0.5926692443890474,0.10753705288992355,33
2268,0.07459478560141905,1.3796610255749084,0.1415398593030287,0.014001771368697903,0.02916671784405827,2.7987592225763556,509.65124689361346,-3.6508207486945583,0.4334476976920276,6.116497671188984,-0.837658350962236,1738.610119579577,2800.4510994633706,0.599608461116105,0.10753705288992355,32
2269,0.07477857985503421,1.565337784660626,0.7779214920264004,-0.0065016112203898,-0.03870148660523984,1.4221658145031892,156.83528660907282,-7.194213386689229,2.3542847201397694,5.75029596040801,-0.7150887308221866,875.2518926446882,170.06886024223496,0.6020693328492426,0.10753705288992355,31
2270,0.07482391388813701,1.2318826031098822,0.1538278910514822,0.03514720232773449,0.019184553842087382,1.6947666426290773,119.87343111106611,-9.349570227682749,0.35093714987771857,5.971313514450831,-0.8493439160213007,2300.1131873451745,4621.466849725984,0.602675392726411,0.057336992415686794,30
2271,0.07493882823863507,1.0061803965030107,0.6892528756711981,-0.03183156825390351,0.008958971789937663,2.5834049207348437,367.25771452039834,-9.402769753413708,2.388184229620823,5.979233854354527,-0.6537172276006442,4237.270093123891,211.69914869244494,0.6042100117033198,-0.018029612744777428,29
2272,0.07569927164036958,1.4257867721860666,0.19088513688012174,0.013099251282051624,-0.0007315945178747452,1.2858446775602994,249.64275221551569,-6.326079091065915,3.1369052842896505,5.563700246780783,-0.6926912197842081,1995.3287681201236,4267.083439859835,0.61430639319121,,28
2273,0.07734486220670803,1.3206399488080138,0.1996690231972137,0.025030816979129372,0.0431404195247971,2.532814970602324,668.7820346666705,-7.204977983098855,2.0645671635324097,5.931623044370272,-0.7307848991554766,510.7860602144942,257.41400900464726,0.6358120065996757,0.017176885610578008,27
2274,0.07796228187898754,1.710900204731238,0.16784009827214938,-0.010448706808768943,0.029645210248668334,3.004736226288594,486.50044226216494,-4.6214043909983955,0.7903238246037764,5.983479953508026,-0.7347622933086818,2194.302269397718,1895.7734166628184,0.6437629985336857,-0.0035324461695854584,26
2275,0.07809356352466473,1.6435973229090233,0.18752961748300515,0.04740624143083638,0.004399399744790031,0.35753470555933464,498.0479455581669,-2.1008042487105536,1.043644099656392,6.250586861975513,-0.7606284237224854,2047.629723778264,742.5834138580628,0.6454454946466361,0.10753705288992355,25
2276,0.07840827313111895,1.2664154575871012,0.17552095182873906,0.0118922479450222,-0.003242045180315483,1.10154909230142,215.44315922703674,-7.123099380393645,0.06725139881523931,5.633869022266544,-0.6788245150168987,2302.5030488694565,4141.7289165635875,0.6494673008743441,0.10753705288992355,24
2277,0.07875380734265407,1.984226328077642,0.4422645745426003,-0.03252453468489493,-0.0038660488915269737,2.0236947356900106,439.5102599347475,-2.4008369373113863,0.42629414885435707,5.951515592286519,-0.44864575847414,3574.8610126972903,1182.5809918963055,0.6538644781990524,-0.04305602518894445,23
2278,0.08100911750971848,1.3094985776018255,0.3858331636650159,0.019291222798686985,0.01769853624709457,1.5423555380447886,104.59283861485343,-8.919293011828628,0.41852080831624966,5.8311985841389165,-0.8004389693182874,2552.190862677993,4580.608345265557,0.6820995646398962,-0.21976266600244637,22
2279,0.08140134167545038,1.0729106018312728,0.9930162524199825,-0.02020642305160611,-0.0048005110348276325,2.415549099460777,282.7646289843099,-3.188179985181093,0.6553113790803808,6.005813227476,-0.48900195193109225,2515.7578903341728,2323.110904465227,0.6869296098257385,-0.21976266600244637,21
2280,0.08198871638944638,1.6308593999185923,0.6192663704431122,0.033774671453147956,-0.004457709827704697,0.7903670017110415,599.3595641130003,-6.821286807759719,1.6246073540618593,6.200477052848824,-0.7784600168668417,1615.1613282944304,464.9844012461377,0.694119487242752,0.10753705288992355,20
2281,0.08259479281452535,1.372075582000148,0.6680734133820585,-0.02030435733877241,-0.012567154386440583,1.3204920599345187,539.2661547565151,-2.760219912485371,0.777564573097993,5.975999116359642,-0.5958255736177079,7.167986474155899,644.5647755510695,0.7014844920070793,0.057336992415686794,19
2282,0.08298470892030015,1.2670925016255101,0.36658045565576713,-0.031525126814404975,-0.007173011706031975,2.6162640873420377,505.48334706241815,-3.7050041779885086,2.7959596225571515,5.945482236395239,-0.5478621126662253,1872.9599364446385,475.09058858531756,0.7061942154019754,0.017176885610578008,18
2283,0.08344515284693207,1.2947856398682303,0.2673865555117283,0.039681261388342985,0.008087953598248822,0.38557550029054405,597.627804224368,-7.172092673930943,2.4827441820641827,5.895081244181074,-0.672486595515641,3120.2364877878604,3925.3270092675316,0.7117274183560727,0.057336992415686794,17
2284,0.08345211413998446,1.0819444715200779,0.15611619773852495,-0.010094525746579234,0.0013708722469622514,0.6533296102835512,227.23479448305136,-5.622139151153664,0.22019246385567592,5.934645312489829,-0.6767630797637244,1862.6721421333702,4568.255309723936,0.7118108384525423,0.10753705288992355,16
2285,0.08359624618474547,1.980693776599109,0.19169217375017392,0.014227457106781811,-0.016066529624546765,1.2892210715154582,126.28563842769131,-7.882088239066974,0.18098997892752844,5.745684787847789,-0.5550771645684502,1528.866387930965,1165.7946187708162,0.7135364714398635,-0.0035324461695854584,15
2286,0.0846341628569969,1.7954218832967839,0.3697059668394968,-0.046342921834296856,-0.02644960770768557,1.5804283791901979,362.22381264830966,-0.6019106486658568,1.989493206829276,5.883257904235191,-0.6630904320138783,4546.414491698644,4405.559759163727,0.7258758558305705,0.10753705288992355,14
2287,0.08535445110435969,1.1337441033416047,0.14115030819313262,0.013761664668917444,0.01718301710075735,2.524950782913462,406.5226012501328,-3.8619453394854517,1.263844805966399,6.10782865251588,-0.7544950093157066,2101.0132719480607,2150.2224850321977,0.7343504535277436,-0.0035324461695854584,13
2288,0.08615134822672738,1.101698853106028,0.6897414768608979,-0.04856735374437855,0.021180245189072945,1.2707895639205482,206.0421468452338,-0.7358954413285166,1.325954185041663,6.215234272057927,-0.8026730837943435,2755.884423351961,4052.865556857738,0.7436434670640489,-0.018029612744777428,12
2289,0.08710167017136645,1.7455311010509837,0.37067127785183995,0.04325335537756539,-0.026510150278029897,1.3987629931591739,404.1643426459151,-4.820812981683296,2.5924170013675387,5.726702013896138,-0.7418312012100401,3941.574604572025,3386.524976288657,0.7546139134597138,-0.0035324461695854584,11
2290,0.0876648017566905,1.3362435311513954,0.2054766391817244,0.009594171989877786,0.02040826793845397,0.6162274658850927,450.25711133303207,-7.117075986244494,2.6402108652497915,5.685121404443995,-0.7882706662809983,2074.057895377519,4918.255347414801,0.7610583249996958,-0.018029612744777428,10
2291,0.08786145545337257,1.9080237109533742,0.14069835171723796,0.010697403542034432,-0.010965456542350769,1.524785585479148,198.90738770193633,-6.955153705489992,0.6980512142040258,5.814885163966052,-0.5709382054795424,1765.853504077447,723.1540399186952,0.763299058461337,0.057336992415686794,9
2292,0.08810574805407731,1.033239184870381,0.24624678355163357,-0.0366224605010887,0.04966476869168402,1.6356938726824375,296.0952445863493,-8.64412070614313,0.5957571342510699,5.820344137238953,-0.6347796971437868,3434.384057152976,2899.1931977511854,0.7660756299221577,0.017176885610578008,8
2293,0.08889606461231518,1.135449234262273,0.14506780269363453,0.02356159080517997,0.00023780702808158996,0.9338081667537099,275.9348294348941,-3.8425313196329296,1.6687017009789848,5.909039484680061,-0.5929590617312049,4581.025182083361,1309.0479510691725,0.7750057284156984,0.10753705288992355,7
2294,0.09449219105561844,1.1373306812566817,0.6788642964709667,-0.04366416235518551,0.025877928766941574,1.064491935071414,232.4816905361117,-0.2501833025630778,1.5885137462329701,6.221272374772343,-0.8347274020421934,2517.5102317567503,4177.765345155024,0.8360550512068965,0.10753705288992355,6
2295,0.09758506496906395,1.0510379310686184,0.7926284111309164,-0.025749398601775636,-0.029784923748980133,0.6067842736909888,762.8725702728241,-7.29375733247351,0.7839864198424776,6.061452417796916,-0.7079630261460138,1110.549141938484,4608.7470146647665,0.8682623133055902,-0.04305602518894445,5
2296,0.09907945295838719,1.083926849426085,0.4687057758731274,-0.02785209785455272,0.003724545041555237,2.364098889252837,296.01765238362594,-9.011229343560128,2.7031150686793546,6.111628161449053,-0.5783552161291575,3763.0771618675217,1233.49422951179,0.883459937848333,0.057336992415686794,4
2297,0.09946666409793256,1.6402427513282842,0.4563889949895447,-0.025519008037953653,-0.046343831412419365,0.6471148041773761,666.7954437751409,-2.250069139069132,1.809667166369427,5.9233084308008745,-0.7568937535342559,1425.2120216602698,4837.5744470471545,0.8873604082901075,0.057336992415686794,3
2298,0.11831129415545026,1.8931889329254026,0.6950767464485085,0.023628323526904284,0.01417000506430026,2.026297478186688,365.0748164325761,-0.6429890752010924,0.19662854776811975,5.76316937674759,-0.7528080923237995,4023.989750299109,2708.4883699616335,1.060857091341287,0.10753705288992355,2
2299,0.151738803506648,1.7771576931435131,0.21217735648544117,0.004171193758475677,-0.02105333585761772,0.6335545177404491,621.1291033356514,-0.6030698672129906,2.662966565649411,6.102935774777869,-0.630091657434392,2785.7443428964,1602.8788589213264,1.3096984991779725,-0.04305602518894445,1
