,,M_c,q,s1_z,s2_z,iota,d_L,t_c,psi,ra,dec,lambda_1,lambda_2,logL,logL_birth,nlive
labels,,$M_c$,$q$,$s_{1z}$,$s_{2z}$,$\iota$,$d_L$,$t_c$,$\psi$,$\alpha$,$\delta$,$\Lambda_1$,$\Lambda_2$,$\ln\mathcal{L}$,$\ln\mathcal{L}_\mathrm{birth}$,$n_\mathrm{live}$
,weights,,,,,,,,,,,,,,,
0,2.929384004628145e-153,1.7883309023376157,0.6157516493645637,-0.04718007590483284,0.013949739834511893,0.9680273451881221,20.747596789333077,-0.9913955032438988,1.5698129698743744,0.44889997388298375,-0.21036615418360896,3863.2859951910627,4822.82573795757,-351.7115792535077,,500
1,6.53985338899182e-90,1.8941795669179564,0.5003586796393837,-0.01652486924691106,-0.026643039912771817,1.466319718861158,23.149568134222434,-0.6694933772137563,2.0250424112701766,0.4250685817634946,-0.2839064866180357,3626.523693507102,137.43084545386307,-205.84559581084807,,499
2,4.754865349946841e-74,1.4091826755785573,0.5768844818062722,0.02728273476866039,0.0148084021882771,0.25785623580736705,30.0572229178446,-6.706884054539035,2.0113091751976007,1.446572541569753,-0.644311807380772,202.6466048483133,635.6480786915808,-169.32298069255106,,498
3,1.6348996889669371e-68,1.478249007671059,0.4928914109887577,-0.0008818530401546246,0.043653045113447767,0.6817600148450405,36.72909823086049,-0.29401263352333373,0.4709936685850176,2.9549331777109282,0.2617049593626141,4155.840179425831,2381.4372107772874,-156.57505706245826,,497
4,6.978895601839584e-64,1.7173234881836017,0.8117406286747304,-0.020673889226496756,0.028464468294298856,0.12185023062771429,30.729732856305585,-0.8572395934547004,0.9622886657707033,0.8958951220003657,-0.006590108396671097,4279.456005332164,2994.7502626396795,-145.91340745961185,,496
5,4.636776680675584e-42,1.483780000694366,0.7817969851092963,0.039074173830230374,-0.010358658267790588,2.4753081461705855,50.38580743242723,-1.7880282512549783,1.5577118991783223,2.4707233997658604,0.6275928303091616,2647.251410510989,2602.2932235835474,-95.66540665081966,,495
6,1.3982483065369174e-33,1.1568292957707136,0.2695405262589736,0.01741264151483439,-0.003266595629209411,2.5107313010362637,36.46775808433547,-4.7336170163065265,0.3628551643003458,4.572176967540844,-1.129065070782882,2828.289698437654,4663.869216404276,-76.1409400142315,,494
7,1.894009584811554e-26,1.871591005875181,0.20890391376571593,0.042206390237149144,0.0026729421394849004,0.891102024150943,50.030880060569494,-8.349931798692829,1.1446225275946484,3.3372651481057236,0.09208669104987453,2708.2540432003752,4465.693647679961,-59.719368551491954,,493
8,2.3639808378003914e-23,1.2027928769298617,0.384382627680419,-0.0005023588000657303,-0.009286873041555621,2.166326899296373,37.814290196069344,-5.338599410032163,0.013364194889353342,4.26184830129914,0.8970321573477691,443.1764466189081,3885.4466155323053,-52.58996233420588,,492
9,3.1655737548338925e-22,1.7968989890033003,0.4224884647012974,-0.016762227551122957,-0.043543957711836126,0.9733149606164773,53.58991194438306,-2.3771122460117926,1.3291301788173855,4.0534137230494425,1.1333989319243192,1869.8070721947768,1021.9532540427346,-49.995389914570595,,491
10,2.003958756314877e-20,1.8291033565965211,0.3683079288563822,-0.011009073380469282,0.030581778948851876,2.239279889424151,34.5160608023005,-6.444555590534009,0.29486959319111816,3.988017427184052,-0.3767630077048329,1320.5087516460446,994.8753401111876,-45.847429446567716,,490
11,1.0704214377649162e-19,1.621545148685306,0.6147854570062643,0.03202088292489676,-0.01873701439100644,2.3687452827343285,37.41389400724756,-4.722122602326406,2.8516365728924495,3.455908309508133,-1.0960704023346475,2240.5463314502827,2800.808404838587,-44.17191651790472,,489
12,3.4651601914596505e-13,1.7476567442381212,0.8216419685200945,-0.04611467541659584,-0.011449332309726022,1.1257222204120727,60.420506463703134,-8.517980218335898,0.9662016145257801,3.7756592436013836,0.5546253276836184,2125.5661160803675,673.8389674314949,-29.18169953506427,,488
13,5.999269623718691e-13,1.8488926297343604,0.6233889474272296,0.015969085046462925,0.02898012335577141,2.2224625215812663,51.183524647216096,-3.419626638188431,1.0715522150600674,3.694032622093246,-0.8580475548665828,1916.6576163469529,4809.9240487568195,-28.63282066550079,,487
14,2.401234867256459e-12,1.1856696435042189,0.4797181823286415,0.0466198609609422,0.021144935176321183,1.713318059145702,24.969478242021243,-5.050855137621186,2.515267432610532,1.449868542099043,-0.39113374400581613,2460.8241588851233,1487.0780928328631,-27.245890171891713,,486
15,7.379076781635588e-11,1.4963995935428287,0.20124373901078307,0.011725752912809126,0.03376055524692233,1.4398699116279965,30.580275563507712,-5.230495229296435,0.3224193114126489,5.9560655117083,-0.020172755558108286,3397.2036591249366,3035.0527316492603,-23.82063967850324,,485
16,3.148104862941029e-10,1.0500379654533722,0.5565059509635142,-0.0009971647504387407,0.03476610085448158,2.302959303918827,47.82175652385242,-0.5954829629981653,1.2921161561006886,2.3930381498678286,-0.04668970743869977,4717.718596203744,1538.5335274710899,-22.36990247798414,,484
17,1.7245119860441405e-09,1.4607704313114414,0.6500321280840637,-0.011123131303679014,0.02554109188526754,1.445915121919158,50.57183062445277,-7.421162107565131,0.649762212217263,4.704675581619237,1.2932931437098043,677.9403338318257,4743.96905789624,-20.669173922146246,,483
18,5.387818329947174e-09,1.1141652001005304,0.31612858893073387,-5.062410142267493e-06,0.033600465126231646,1.9016781162602134,30.48957580110061,-6.792809641630065,0.9821990795248318,0.12545321198722503,0.18545507236539288,4352.406425967965,526.2573012110727,-19.529977485513406,,482
19,9.66330545737204e-08,1.1194130718632724,0.29181727534175983,-0.018549481723261367,0.0012215498343026293,1.0361232506439326,50.54719863786309,-8.607914625167544,1.4545021975573245,1.6089668250224451,0.8252464357970469,3998.5470475501215,3728.306670858038,-16.643197163422354,,481
20,1.0827479660342559e-07,1.6203985598888944,0.36623993885354467,-0.03411027550337671,0.01086705229347358,1.0647767660711018,99.42854562980108,-2.6539883988864705,1.4664022853522207,0.4487229299608547,-0.8788637559192192,827.4639328543942,3267.843472980467,-16.52944561738223,,480
21,2.572392694898948e-07,1.0982120532092778,0.4730948952952602,-0.03993843772527801,0.03706342080153528,0.029610172846480615,136.1931840521543,-7.620581399636057,0.24674065672509957,0.0017478659848639496,-0.8688491438360626,1664.632163462526,2097.2712808480564,-15.664111364500018,,479
22,2.919753736738093e-07,1.5041084200611479,0.7026827708587953,0.0009146570617533309,-0.020526347859007466,1.1390316321790122,47.519843722712814,-6.652176165305288,2.37763631592279,0.4806911213305019,0.17908987791410003,3318.107858364667,3228.0488790296445,-15.537448563984618,,478
23,3.102408380628759e-06,1.796353665392213,0.25776367946094314,0.0073100522854598685,0.022104623041805077,2.147375969707089,60.16320082726563,-7.9911079045481115,2.162504648021207,4.967852940729528,-0.44070824870202563,846.3668164440163,4459.206671562459,-13.17418404014081,,477
24,4.064917550408498e-06,1.3388082221347466,0.5057530542827234,0.016747343690543204,0.045239792751649896,0.47794828007506207,142.80969085240486,-9.735283241034347,0.29216097805274593,2.8106340269032475,0.36266070268294537,1860.8171438018562,4954.625658970956,-12.903969286988975,,476
25,1.855005020282905e-05,1.463212120552775,0.3164743129333285,0.030072376018017266,-0.04276822622192718,1.2787449408133271,58.538733834544686,-8.492424120907117,1.274658196507113,0.26535997963920827,-1.1244129336608895,1151.8529052494198,2706.3589285352073,-11.38589025157894,,475
26,2.6674772992235242e-05,1.1844215085703076,0.9796688580309755,-0.011883318353875773,0.03437780320910504,0.8214315330106845,103.06538753684187,-5.868801638922692,0.4152179617050389,2.1142282964375037,1.4638479095546222,3355.8009521212507,666.4413206047016,-11.022644459960848,,474
27,3.2759889017095e-05,1.4299533469706127,0.18086235029036848,0.021731736252950593,0.010888882872935476,0.38931283978996273,98.60005500740453,-1.9564213086833675,0.7759279194825377,1.2908830484883653,-0.6262779320358387,794.9509482276485,2599.6693911842694,-10.817157875758117,,473
28,4.164403530180965e-05,1.029352642533946,0.4447559673108018,0.02599365401382725,0.03021190414353972,1.3607354078468274,51.203765308928865,-7.184052688844238,2.241490251881569,0.2938364381759211,0.08198898516895602,349.0902148222563,3799.144171957145,-10.577204598663979,,472
29,6.485779262270412e-05,1.7779960175289018,0.8480844195947153,-0.0397997406259776,-0.042289162479071954,0.6874000507962719,145.9713238950912,-2.261633738769378,1.0756966277827378,1.5363342373798166,-1.3438292871646111,2317.7893222382704,348.2973864498928,-10.134165679633107,,471
30,0.00012534601881309646,1.0359312200078374,0.9306492847785854,0.001912802187268546,-0.027469905756181048,3.1059636036551654,131.96413344382117,-5.679492924642984,0.2865594724223063,0.18260663841960667,-1.3486907536476949,384.91817277740756,3290.3337446024207,-9.475284683446418,,470
31,0.00015932363335441932,1.3601232036126567,0.22438817503459815,0.003726764453999866,0.0077325499527839195,2.001405618313297,68.22365643314383,-1.765571341185332,1.7628545083471203,1.0936866225269504,-0.6973232458550513,2565.768642634524,781.8767160029782,-9.235425183539274,,469
32,0.0001756014119129075,1.3411948119384545,0.9914257324458917,0.03817339087735086,0.02119809795852172,1.9897730960167017,56.18635145893076,-1.4962432549813443,0.2197925964330144,2.042403145318603,0.31565605540343955,2203.626693456995,4677.062927944672,-9.138146025305698,,468
33,0.0003119479055264923,1.7841154893447329,0.5482039116231957,0.013387615791165361,0.01661914572049343,2.9609490532898697,197.31862134367745,-6.4623030018605725,0.008227751656252159,2.5230815476697215,0.5021072895992923,2837.8953800099284,2611.8196476998623,-8.563526542578535,,467
34,0.0004917861980681686,1.4094427484270888,0.5788490070371071,0.04388792146858271,-0.04468680692709373,1.8437379087280887,82.78811302689176,-2.6353204068582503,1.1437615732269213,3.391366859435143,-0.09227459472700969,657.969662162673,2775.623450215218,-8.108318681707567,,466
35,0.0005690516881924143,1.0332508772878914,0.6795003493618543,-0.03174320645699173,0.03261252774727656,2.5267803465026564,57.378322908150125,-6.667630015193304,2.97960955863185,4.159950650038687,-0.3409877439029091,3014.976164603381,2050.748958072084,-7.962391476571665,,465
36,0.0007779410464573732,1.9942445878707762,0.5856904971057018,-0.03083937178963001,-0.03748350039243782,2.257873119865517,167.01908029569057,-5.966665465446197,1.422240130909053,4.861565487609975,-1.1331685612174653,379.48746762747174,4474.863167795429,-7.6497120014351845,,464
37,0.0014590026298742023,1.5607359754554244,0.8157575007467446,0.004824323236764849,-0.041824879641718216,2.87347899232458,89.31374687288113,-7.338161237375928,1.4080232562734096,6.000221553791021,0.39214640285061325,1161.7233190720056,4229.298549027264,-7.020854395941256,,463
38,0.0015314257293560242,1.6213771457048054,0.27760595254484577,-0.031698107765940176,0.00803231602370584,1.3593670259067525,137.77917204134576,-1.7127581432132928,2.3463455810020934,5.865740983980579,-0.7655606310306987,1084.1943210099591,1067.577774568461,-6.972408317243899,,462
39,0.0015388635702414915,1.8769043649161534,0.5245246347807642,-0.04494396339527094,0.01531535712239096,0.8258572862097818,200.79705965122383,-8.621004644897038,2.2845799346541913,2.335439897076079,0.9683428540840295,3999.3015319925084,2216.7090646946876,-6.967563265387422,,461
40,0.0024664781071754203,1.927566307207391,0.9062385476360292,0.044925559494813166,-0.009304023295707252,1.7144352586713916,139.47677630474206,-7.834159161327728,1.3185477331908173,3.6242687908776845,1.2246128892361758,3280.2824241456174,2579.0657508118443,-6.495816202415437,,460
41,0.00346090618219811,1.5726490603296468,0.5891930368841608,-0.006936923928746189,-0.03955726148482768,0.6205213396757293,152.06803170761356,-9.276384225739243,0.40725549261722915,1.3667078666866022,-1.1004490366961814,3459.8927293651427,1340.5199308569381,-6.157077010849964,,459
42,0.004602424042183213,1.6065086619547215,0.45220493719904165,-0.030706259394463944,0.03237411686525614,1.3121765042980458,132.1122959951761,-3.3917858945653183,2.079543087167521,2.332791475929116,0.473567286686289,4514.532496976666,4192.173997263814,-5.872024337609156,,458
43,0.006860425385016488,1.810725183973243,0.3489637062159173,-0.006948922996380412,-0.0009445292791297605,1.3377854629320778,34.479351430943595,-6.290487722259465,2.8305175981377526,2.020413415120043,-0.08462469238319306,1709.2376680957277,2930.740576540419,-5.4728380187056285,,457
44,0.007725427219979208,1.294606705229429,0.17679992584275855,0.03168786164388038,0.03828775711327641,2.450695197738771,171.52853206838284,-1.008905762876438,0.04957737257301048,3.8343072395430307,0.7448991857755101,1849.3128546797177,4232.355013085462,-5.354090343186741,,456
45,0.00843813639013143,1.3282383512596716,0.6909702251537818,0.021741943587188686,0.012779427087782833,2.331846734955934,159.4422801932332,-0.9894407490822221,2.9827963095936014,5.694280864507257,-1.1281847624743908,431.6199523474429,315.9958934644369,-5.265845990628559,,455
46,0.0094501167532274,1.3651715081739753,0.9844631401596398,-0.03850999005382936,0.02321546878326619,1.1760942480326637,94.99077543263186,-9.418069172490513,2.9387688807628782,5.616157102397344,-0.17803073437981065,2167.423169943633,2196.715427757564,-5.152580371730348,,454
47,0.00964616222871835,1.7077896602009461,0.30457847791790826,-0.011249955198693228,-0.047141007459674734,1.4427287094848757,103.08295228929195,-5.351592407320451,0.7091334098213617,4.374254829805918,-0.9454083578239874,2437.001070668238,2010.5230604069934,-5.132047328255773,,453
48,0.010278729876488191,1.9378593186627204,0.4998371815485586,0.04216447992379335,-0.04660511577570179,2.097885303501295,111.45047171082285,-1.0606850756270774,2.230619066351237,5.001461118678033,0.42111466242128165,4072.970208269574,3365.6733428748475,-5.068530768475604,,452
49,0.012361133589248533,1.2436472887218109,0.804060103095897,-0.04102690595830658,0.04466333145250696,2.9411497956984918,167.2674399952949,-5.521664994244773,2.440032651523059,1.9503298584218385,0.6055973742408448,483.67289704050245,3335.516179759368,-4.884050305833999,,451
50,0.01246624397213541,1.9592980053808327,0.5483211857747747,-0.0011446984800923543,-0.02824117563735351,2.0374234996568528,94.48748091277318,-2.9443023959105368,1.1231907768933767,0.7916396314300687,0.11407323725783457,1704.3739665810065,3783.3423525181497,-4.875582958799439,,450
51,0.013373211496701004,1.4136313683729398,0.2402725713630729,-0.030952967027029946,0.01781004177844417,1.8109865141816615,73.65245437895129,-0.19278586922853158,2.4039339726064024,0.541595315108,-0.18786417748351217,3108.3082735477874,2420.9797050999705,-4.805353904030618,,449
52,0.016198342465158472,1.668405490555232,0.22090676360431122,0.049266937449193346,0.02273109653528374,2.127879667619094,98.05814415676092,-9.253553065398181,2.9905775697771597,5.938792319768372,0.14354926244456004,4112.933465263358,2152.085969962064,-4.613698547960492,,448
53,0.017513254998016984,1.0405887974036354,0.5068895462688353,0.007129693670664364,-0.013326217290784093,2.298693666404308,102.94555563498483,-1.472300362034245,2.71543746479955,1.1097672957339535,0.9956738751775294,2978.411347829395,2480.7659378783296,-4.535649445315171,,447
54,0.01889956151049279,1.1221766723817888,0.9495583618783034,-0.003391180009695828,-0.03888815811702029,2.621209198025808,115.84210955028898,-8.426142602728454,1.0121819805743637,3.733307128167123,-0.8195581572385983,3103.4943217063583,3077.5378828013377,-4.4594687467051415,,446
55,0.025067501566592047,1.7777024917763795,0.22994240409776479,0.01005118490739805,-0.01816463072879737,2.022209759721553,95.60709340664755,-0.13634864810888558,2.450003199720053,1.957916659417268,0.44894135079592773,288.4094257544123,3555.6777802570673,-4.177035219087675,,445
56,0.02516181201187952,1.7353076243767007,0.6038494776826463,-0.02735660307737551,-0.002086456960260552,2.7141363601033177,283.3454623932442,-2.753283309653522,0.18857075943642487,0.009123814850871163,-1.2143229192908542,1235.6323482397224,4304.351671348002,-4.173280019209535,,444
57,0.03712665357988625,1.1062905753166408,0.6050603570374391,0.04834810161289459,0.040514273034889345,0.7782954825932852,174.1158597838347,-1.82644402411489,0.9086603627168355,5.184838510149277,-1.207703573367771,2037.8628289800326,111.48429130980576,-3.7842723309952437,,443
58,0.03836220585033583,1.8340851354649432,0.12871501302040259,0.01999794509794542,0.023773068865506966,1.9557534169985265,138.42613588350454,-0.16089855243247442,1.2026003399831535,5.334731648690039,-0.472996478098257,676.9839058093474,4660.122092647601,-3.7515347157175163,,442
59,0.03840018885397103,1.4158084938772344,0.614547203251022,-0.025997649641592124,-0.02308489130740128,1.724454017081426,128.25830231754566,-7.8734872711748345,1.23112722662645,1.325631547537443,-0.9391113782699518,2510.5375278953657,1182.66427003345,-3.7505450903448305,,441
60,0.04103867730232153,1.9685637489409915,0.48564079914549185,0.041408940142225445,0.040985683076999305,1.9836392587933669,99.11683808759453,-3.4445276309141466,2.9113126344464826,2.7830855685699643,-1.219684405854251,1155.8934909518205,2940.1822939276876,-3.6840924971310414,,440
61,0.0427663020489109,1.0865973890618819,0.19619274642286152,0.012841844224802501,0.024572254152206277,1.3951688736006913,104.9687326608909,-6.900869779022509,2.5430653871064517,5.518399094861146,-0.6867273588748505,4701.164305999815,2724.6572320970918,-3.642857010827851,,439
62,0.04659749389231106,1.84557953061566,0.6586657647684183,-0.004261973639841911,-0.02800377405203547,1.3782531051315097,82.61770403087772,-3.8481968962101476,0.5607339496884773,5.94716656352849,0.2134122169002292,676.4530190100493,1266.197129493478,-3.5570607074480636,,438
63,0.04796999660752681,1.9290890976970017,0.3187662302148441,0.04109390656365079,-0.021683978861117326,2.388860417420441,40.70849852019034,-8.894893329196256,0.36671915317163234,1.271899635366365,0.06315409059654323,1051.4806290957756,4415.7650985945165,-3.5280317232053013,,437
64,0.06980790191775568,1.0774571219866735,0.9250548078745073,-0.009847994235058423,0.012645261937302227,0.2616823110217219,166.8708469448945,-1.4705759763919701,0.21330853434842773,1.7025766106314653,-0.7485047850361916,3785.843801588541,2224.8886702662217,-3.152860256647001,,436
65,0.07008956463634024,1.496122449122727,0.8696631342194676,-0.047888621080273475,0.0022000341167771817,2.1777791676795664,192.74011194828574,-9.303977358440461,1.7768444498320837,5.06789844162681,-1.117868485562581,3753.359913161134,3130.137004844824,-3.148833549000283,,435
66,0.07097290051715387,1.9437787452158939,0.8224953061366637,0.02279601808597516,-0.032840107453567316,0.8587333999881074,55.96318916853044,-5.8855605052985975,2.7002324096634784,5.761177459360801,0.7068202079083138,1190.9113316359976,2880.669191694788,-3.1363093466736927,,434
67,0.08404241277814421,1.604222048802112,0.13735827113114,-0.03716747669374763,0.004467656079003769,2.04616770900311,133.1941245764675,-6.871775788801346,1.0779225728246202,2.272549889715121,1.0058298291795371,2627.7723713007263,4962.807924530459,-2.9672858825559114,,433
68,0.09989951598885638,1.060696551808922,0.6466710234229307,-0.002947270237824505,0.035941714659364785,2.669700485392973,136.0286397327344,-0.03761778412117778,3.1381539743203564,1.8439662786806061,-0.565264223129059,2381.8093519533168,1774.1342860256682,-2.7944426273121676,,432
69,0.10899715252099183,1.112151089162388,0.9389600302886585,-0.007633724381978492,-0.027607631761240304,0.5148837690635187,70.52738800861047,-5.988596543333098,1.1551268704862883,5.944730054358757,1.0251722461661466,4388.337367685585,3543.4150707381464,-2.70728570977125,,431
70,0.11742441894655682,1.7305375642156478,0.41664526101839133,-0.028482030405690573,0.021094927989165055,1.1842161620151104,249.1879016250225,-1.633416781420184,0.9554824139398886,5.865288458744974,-0.740404762941191,3050.205747465322,4513.746191814008,-2.632812584391923,,430
71,0.11981626260771895,1.9257663694042677,0.12826929007287355,0.049252879328333665,-0.028885263423673948,2.3858189505585523,224.93457298760947,-5.6957777381371555,1.527867253665406,3.5767649483635444,0.7472262948799071,4428.214460225653,3112.5954686435166,-2.612648043552535,,429
72,0.12382268615702842,1.226471374717543,0.8883038106473422,-0.04952721862721306,-0.01735970597347132,0.3588353632642021,347.09345913175054,-6.834002800031607,0.3919111457032037,0.16938836745832234,-1.0568706484626476,2113.601271569694,2070.2641934815492,-2.5797568760947596,,428
73,0.1260076138841226,1.0590511863987193,0.5020805811891147,0.022012184378504274,0.02288558456892556,2.257326381233392,83.01801711757088,-5.681832682103356,1.508817823337867,3.417485712733531,-0.8712645921008657,4675.098616268217,2114.276946886009,-2.562265135221004,,427
74,0.12737302457542846,1.421188794017204,0.340879114875536,0.03286537258543401,0.027368441830037102,1.1797689688754827,162.630454506504,-9.92496580234146,2.782193528326321,6.156473009000794,-1.1683052772687583,3996.9019936717877,4955.533796510652,-2.5514874853066227,,426
75,0.13483134799370297,1.0463449637866948,0.26068569297333744,-0.026395129608590563,0.023583273719556527,1.9742281973727662,85.69088668875716,-0.8275419532441557,2.3027842056524226,3.4654884794418783,-1.3385856326787517,3708.714881780555,2815.1113656362727,-2.494582744674296,,425
76,0.15001745316716839,1.1706590447196759,0.8473538630032257,-0.028966045619369354,0.013872063236300483,1.8799174977748354,104.80085884832668,-3.467465392818861,1.5929254331349687,0.7454058758332673,0.03691966808450548,2303.9734107116983,1062.5926763925431,-2.387855826223178,,424
77,0.16533037773457454,1.4856110278882793,0.7205123037162373,-0.026675647770591216,-0.028137074425949905,0.5160735687211961,287.8052784569686,-4.598585364516414,2.4243270816285656,2.2102952615833495,0.9466456857799065,1383.808132713521,2315.378556417688,-2.2906617067069384,,423
78,0.1911828777288765,1.376137628475563,0.5575100070457435,-0.00823387015978623,0.004640567800071584,1.874695457559906,122.3060383516879,-7.451559951797897,2.2286632745603168,2.850006843308756,-0.17790311171996528,3694.6280188054816,834.463511177741,-2.1453770230184617,,422
79,0.22654645123242453,1.4225450930196297,0.8596738838409546,0.00587358927938815,-0.020146022163183754,0.8020418608974005,151.44007123634321,-0.2316739776744292,2.296770160427863,1.4269022795681738,-0.37086476688065195,3929.1453294999355,3572.4340749192006,-1.9756574613981788,,421
80,0.22712914123523326,1.8498939155679177,0.24627851271316212,-0.026236947257704382,-0.04101780596477309,2.6950562504339555,294.8830096452952,-6.185380620343748,1.7306093871547958,4.264043909699706,-1.366628292074056,786.9604582384115,3989.802124384093,-1.9730887081617887,,420
81,0.24032108536987176,1.6281791507215768,0.1656355982136104,0.03474654337740715,0.011613747972301948,0.9342503423770461,271.72548559983795,-2.649912273945141,2.616732202460148,2.7204895087881265,1.3204695581476957,1139.6782368834379,3147.6507185442715,-1.9166315830803238,,419
82,0.2696874366124948,1.4302577278212567,0.6214028610203034,-0.019334533072149607,0.03899822590520201,0.4777884072794668,242.23855296189956,-9.157606464798587,1.6432735189622614,1.044528658134991,-0.35646502187249873,4931.3400971039355,794.031911907116,-1.8013438217614137,,418
83,0.27923158124348674,1.074169719224714,0.26196825158171144,-0.03857086043107841,0.030796723155785452,0.40308051044799975,131.26185003549398,-9.501185676870403,2.499424676233863,1.4690678676620794,0.4540719037805951,1768.4580858886045,3688.0941281887813,-1.7665659901708846,,417
84,0.30558409723506125,1.4479743776175922,0.4253990412748456,-0.019107395908125158,-0.01771581770197546,0.25482908439253255,349.4371395839189,-2.5939116801258617,1.6434580072005656,1.8967750786094835,0.8505947390882975,1385.2473744824067,1440.9843143205392,-1.6763824499035906,,416
85,0.3211593024938274,1.5021755427748098,0.8308219335690181,-0.03732642284786647,-0.022861425406106185,1.1252240596124776,226.89624231651854,-2.209849060891143,2.6414690205817513,0.8849432673318055,-0.9818286316054485,1184.8332768087898,4234.414500424952,-1.6266701985183236,,415
86,0.3395930269445205,1.199293577272561,0.495027665894645,-0.004046427736646187,0.0171716016195185,2.2603488947332746,183.81687519593447,-5.1317412110261245,0.6999286965119957,1.497407597084112,-1.0813017226255404,2055.653270676526,3678.477926237501,-1.5708595469155033,,414
87,0.3456096320725518,1.7270939428311571,0.6181837583651225,0.044623882539036694,-0.005978465515334097,1.1865616596692612,179.5213109694223,-4.58388312399804,0.01884107728644437,2.6973520348840454,0.69131529852114,725.7690314351528,3712.154960070034,-1.5532975608767416,,413
88,0.35000581863416075,1.7935783974068529,0.6084220961614031,-0.01491314340762722,-0.006057178746788752,1.0529524175422273,127.39443483059955,-4.631781629701937,1.3309819250345816,5.9503699051099,0.12896669177957754,3915.845692397978,3885.1858379593564,-1.5406576889842687,,412
89,0.35356761338100545,1.958858427138328,0.9642972438576107,-0.032650146977028574,-0.036256765543629554,1.1585202689206957,328.1248570146367,-4.5955240045716605,0.4758222602884327,3.026785856032987,0.7696198118227795,958.6149910942365,4928.912434825553,-1.5305327325468598,,411
90,0.39528065673325097,1.3675493981736093,0.42107715374384275,-0.02034461871702449,-0.01116020463291549,2.2471615577982504,315.1638799161687,-7.8125188945549295,2.7489750040066268,2.7532333003742777,0.3058150009901015,4231.7575694013,3692.836887301222,-1.4190114320243468,,410
91,0.4199761517461924,1.964734829441256,0.4772792103282453,0.022801231377624354,0.007559755684662231,2.160324278122231,464.17630834710974,-3.7364911918134496,2.0690298796848143,0.3759343480662361,-0.7305050850877434,2106.5447107966183,3846.3384150672473,-1.3584095398899645,,409
92,0.42827989425495183,1.6203310603512437,0.7359847838670629,-0.04288849515494708,0.011128769215900648,1.2272745751061405,190.4121811265244,-9.971613751785979,1.7146413894974095,2.0866632827233302,-1.17136839071636,1256.0118446172219,4184.355565250407,-1.338830527614845,,408
93,0.4738441921284175,1.7648984377070562,0.2745751263933508,0.03856081282123225,-0.01068832474553201,1.1366673913656387,245.5384437688935,-3.3073067162146135,0.7417961775575049,0.7531840361186782,-0.8876514548667463,4997.883045546867,3226.4214842838946,-1.2377289089298267,,407
94,0.48392790407961794,1.012440421913729,0.6864940621929647,0.043666978483589164,0.015013816480521205,0.794517791841566,132.48046207927433,-8.422715988927838,0.3131309173089512,1.0135667639238153,0.45941821993103793,4160.288020374965,3048.8058039111866,-1.2166715308905443,,406
95,0.5150290693428432,1.5728727893937058,0.5002409616255618,-0.029739356738260295,0.033842718518960146,0.9313251283736096,314.3707039601893,-9.162475117727563,2.4028952690402043,2.7755114391503923,0.8015215991531248,3039.587178286238,3176.487809753957,-1.1543841236018912,,405
96,0.5199973649233375,1.265138460197647,0.9012613424106921,-0.00852290258738022,0.00779578551883562,2.589214627245685,243.34576403632792,-7.886265688654126,0.4486178149942053,5.122393465827892,0.9938370613412919,354.9493821934979,3562.4291675931163,-1.1447837238910552,,404
97,0.5217169844380203,1.9399252258380397,0.5706109949202407,-0.021541029455330943,0.016631033215193394,1.8334996719487169,380.78114460219234,-1.0802775952098074,2.642560639215876,5.631137203536392,-0.4527490727830629,53.83153971754484,4153.908176463714,-1.141482202552245,,403
98,0.5395700813382696,1.7825817203304823,0.3693624022781825,0.026298632302859892,-0.03034170994896861,1.2794601223919129,153.81611589303355,-3.2727097496937567,2.8230799243102807,1.6709208656899202,-0.7180693851766838,3461.949978644223,1647.2034653408364,-1.1078347912023965,,402
99,0.5565573737268255,1.118315358699202,0.3262942830446768,0.010957602931201807,0.004889308011850613,2.9933196076265096,334.40365699674715,-1.6471357672449756,0.9077181128527767,2.2239561221917286,0.4428560824366681,3955.670484213545,3911.4836605569135,-1.0768372051544992,,401
100,0.5647014197290214,1.3411787554853793,0.5005654283878387,-0.0019033256125865691,0.02619099967320282,2.2240655101787876,214.49257862377718,-3.3988373183515215,2.297433134416695,5.409333295132107,0.30149764657276673,3815.3554291038727,4077.60558010156,-1.0623103371932467,,400
101,0.5823096375303014,1.3653128763560791,0.6479512939668628,0.04073529058148209,-0.022000826879796678,2.745838302562158,534.98948052107,-2.765330494718146,2.8062661896759513,5.832331985295123,-0.44518212008385544,591.0991923888809,840.0522728756588,-1.0316051384933747,,399
102,0.5847878208239778,1.397272674506267,0.33761878459606015,0.020095404146922263,-0.02333347352702373,2.5920758165937077,569.6853374766935,-8.225059513746984,3.0685357271383236,6.210945097459454,-0.6868879868889589,2038.709136995457,3277.648138711015,-1.0273583860042474,,398
103,0.5910935621949648,1.1662606268325817,0.7181264881976457,-0.018184856263995818,-0.01905952385881169,2.7023180574457366,287.9411326792208,-6.533841605502017,2.192874280157117,3.677734941902501,-1.3194309424337733,425.17015552809846,2703.465795418549,-1.016633151455807,,397
104,0.6111299679204327,1.0560121697996168,0.4430838425801148,0.02682667438660595,-0.012116715512620078,1.7058704747193911,159.92552878812825,-0.6643869709664241,2.3321345254835424,2.3950795594870877,0.2109971581037972,4231.651851563871,2776.752013897956,-0.9832978179931875,,396
105,0.6152568182283927,1.8595026303687745,0.4955828684443617,-0.010038142436484668,0.009956420050090897,3.0532465444758308,542.9494139240196,-2.904117713374694,2.0831682526067206,1.1382443276193295,-0.7899159902685313,415.10309865388615,4779.539106532352,-0.9765676967434492,,395
106,0.6346005232562905,1.7777724770619794,0.7892185878223499,-0.04073774884261601,-0.04077206898105661,0.9477736433281537,447.488277954019,-3.8667796967554713,2.9764288483898036,3.4307136079522333,0.6383011079391325,2542.1172236822163,789.1657814491559,-0.9456117643047355,,394
107,0.6403689336449238,1.088649569439544,0.7713799028878794,-0.0060215747556058505,0.047510164588304774,1.1047249195792195,121.05421307112307,-0.22823463751759654,1.1742000116453843,5.04147716254992,-0.15218172710472244,4456.04375326854,2780.8995127507196,-0.9365629989131907,,393
108,0.6410629013034794,1.576045992872227,0.9067748187118441,-0.02717581596298657,-0.006118751134888599,1.326554274184554,189.83180036917548,-8.113667872204484,2.097789987471168,5.258288481024663,-1.5036479032781527,1616.3401655086284,1448.9505451278994,-0.9354798859336805,,392
109,0.6468639059805212,1.0262723042858166,0.9537419831721234,-0.023637374778990264,-0.014801852359607424,1.6251422333427314,79.16246875226233,-1.93559592960381,0.14679920542873706,1.5685370950182094,0.4905656602946372,4885.0206791318615,2831.4741952005697,-0.9264715418669223,,391
110,0.6525245438723798,1.0052761147001996,0.3635491663886716,0.0034467317898328326,-0.006589630496802126,0.2480871012274383,260.3593931293169,-6.9878617566126255,2.7593280058391443,1.2832294372828112,0.7118102707773344,4559.018836734832,1121.548987246047,-0.9177587143790762,,390
111,0.6585573855207195,1.3670705296681167,0.1444239938563609,0.00349178190202655,0.011973133928279589,2.9974854586216844,649.968863246256,-1.8440773850718184,1.466741837284142,6.245313265953006,-0.9964784194621591,37.73942604108016,2327.3428207474412,-0.9085558047948559,,389
112,0.6692103861049187,1.6137198929309582,0.49542236740765855,0.01180544948988442,-0.031610564208743155,2.7539001259519305,295.08332270168154,-7.25700998651442,0.9866634137771465,4.006827787324062,-1.3217205487819181,1388.6080050238015,146.63575975884967,-0.8925089788256466,,388
113,0.6824842803326173,1.3394643112936822,0.9637890389568905,-0.004659257741344257,0.013205626725946676,2.3259192441790426,459.01609824805945,-9.446922672790734,1.9248267801465997,0.3825627403200444,-0.3934208139297758,2118.407802533495,4756.931657083246,-0.8728679736843535,,387
114,0.6859592039272877,1.0361867239186313,0.8134618153597294,0.010032223638886784,-0.020742189677547818,1.542202502555155,207.87906724575143,-1.833501371486106,0.41536597539473,0.4584833079429278,-0.1232221230149111,4228.540001986382,3799.590116443773,-0.8677893115347924,,386
115,0.7065914368250198,1.7187668487258025,0.8449547956004079,0.029463052622297786,-0.006072012963294758,0.678272985667727,448.29377150999716,-2.514791525749242,0.4797634516189107,1.4898777599880968,-1.0415463384751442,1883.5193564023566,252.55695935693547,-0.838154851990684,,385
116,0.7200516589757138,1.5138075405589888,0.39084326819681725,-0.009434739359542754,-0.02002832311285685,1.871437951610698,118.10626728458487,-9.724692229026841,2.553842896683611,1.765951599856239,0.45191606010739216,3196.563758314083,3687.413599338306,-0.8192845099848856,,384
117,0.7241923323824043,1.0914028170246586,0.5354901566372395,-0.0337979559518832,0.028631473788625614,3.0696505161961416,340.14505111082633,-9.060608587546511,1.096619394841187,0.18324112307032392,0.1246023410980693,2611.913050707003,793.2081176779782,-0.8135504584303339,,383
118,0.724234791767162,1.7682995697205797,0.3867460547958012,-0.0494126983278193,-0.015572449150518142,1.9251311627125813,299.9832543131054,-4.716186619388862,0.5364973217117818,4.770441080827805,-1.1879064739307648,896.1819029052942,2342.556304504134,-0.8134918301651435,,382
119,0.7299086196989123,1.3585172070829836,0.41215607060061454,-0.005428023368826196,0.018009258526375055,0.6693635739387362,340.09765090058863,-8.42744105019902,2.8240333068617365,3.5926623457056226,0.016304629651554926,3055.7311476420546,4699.648670014113,-0.8056881201862356,,381
120,0.7689533850056295,1.9170477464761615,0.9071749655193441,-0.03051899035157111,-0.011676158974153014,1.6494879480483196,184.73003922239502,-1.874999823721172,2.716474725304667,4.1295655986912,-1.5109692279577043,4460.0160039721795,2276.707281888827,-0.7535771180082111,,380
121,0.7689717820921358,1.7032350824811018,0.16935081776942273,-0.029146481056647234,-0.02037693609692011,2.17022681186747,235.40425106228136,-7.4608668507187375,0.35608408724186685,0.9179751065391238,0.7758133032908086,3987.6721992286234,2978.9399397245375,-0.7535531934546807,,379
122,0.7707039587031985,1.4109232970109187,0.8913364820900731,0.003229764238245128,0.04053948096188752,2.2990313096629014,414.6710452656875,-3.0761863939215317,1.4957331913933591,3.721351677876388,0.27804228621108235,2017.7066945721213,340.6505745350552,-0.7513031387243827,,378
123,0.7739281011440579,1.9187241858812711,0.27952963054016566,0.03217353562680006,0.0405641309890447,1.283806903953244,295.01007115011816,-8.128929047345983,2.272858261476046,4.454254491382556,0.9759846788953279,3543.5053443499287,4843.048154937854,-0.7471284913023634,,377
124,0.7766298426686664,1.7132431074931882,0.9005590472973051,-0.029972173202008914,-0.038413360871739834,2.2904979534848176,657.840391112608,-3.1852089630390212,2.1390170152828936,2.7184361905829513,0.9157399891586261,2137.978794601584,1244.8931919691597,-0.743643624103909,,376
125,0.793129917170389,1.2709404570992622,0.5871335176574687,0.03743010603937627,0.01586309395315237,1.1975335712591293,215.6961938526161,-2.246796131790145,0.7107000867904233,4.537401131074802,-0.8448164676731573,2299.2299112508917,4943.305136128973,-0.722620429807093,,375
126,0.8013372070294615,1.610151613332482,0.5993711331971332,-0.027855404619980463,-0.03177157114423171,2.037349393954298,129.70899521065525,-9.520891239591977,1.3028886873055279,1.4070246721689852,-0.15947439819503534,295.3928765764724,169.53114021105554,-0.7123256269598824,,374
127,0.8086040541658561,1.6815757190547957,0.9767865388608573,0.04049328023721603,0.022759080503865284,0.8409905866624415,285.3174066469855,-6.935090933339769,3.0898335308245226,0.533771202213145,0.8343785879963388,1313.8021257478638,1142.1883670893174,-0.703298096995589,,373
128,0.8122295062917587,1.9801848006517955,0.8407084563727367,-0.007492207978030407,0.014737847344381702,2.137348878083483,359.45947720750644,-8.057219739393355,0.12221209117457422,5.07280833616248,-0.38728730224665553,615.9734848728926,175.50390972099316,-0.6988245245564995,,372
129,0.8179029118679874,1.964244874161758,0.24834628334489525,0.046229825560556534,0.040412708574660214,0.7858964888769041,334.1479548098451,-4.1749332913463455,0.5617482085344336,4.842566585120824,0.3677076205633244,3381.6060515584268,4213.258253527169,-0.6918638280879433,,371
130,0.8266233636783645,1.9943069296723575,0.9596816413893327,-0.01518805078880732,0.01921826123011386,0.20297402895125016,719.5798337118622,-8.99492928296169,0.1321099793040784,2.6724776835803428,0.04813969047971713,564.3175698689429,954.7158758734298,-0.6812583015267972,,370
131,0.8430545276663136,1.370024853847724,0.4236047030976401,0.024668866629137517,-0.008322677937373624,0.8622614290580016,527.7781888478276,-4.612331185794172,0.8210980461948436,0.083479382782126,-0.6929404216351058,463.53329234565587,145.57930160441046,-0.6615758292103524,,369
132,0.8531595348100399,1.731630085935249,0.7494376867049913,0.03032980445990137,-0.013164309534694545,1.1171680284151135,470.1000503886081,-3.0410483685864653,1.8005173699517276,0.4635790489077395,-0.28232361162441094,754.1463669472281,2936.204095530246,-0.6496609100811114,,368
133,0.8575926071889244,1.2351588127442965,0.5863791920231285,-0.03438554727642205,-0.02453872757373761,0.6356279497143359,183.33710804193626,-2.1230752139283453,1.6105252443493954,4.741439498515401,-0.3260494460983403,3195.278663932998,3142.775005086058,-0.6444782980679176,,367
134,0.8580317763244115,1.7956732522775034,0.5009431764708738,0.002118996777307071,0.03383941019643717,0.508362080248955,595.3497606706825,-5.744800316575526,0.8518953621808887,5.151782193993136,-1.2311896565450757,4728.914784158368,4868.284596662314,-0.643966333853267,,366
135,0.8586957859021128,1.3583790303715382,0.5957966435148587,-0.0023181543046600916,-0.04809481693075153,1.9097642529515473,282.08086662869033,-7.019464045063588,0.5605801497568668,4.619344008008679,0.7540531170896716,1401.245246260775,2173.2786734811216,-0.6431927578643494,,365
136,0.870444638616211,1.8692362593297012,0.6689173512990887,0.0018472698796627718,-0.004835020319936434,2.0397627842253234,308.3660165948875,-7.39340252927567,0.7089230828973654,1.8486299901024281,-0.2860450146837282,3102.031375967668,2493.035595302553,-0.6296033080370421,,364
137,0.8776213244634546,1.2459502499780462,0.1667639266952813,-0.00396839082085465,0.035697346308448855,2.4539150071558558,209.8641266621969,-5.300076103542752,1.1533205415481205,0.4575120434389709,1.0027969155703835,2929.187859092052,4982.015683150877,-0.621392260718961,,363
138,0.8782051074409872,1.161721518031091,0.33417983175612376,-0.030728067818977346,0.02250759365123163,2.0316307401780906,305.79115982441687,-3.4927179594116664,1.0614901190208652,1.1863098510774588,-0.9755515761703428,3498.55261772999,1226.0557076242485,-0.6207272940816846,,362
139,0.8893652834485639,1.1102839547871814,0.7109378301965088,-0.021982222293509036,0.004079065256561695,1.6125029964380404,119.1279307043348,-4.195969200951719,1.9695906051466179,3.720439843348203,0.6318487713980538,2706.6829266634395,1922.069666456896,-0.6080994243597964,,361
140,0.924512421728274,1.9802166352602109,0.6360176071854955,-0.033179620899285875,0.03979908570405215,0.5664319707718143,675.9187198433211,-5.47222729477892,0.5224876629372036,2.693634692144693,0.13697412574310214,4275.7880319365395,2984.5523022639877,-0.5693409811034156,,360
141,0.9255254938009205,1.67172016697743,0.19343753096355415,0.00800324841397089,0.003780766539647651,1.3629432905258088,133.60682603860354,-7.866421835951439,2.258738034461191,5.610262242656167,0.4545874056719674,130.76757326449194,4238.695519137884,-0.5682457903882451,,359
142,0.9327395081288926,1.5055962521046529,0.6541665822849991,-0.035798179009585485,0.04563107232304427,0.7835161559949521,523.5334090441306,-1.728932773997112,2.2103788074337913,0.8553692163563597,-1.1391242302223121,4450.13910962062,4682.956717249732,-0.5604815042812329,,358
143,0.9428469096440225,1.086204145134814,0.8226161394388449,0.00796044946601835,-0.022024382833170188,2.5786035265497174,270.5020023078846,-1.52383371252043,1.4287255119215891,1.438036615545765,0.6852003767548169,1610.8388619627144,4032.6554355792855,-0.549703542506119,,357
144,0.9464953340974611,1.3861028458311837,0.18884798896019075,0.010430156895879804,0.038119567721716166,0.7181045993692805,393.81931886974655,-4.705467115415473,0.9168277251105497,0.7981402957286247,-0.38598464420476364,3994.1714673781203,4371.210611363687,-0.5458414269995105,,356
145,0.9714732397506274,1.891597536376624,0.500099567752306,0.045782957812905645,0.023859433688449297,1.954751382952772,367.3112730463579,-2.0415273836851933,0.9441090450737363,2.101479204453867,1.4605551728621733,1097.7812097488893,3702.8072138884504,-0.5197937448505681,,355
146,0.9830988353480599,1.9437962333814514,0.5290394539848922,0.007369832732658586,0.006729088882203561,0.5598396329569818,470.14378988235086,-3.626382147694674,0.6547298964044754,1.15792381901893,-0.36303156622283217,1588.2697321776595,1860.7535957660293,-0.5078978082993145,,354
147,0.9908186749230077,1.8501899476920767,0.3563964597221092,0.03316198295002237,-0.03529115153459037,2.735629095511476,791.5337668181255,-3.045422791644741,0.47673865718140185,6.104825165493284,-0.2657272776891739,1292.8919592202992,3515.619321868235,-0.5000759222333708,,353
148,1.0,1.4744344287968543,0.5151237374213707,0.04462473182349273,-0.023735990377071595,2.4056836950236145,343.46203019194115,-2.8025292818270353,1.0857305820901229,0.7231054951050426,-0.21201424257506984,4107.391905171511,4194.589522295136,-0.4908521890164206,,352
149,0.8508201498527762,1.7669054370970698,0.7375331710562785,0.002846381164582981,0.0001622392801127609,0.1451236792654962,531.4228831158291,-6.2105888117330155,2.161118347202574,1.9307010016309902,-0.5353092820924815,4753.241781586357,1084.0058606808846,-0.4902399467185491,,351
150,0.7011502045593064,1.3089312645757614,0.9715067118526557,0.0013886220393771048,-0.036922400129633305,2.618925168979328,577.980501466045,-0.9037941579243753,0.18803538358649538,0.6053379330015874,-0.289205004026166,1839.8382457787243,2328.3712611802644,-0.490065454458662,,500
151,0.7013311927661642,1.3562195505404688,0.31442259318059007,-0.025614029187191512,-0.00656255435565907,0.665783160154392,634.2497902812742,-6.515670160912757,2.4192329811850724,5.983605261086347,-0.3904810966867983,3132.04269440585,49.66669673077462,-0.48980735733422864,,499
152,0.7021089048694135,1.3544104296217754,0.13351048578134989,0.03495245966226507,0.007538475280655304,1.4663658366575392,211.00996548151022,-2.9866468839005877,0.8310014745706107,3.02625352095698,-1.3902132713804085,4255.770369010012,4543.801793115394,-0.4886990632443481,-0.4902399467185491,498
153,0.7023879003272835,1.667004007302698,0.7954896293486073,0.003930497401488452,0.021521227423287964,0.9360844071089292,312.4923076502083,-2.376749062351198,2.6453613701276892,5.393664938796876,-0.1328667503285856,517.1932290468684,4583.645151630953,-0.4883017743925695,,497
154,0.7030707271449348,1.3794980448383642,0.9726712854635469,0.012872926133078971,0.041222462116134326,1.7613759059060448,200.7778350987305,-5.040182729628246,0.867060347022809,2.628858934752305,0.22847972405185507,1950.7593608388895,4885.201032249112,-0.48733009602647104,,496
155,0.7074987770808373,1.6160087304937854,0.2839508629690706,-0.006248781193963482,0.023413337227706568,1.0432750790269723,540.8945592448948,-2.507724597684336,1.5977075537879362,0.5279386559451084,-0.8122009104569388,3401.8412945644614,4759.210070438497,-0.4810516893713106,-0.4902399467185491,495
156,0.7085352686599304,1.1231694506131025,0.5379394057329334,0.04589506700959459,0.01601180397123347,2.092405011960981,371.0790436227597,-9.157425072126026,2.4609887653564217,3.40254342688169,1.017351590570418,3298.4457516231214,2925.152360641563,-0.4795877531512259,-0.4902399467185491,494
157,0.7131623416487277,1.819271426449923,0.6517864744073504,0.0037559797255462893,0.030435476096034655,2.329965538924853,558.7215383005021,-2.5004061375112503,0.7422788805027812,1.0868276475962453,1.395270618795354,2840.9203023455043,3646.0397221417984,-0.4730785077353753,,493
158,0.7149985429684873,1.5018145131994163,0.6835013484424728,0.03857580148784866,0.014555858877786987,1.5243213443158876,258.00514405416016,-2.89774587375061,1.7530719098378171,0.35802308635267305,0.2645032219165311,3196.1778475462543,2709.1923251880603,-0.4705070854939475,,492
159,0.7150494095455319,1.2336036568878137,0.9356239543241601,0.0017696129277317424,-0.030013436799445126,1.8106843486339073,397.15301859780095,-5.18067872782405,2.028168462151682,5.994694235302578,-0.7149183287076922,3770.7932491114916,1898.255134494874,-0.47043594581367637,,491
160,0.7177588605064108,1.7594142149651812,0.6278723107096416,0.0030887220409359303,-0.01251907631083067,2.3329539716718015,586.0333267048389,-6.106954008676276,1.8151539710312707,0.7278511576130566,-0.30537788492709195,1976.7769233107867,2307.5546948472456,-0.4666539266180827,,490
161,0.7204196999984047,1.4790261925542851,0.913912372336852,-0.0010619183131120678,0.002415074014031061,1.2498342609400532,302.2361709097772,-6.54861873640671,0.075815274692734,3.374131233113723,0.3982487431703696,2354.850444088541,4002.0809945790093,-0.462953631534917,-0.4902399467185491,489
162,0.7213614480137447,1.9326934106717788,0.12807710800121289,-0.03454303030908805,-0.04056435976558239,0.5054373283098204,711.4103009357344,-3.37273767386621,2.155244671672172,6.12294712876388,-0.2928127323426599,1392.626622690191,3310.5860552702275,-0.4616472638513385,-0.4902399467185491,488
163,0.7234685722869691,1.5754105811097388,0.5602405208922677,-0.03584854071092463,0.04740558918880207,2.133450975823802,247.7313096766739,-3.1087703314798816,1.3078354815437172,4.25868403823807,0.24422132388639098,652.2136698999014,2163.5430309387325,-0.4587304836938225,,487
164,0.7293894570819864,1.28389896375049,0.23685547185251296,0.028664510708993528,0.027503445967443585,2.4910592872950583,640.6371413922075,-1.8797805041032962,2.2034202070625186,5.5878783871917745,-0.6624802553096111,4202.669250934456,1801.9491595494228,-0.4505797663430945,-0.4902399467185491,486
165,0.7298879001935573,1.7710669955152085,0.7054175438262438,0.009149757933613188,-0.046540327094764834,2.4875325803717283,761.1191322804927,-0.17639110908321243,2.8794498006196245,3.357157571312841,1.0893832572953754,2412.1958393378873,2060.4510002219213,-0.44989662940756436,,485
166,0.7317791698660985,1.840504311909536,0.8575025187415617,-0.008667458780305413,0.027790821909417476,1.4291702723334114,218.40929329934102,-5.270106976607521,0.48023856817993593,2.367756482937155,-0.6345180568964952,1711.9704438034485,236.0647987743373,-0.4473088024437597,-0.4902399467185491,484
167,0.7361198641249304,1.2135143330101166,0.8440484384688014,-0.035253407689452315,0.005565507764239051,2.3462411078040093,320.8996365726079,-8.308382348804617,2.4386145990565886,1.3013255985432983,-0.7567413666835996,2344.0673204609066,2400.7300413445996,-0.4413946260453787,,483
168,0.7404105067427567,1.1780622715560416,0.1330627797752029,0.04831948224727399,-0.028912591961345636,1.101364272554598,317.52615734186605,-1.5629234423066087,1.4513405734579086,3.3593145120101955,0.26923403899446424,1049.6721467429004,1043.3321329220546,-0.4355828191504858,,482
169,0.7416278028935563,1.297239546516463,0.5828243365774102,-0.0271230173658656,0.009419080401991374,2.1999794122750354,354.2194252281189,-1.3622279985622754,2.2809454040714376,5.423766418253062,0.1345237845205037,363.1645309411513,4871.554307586766,-0.43394008641324383,,481
170,0.7427077156778641,1.1459410407247343,0.4459656434743181,0.006233210366510547,-0.0395938168884831,2.2891654295989636,272.69680913207435,-6.544643208924549,2.324077300249807,4.339223054374982,-0.7470490381569269,2898.2992710215194,1941.6619800528213,-0.4324850070712063,,480
171,0.7455083272012826,1.2709005803548186,0.7258179810354222,0.016706079161102227,0.03256284324377674,1.700571481802193,282.28265433500735,-9.717868595137457,1.0823748189044702,3.3210680219513597,-0.21039154215669212,3697.582933063168,1505.1111841504205,-0.4287212862823763,,479
172,0.7455266074619423,1.4083953216360885,0.34549367707573175,0.029787411605901246,-0.0068011115322954355,0.220626067637795,452.58777742872877,-2.4688282213939328,0.22415082392750157,0.15017874386603725,0.36864493107713375,3068.02850344127,4102.770422796947,-0.42869676605117435,,478
173,0.7521560805124549,1.943124263109878,0.7103033665321732,0.019552898873196334,0.029103117767291117,2.819081537481128,523.6562090927655,-0.12561653709554577,2.312445226626056,4.845724333369607,-0.4105254644510755,4051.415730800314,534.3558875683185,-0.41984373409308984,,477
174,0.7542959897713785,1.8796452322415034,0.8183028895422787,-0.028720504683916917,-0.02260685165321461,0.5590588708842814,216.44208755864912,-4.585216505739993,1.5464542874034117,4.593228885822058,-0.3512122083120056,4044.545901834541,1672.1492436083695,-0.4170027400244104,,476
175,0.7545717096205589,1.9881956414544486,0.1766537451103103,0.0357131487041417,0.029881116353705786,2.1811352134053026,457.09000494459553,-3.619653903136286,0.46914686696942864,1.5331962089714766,1.4349452420799484,3859.833519416983,1225.1274490626417,-0.4166372741159331,,475
176,0.7552512548768419,1.7817505036150103,0.3265363227759829,0.013115450147458671,-0.029064765375483793,0.47241835148569583,783.6566128710093,-3.6303803277321283,2.1209587346802454,0.6894046978811827,-1.1230216146059238,4416.635026901397,831.8820081914746,-0.4157371085757988,,474
177,0.7579739484826317,1.5550958551903389,0.9849539158942677,-0.026743284328016894,0.015157622636083029,1.8081328596511728,120.33826954172679,-5.395356071490078,1.9583144618023676,0.13078912059694991,1.0604878577167807,1830.4945950808938,3357.2109801136107,-0.4121385740842193,,473
178,0.7600986708756331,1.613235877254156,0.921392664389281,0.039824924471435375,-0.04400883652768189,2.0372287776946525,375.61075585467376,-1.2616120416688386,0.2937070478722624,4.317424929970937,0.6514169045301175,4095.6751807011483,3373.851939646558,-0.40933933542687573,,472
179,0.760284172575754,1.7451524780528112,0.1376281754531361,-0.03084053128055566,0.006794941199528743,2.566833426169299,115.11419125306644,-7.583537563410664,2.647140316771006,2.726179438896006,-0.943060332691882,3206.11665942789,1586.2230957083361,-0.4090953157026975,-0.4902399467185491,471
180,0.7602994357111267,1.9628480732657496,0.40651619709372167,0.04638707672872325,0.009278690929040476,1.2846613591087674,318.2186624457736,-2.877476530456205,0.5479305465028799,2.0065078535006466,1.3978212818568037,1177.3166309718408,1152.4423683210405,-0.4090752403378348,,470
181,0.7628028860880444,1.1739304972216256,0.9491193894119364,0.046269809135936396,-0.0404348936022261,1.9116248705790135,425.83114607892514,-4.179090091694575,3.1014188375548395,1.923815710515232,1.22409732600901,2401.759473661028,3490.5708374693413,-0.40578793311556405,,469
182,0.76538240269859,1.7588117737453992,0.6455000197963178,0.016473589430026664,-0.04084996755891904,0.7302792402114943,493.3614335129392,-2.1246152529245066,0.08699786723513163,0.3646331247792852,-0.2838072367543584,249.96275367720867,1452.6664126580936,-0.4024120086392029,,468
183,0.7659128663692226,1.9297487392914319,0.2462269074670621,-0.0122746850678176,-0.0384152351432549,2.8720846949505745,648.3843584735814,-5.463566977045754,2.4040362615789066,1.205162577625976,-0.4566611050200966,3632.075134487743,2503.500321023974,-0.40171917858536726,-0.4902399467185491,467
184,0.7686783799601735,1.8727004329340986,0.20501897872268432,0.030899922838532885,-0.03932127795501216,0.6342306056408528,315.78386264239157,-3.3420656871000256,1.1220836553879023,2.7885073448539037,-1.1856602012663016,4074.0627620985006,2663.2893573909296,-0.39811493987835167,-0.4902399467185491,466
185,0.7736362736103995,1.7153706131115845,0.5085758830627559,0.04023595117348511,0.023943006002553502,1.1343465419056686,479.4560150646624,-3.475690734691545,2.6943802030504744,5.581151305831421,-0.426109772274639,1877.3361255297882,3576.6075554610065,-0.391685757977824,,465
186,0.7756433612637046,1.9622169361990738,0.6476073047157082,-0.026503224972889906,0.03833340224658674,1.5292204406642977,236.3475432676844,-1.8240923574436438,2.418645037430954,4.056874678352203,-0.6286642712551388,1603.73954540711,3373.813453974386,-0.389094761838757,-0.4902399467185491,464
187,0.7771267648006533,1.606869316580515,0.8504447343626164,-0.009605282567967645,0.033201397936702626,1.887289249938978,360.77888026281545,-4.348449285239051,0.9945407308991197,5.160256734608287,-0.018935754466147765,43.43798509006569,914.3422129217804,-0.38718410685728455,,463
188,0.778626854186128,1.1502649880765716,0.1774164280780812,0.04535993929843139,0.0007091409306678037,0.7144562198614103,577.9549800832326,-7.590008600552826,1.432502399647031,3.451542019502188,0.4062893886745282,2566.661578475903,4868.067522469646,-0.385255665448481,,462
189,0.7787046743442886,1.79235385992447,0.8156439900883103,0.008798911223600547,-0.027535561505384765,2.4958263355058015,461.14172999596786,-3.434056508912475,2.136935336155047,4.018566057222768,1.266402144825508,116.29223805496136,4639.814031584833,-0.3851557250609514,,461
190,0.7790836270548932,1.3392967429637077,0.13143371749671237,0.016510651528512568,-0.03605296194711365,1.4579497449972074,251.81576546865082,-2.410194431789934,1.0611973874246547,3.8442120519856964,0.3097050157258984,4243.301471295443,3274.09411953563,-0.38466919846713055,,460
191,0.7846680966448225,1.969167234390208,0.1934555487455529,0.019230376153714278,-0.012591072035856746,0.9271676238238952,471.57622724132233,-6.005697641779027,0.961474160968599,3.14588167755758,0.3686566109710036,138.81758551641653,3724.3681106031568,-0.3775267688270365,-0.4902399467185491,459
192,0.7858640142118815,1.8687736978353624,0.21223943923896682,0.004917661902082468,0.021831760875537037,0.17811735624456293,717.2235676893739,-6.477265174457065,1.9637019266537206,5.456034140792861,1.383806706472114,3430.637140840882,860.6285410380254,-0.37600382282683065,,458
193,0.7872036658683901,1.2529735581543988,0.15662643885945396,0.03698426045885497,-0.01866930911763809,2.3231299399460434,567.6858662131731,-2.96851322793594,0.6136299544425952,0.4620330197308932,-1.027688964547815,337.73870133295134,4135.561017345533,-0.3743005878073288,,457
194,0.7910517896167564,1.004804423136685,0.7792775366234833,-0.04104815768913426,-0.033175498508371384,0.41072802013105125,353.3033047970569,-3.2962538392302125,2.75943363749404,5.417127443389952,1.0646340055903873,221.6342036890939,3531.6041418638833,-0.36942415115626065,,456
195,0.7912024840650204,1.9790959982014193,0.4112683135858956,0.012992694653452676,-0.030895845324092182,2.119522366140778,565.981581412475,-1.3154478151860998,3.05315583713839,1.1854787663071127,-0.6732293463942556,3305.6072510693075,1179.5243579730418,-0.3692336704589008,-0.4902399467185491,455
196,0.7925921241177252,1.895300222989088,0.1381523698552769,-0.01308886171166048,-0.04612403967637882,1.125094508995097,328.2171045096704,-5.1983167252200735,2.7399820400713852,6.007871271776194,0.042250077468202314,4120.434694991068,4084.653293616999,-0.3674788464405401,,454
197,0.7928437983837298,1.2802815524395446,0.5034249060158094,-0.013237489783100999,-0.008979953861503895,0.9701106405108199,496.49899054197675,-0.31980083483305677,1.8825348112987992,3.953282735609372,0.8764805622667149,1421.9727625393175,2074.150713809344,-0.3671613637034109,,453
198,0.7968961042486283,1.853153968634851,0.22414597459219973,-0.03203716733870197,-0.03933053914675595,2.0218671487938655,435.3780316144474,-9.863956872045406,0.03911118598476686,3.582241283935865,0.27713916927398186,1138.40389937801,3458.127929991633,-0.3620632786204544,,452
199,0.7975485647553072,1.354505169756795,0.2582932735691742,-0.020166157156976783,-0.004984497912998641,2.1754436721706143,146.6281343334948,-0.790472033789248,0.8299972852389416,1.4158250491540532,0.33520026696692085,4531.401614132665,91.71740998460109,-0.36124486132973976,-0.4902399467185491,451
200,0.8012794683561703,1.9946184663467659,0.34930206357433286,-0.031088847043249018,-0.0479979942621316,2.2576614593099413,416.9020727026705,-5.556731111616922,0.4231663204194673,1.0087313763270314,0.5042414392895467,2877.8376884271433,1221.816628671002,-0.3565778048413467,-0.4902399467185491,450
201,0.8032305634432846,1.6479598457883182,0.7094049129484812,0.04676321538059969,-0.031867467482083175,2.5326600307529974,707.8905931164925,-7.851496586974099,0.28401901336654584,4.819129468270416,-0.9782467987272798,1037.6592832284293,1191.45786151304,-0.3541457900703173,,449
202,0.8037051812961993,1.6113336498300532,0.9859428246330512,-0.02293840602927695,0.043850704834839424,2.2944775844444365,345.0849264936719,-4.195741036561382,1.5734946856439396,2.966813158216993,-0.30570138244349015,409.50805441571146,4332.103779378343,-0.3535550783778945,,448
203,0.8072867169655613,1.8438882722512,0.18061189407601766,-0.013173109104340663,0.033711406962376844,0.6696606176578574,586.1451231999716,-1.3523104074901493,3.0106409044776985,3.395685361940481,-0.08668910489779036,2008.7822774904162,4495.619029350315,-0.3491086977674357,,447
204,0.8095324390535238,1.8957513878945291,0.6082852168786035,-0.028018282659768714,0.028397424644759764,1.3757421384172237,729.7743920790692,-8.956136622509137,2.123991144748088,6.279706562666224,-0.5462920093001828,1763.866119386599,4857.521412434084,-0.34633074511416967,,446
205,0.8123201260482165,1.8073594844944463,0.23287146341324802,-0.001861639457623419,0.03492653272956543,1.5997840823181415,240.69070848330819,-2.0742482625353937,1.7679284975986698,5.6175070168210475,1.1284020805974013,3579.793865880434,3769.859036413213,-0.34289308400984897,-0.4902399467185491,445
206,0.8194255172205221,1.595077114582831,0.7422612964748424,0.019073469852099522,-0.046293789084172914,3.04220468858322,727.3606587576201,-8.021942593255169,2.188911146777797,1.7869765087324698,-1.166297775826281,319.56479320402184,490.88235938521416,-0.3341840844036992,-0.4902399467185491,444
207,0.8201430438560998,1.6578030793063836,0.7860230291035518,0.03491858109594795,-0.026613052947948797,1.5154940156829773,327.68173914402587,-1.3828227171038485,0.987551642178064,3.636009215397641,-0.4787206972481714,4740.675463845358,1703.104000234698,-0.33330882160783815,-0.4902399467185491,443
208,0.8264808751497295,1.616686936528773,0.5795832089371994,0.04971079195440786,-0.0173404530833672,2.5419593366318582,264.3385832096027,-6.639129077771604,2.419917144878862,4.282280876111782,-0.01667702383297042,2575.8851577458854,491.70782418358596,-0.32561081295094674,,442
209,0.8265877564354892,1.3961688391641665,0.17111269420783354,0.038352316860242444,-0.0330848195199259,1.6187875220172028,271.7166200221785,-8.826602812084221,0.5645835362377931,0.8084053370280809,0.7105475261526956,2149.6178470731697,4352.9367247344635,-0.3254815003696576,-0.4902399467185491,441
210,0.827153828299781,1.8941110733279363,0.35759568704204786,-0.010915669974923194,-0.038822276116446244,1.1795596190844475,400.7569300128806,-5.79337539279734,1.0069820222003905,0.22037836092997784,0.17177017176534654,949.1216186324125,3095.7719883255354,-0.32479690503552805,,440
211,0.8277255068120253,1.9789914982705754,0.2280281451953311,-0.04714528133856275,-0.04187982637177839,2.1828578733399047,346.96021792595224,-7.042633971029632,0.8279035289564038,3.546275192258686,-0.5354685400737575,956.8457336331581,289.24696434850404,-0.324106004469095,,439
212,0.8294280785371311,1.4908979208084963,0.16173309759840243,0.027910625581395634,0.04122888929031317,2.0050369903428664,107.9193317271855,-8.9041375637065,2.3565711798706817,4.376857478522698,0.07765636497560198,1680.224174482602,4319.488752546725,-0.32205118910470854,,438
213,0.8326475747294129,1.7848791560921198,0.623737399248258,0.020719473880184296,0.027409331581796755,1.698341161682604,238.78334516321218,-6.981585639177613,1.2899182941493592,1.2052951548243964,-1.3031661250311875,3835.341556249395,4595.293180934354,-0.3181771172926402,-0.4902399467185491,437
214,0.8335686883869085,1.1150447225386213,0.5355072214095562,-0.017507946469390405,-0.030761586081153737,2.6373554501900274,305.4777897241561,-0.3112064203428755,1.8262254212454105,2.3981800144061753,-0.9881761258541211,4650.744022056007,4854.974227501086,-0.317071482001818,,436
215,0.834135754287241,1.4591353751685936,0.6900811341940166,0.03729433386312468,-0.04338339128260496,0.3012540299828693,638.7644669860044,-5.179798143332272,2.7238293692885382,1.3826322585628643,0.7247112302361873,2693.2388420327857,947.1071431876499,-0.31639142634248335,,435
216,0.8377602778400656,1.7713830282952723,0.2474289937172498,-0.04644572692422926,-0.012456454882447732,1.9027743150609826,228.3755719406587,-4.480856650701179,0.16651605886186235,2.0699698213180415,-0.7620231951574106,2662.069670057493,2693.6705727606623,-0.31205559545178063,,434
217,0.8486557440585163,1.6652186562173286,0.6486441468277425,-0.021657531848764622,-0.04721752045845009,1.910887670667704,415.44490067189236,-3.714548265984395,2.980425506687185,0.2345648896279492,-0.5318012995019228,4932.780752493854,4440.2776568559075,-0.2991339703291047,-0.4902399467185491,433
218,0.8486965927539892,1.4622446207695263,0.1544518024908312,-0.013076270618001852,-0.0331693836598225,2.077550608100882,269.8879813553863,-0.057691179356467615,0.42079052356098695,3.9865618123344317,-0.4871093598937511,280.8827468862285,2503.049904746476,-0.29908583807676864,,432
219,0.8489620700962182,1.4581916915598043,0.7477724587418882,0.026780905012646836,0.0016990119616526536,0.8762435908025967,609.9637156811118,-4.490939250139676,2.729686747865714,5.425491092876299,-0.2160346552040898,2866.0994269429184,2714.091893187186,-0.2987730810424058,,431
220,0.8509505828997642,1.0580306209048436,0.5523611471074876,-0.005831547771610726,-0.03837947818932557,3.0527346062053367,649.007488470466,-1.92727848647694,2.582740213975998,1.9075816402616927,0.7310402768056636,1673.3720345487436,1614.1825251933128,-0.2964335329402739,,430
221,0.8510036111181037,1.79434462855327,0.4161426623867971,0.04008740595320351,0.028865859315825346,2.8422378732999443,745.9740722172841,-8.454452046968852,1.0156407890503285,4.675407615345435,0.9708472337132907,4689.512748253809,4584.318809183916,-0.2963712184331848,,429
222,0.851237034470767,1.2529780552885403,0.24094206861525602,0.04512116797557418,-0.04122554107299399,2.091442666179954,599.6081528571675,-8.244598626967313,2.6688885470275587,6.135273771090814,-1.0934789406564027,4474.674653703877,3760.238831630941,-0.2960969641968792,,428
223,0.8518375355860963,1.6305822577222198,0.45825065250418273,0.022117200375808915,0.038748869143437295,0.9644234841210442,703.8896549565696,-0.3990151796807684,1.5486250558236139,0.26070985144894837,-0.7069528228252634,389.38827006453124,95.19705957661051,-0.29539176766496705,,427
224,0.8569710983932937,1.7905566393582304,0.1590253884179162,-0.022369070409680836,-0.002051272479547464,2.0023480737894293,658.5586122557881,-2.7368160144135656,2.6359895230174257,3.540256130025206,0.8162182618271723,4633.356693109423,1934.7314137619264,-0.28938339651230527,,426
225,0.8593010439553999,1.9150927012539536,0.3404657817539449,0.005434871441694723,-0.021759569909794954,1.1169961115419098,648.7056207547265,-5.244078224033575,0.25495385077335414,6.072877794056954,-0.5302221957225706,726.6487890842722,2310.0986253748833,-0.2866682711706195,,425
226,0.8598447218447891,1.137375551691889,0.7435546364643296,0.03626376643327778,0.04253673409232568,1.811427999737052,97.5675056175013,-9.45591134536254,1.710942450386915,5.168109983441657,0.6988133057612603,737.768117787716,3178.4308913740965,-0.28603577342862285,,424
227,0.8602900405573853,1.7324243285103487,0.7228864220454332,-0.032722880305962716,-0.04684683028566748,2.2130041374722174,368.0465290258119,-8.800006678118658,1.1117728770374995,4.143250220471357,-0.015219366109871069,3699.3217360605477,517.7751061133366,-0.2855180015281207,-0.4902399467185491,423
228,0.8654992992416449,1.6302483039411968,0.8055722177818166,-0.02687973314720369,-0.0072016437725426,0.9451378218496473,416.9989901679665,-3.3218273038729906,0.8085818394368876,2.3165006959744265,0.8594521780834308,3238.6193825762343,4939.876809689619,-0.27948102542088193,,422
229,0.8659759613446165,1.368474241153704,0.5223245936692906,-0.00014531400953019663,-6.78482351570836e-05,2.5410983859843927,177.1110851421258,-9.547537007928916,1.8213481320075036,2.846626690488597,-0.9177738930941466,2500.5694622649476,4701.4367158645655,-0.27893044046497206,,421
230,0.86751323168496,1.8111873383360977,0.6935875264873403,-0.001073491831230823,-0.002563788341053398,0.6587991896446542,397.9663446932091,-3.031170285847442,1.921910034732712,1.9990182633535518,-0.14209588079061386,3904.000814358167,4954.01162986543,-0.27715682601209235,,420
231,0.8676718447881486,1.7855349910906193,0.5737814759213805,-0.04845288670233925,-0.020665914792340236,0.5392232393829791,585.4066668425852,-6.642070503647433,1.9008508720840387,5.4972443212468995,0.24051708836694105,1767.9042299658465,1275.2439597548237,-0.2769740062013564,,419
232,0.8678707243139533,1.0433477389584438,0.27587157874779533,-0.02707026960290009,-0.00488924653729543,0.8427166710331234,697.620858205444,-8.714039828324031,2.0269381188304383,0.46039452724801583,-0.9953291717513034,1507.3145317016301,775.9126421390805,-0.27674482193331895,,418
233,0.8681929984451331,1.2695792053636936,0.7862831690989082,0.032321813591576445,0.014291124694807228,1.2098545841259019,274.46110751223847,-5.99007509711043,0.915067014624472,1.992581149648206,-0.8409079119076638,4374.3024134701855,286.932289016435,-0.27637355199585,,417
234,0.8690312841839783,1.8880879556600298,0.5661270794058781,0.04089163718799382,0.02796664882558375,2.1184884525094736,565.6932571473764,-5.862859316769439,0.2404237167489568,1.3688569960958532,-0.9663268253482892,2306.87960651663,4179.185645895495,-0.27540846555041937,,416
235,0.8700044427119786,1.894116994876136,0.21553613528561522,-0.01572503363187384,0.03246590132660252,0.3010830487742078,604.427237272853,-2.9125799048079197,2.943771760383623,0.03504671899872007,0.2752521438988604,3274.0979787360257,381.50426318777954,-0.274289272178474,-0.4902399467185491,415
236,0.8703274435189334,1.2629781967341716,0.7700056828248042,-0.018765074756930702,0.03868561371231931,0.6412813038251693,367.42120135667045,-1.4614444887012148,0.6422570994246298,5.064106684377196,0.3288051212797716,305.35499940466116,900.3653711485072,-0.27391807768019527,,414
237,0.8713123773588564,1.2370158393290784,0.30189048064010116,0.04283313995576977,-0.026558933065404806,1.1639254536758727,268.96785884822674,-4.523785788944729,0.6106580613948577,3.847470917978115,-0.33974720323342955,184.05858269932887,3878.8136638993137,-0.27278703562075535,-0.4902399467185491,413
238,0.8716249940773299,1.9497634194758202,0.4977476742591301,0.0378099549890797,-0.006127495138013932,0.941401593327596,692.3486232983124,-1.9108943070454136,0.05638829187461275,6.222378623177883,-0.35406437618691067,3438.755220608883,174.87910541113888,-0.2724283116333719,-0.4902399467185491,412
239,0.8745595262611854,1.065678024695118,0.8708908710873027,0.0494068873914238,-0.019632964713834015,1.1657546066686666,228.05087976645396,-2.0181050667613976,0.5050018429830051,5.347125482252762,-1.5572946787204993,4110.51791569341,3834.784079897271,-0.26906722932818483,-0.4902399467185491,411
240,0.8768763413733068,1.7070676710942596,0.1293364767742676,0.018657977821518124,-0.04801364907125423,1.116863429846093,450.65030378994976,-9.301309106773164,0.8371093850314006,6.1657762126206,-1.374008281188176,1845.927158677385,916.2123950659728,-0.2664216098039104,,410
241,0.8787435855656746,1.6603543953716466,0.6798883509389213,0.025419293769638238,-0.02242660093410156,2.236750285232965,339.22401384984687,-2.5514178391113855,1.3077920804622154,1.9395965481013309,0.5432413415398789,383.54013209246693,1962.057421138028,-0.26429444677982816,,409
242,0.8789720639066628,1.1488809481081415,0.16640728097082186,-0.03524030447174629,0.044525521255977155,0.3342984463506536,132.32283898812838,-0.35260872715725533,2.738214165371542,6.255413229668525,0.798613538774349,4147.049634340257,1058.5326952480577,-0.264034474875566,,408
243,0.88192282183381,1.3720314552497737,0.19288265492787554,0.030064217035005322,0.0014261042750753905,0.7400422215088563,621.2741796792329,-9.770746118894904,1.3279276356884042,2.7887463571093014,1.0804741528937474,2516.5724159448123,710.5885216113417,-0.2606830417912136,,407
244,0.8820801051566456,1.9167335434637478,0.28633710184176797,-0.03294663365363544,0.03205280188642637,0.5576949136822335,667.8437357073177,-1.7465815196520058,1.4537986010754615,5.2206370241512525,0.8182318363082902,1634.910464567666,3344.623378604342,-0.26050471632379496,,406
245,0.8821737815448782,1.0993362910129774,0.14119198622278456,0.04014493710966083,-0.022801668197842597,1.0290265138964072,551.6025138297673,-6.036014321364938,1.4078637703400512,3.1979249010965782,0.6941708389190071,2662.1468718226424,537.4287225019814,-0.26039852255087387,,405
246,0.882332176575873,1.2668594697116902,0.16092467786034906,-0.021239628082673795,0.012326156612958003,0.596901764441795,632.6837787095336,-0.37175677891431036,0.557491033118937,2.3985531461605296,1.1888432340183233,4154.861642578186,2230.065029690525,-0.2602189878423602,-0.4902399467185491,404
247,0.8836476816131629,1.6814170757802245,0.538271467621618,-0.013547564490340587,-0.03158734435859486,1.9504305475503416,544.3041274290085,-5.717953426123866,0.645622386805928,3.64824185617905,0.7777845802262139,374.7243922686918,2803.7907037140662,-0.2587291573955403,-0.4902399467185491,403
248,0.8852271208167446,1.1156908477378964,0.2338010163304762,-0.04244104302515275,-0.03584795618301001,2.615851979782702,560.7151471444334,-0.6425763895934619,1.3953892903452867,3.5693718634600673,-0.10946710217172897,4732.594283656038,3364.058065250245,-0.25694334460519674,-0.4902399467185491,402
249,0.8857111599038142,1.6604499104756492,0.23957696818437274,-0.04208511934335975,-0.03732319621450757,1.9502200410173414,451.07887138460916,-3.8665035713906217,0.2954126947694838,2.6187334607015056,0.280055603646075,3187.855582069871,2161.393364719882,-0.25639669754876965,-0.4902399467185491,401
250,0.8864716896252111,1.0713335800702515,0.9146015722493661,0.02204514034902827,-0.020178415309912046,2.3296306310433996,188.1797281441044,-3.795799771052673,2.0992896171609003,5.6918550872313105,0.7066450456228809,1229.9319763437666,326.4356286367476,-0.25553840037215586,,400
251,0.8887991613304065,1.6947891125115595,0.8293825333416138,0.04874753347927123,-0.013331039659536102,1.0012373363298164,419.5018504606798,-3.0305732235252947,2.3196759032036116,1.6947072685134785,-0.9184022853653175,539.9914827713892,641.7544832576816,-0.2529162956522397,,399
252,0.8897664808257784,1.674909494789975,0.5396952916171369,0.03739004194801268,-0.021578689354281935,2.613513010014188,707.2587952928494,-2.432217165164168,1.670892706451721,4.8184244724207455,0.5315059885184685,3427.633756778703,1360.705809760201,-0.25182854317594844,,398
253,0.890912389034112,1.843471377510104,0.9339485888950025,0.007311663996372689,-0.028186560594768675,1.9691462175780485,623.2376863724987,-3.2955597909092216,0.4098251835550924,4.256013081917814,1.2362249491070514,4095.6394577085043,913.8606694355444,-0.2505414965490386,,397
254,0.8909617868078388,1.1277239251837496,0.5766876646192882,0.02336535525000849,0.01737035919346168,2.521289658732029,335.43980531948694,-3.0780392452410155,0.6668370293972854,2.349575664518322,-0.7481096009019876,3069.0811134734163,2082.830009940522,-0.25048605181065664,,396
255,0.8916156476850984,1.4539703950122143,0.18348378996047396,-0.02881548055282811,0.016960253886168484,1.7430034896087372,507.52071521481093,-7.933503594084371,1.1066699583756567,5.890474457411289,-0.39205889475534983,1149.724453452624,2926.1848408807446,-0.2497524389039567,-0.4902399467185491,395
256,0.8923364828549928,1.654807746720933,0.20903944692756352,-2.458208489530822e-05,-0.019668273788750402,1.4621906359978858,227.2847662233771,-7.127922402867098,2.2339952301153887,2.077401810887907,-0.8220380837404588,3604.9025778688792,955.7376354343817,-0.248944305998611,,394
257,0.8936166131095777,1.2628690723073528,0.9937654766525001,-0.0011873127532409915,0.020021261663040215,1.7009000190378991,242.27626719885438,-2.152746972622259,3.1183806357985024,3.696358967522531,-0.4287774904350127,475.4589096501362,1882.890166481044,-0.24751075158250715,-0.4902399467185491,393
258,0.8936198108691604,1.7292512437355565,0.18816010134751715,-0.01543417259605541,0.03105308848250988,0.5157950473997822,583.8987537100802,-5.199167334146011,0.3714902744286026,0.5241834238253985,0.7402289011537314,2219.04390464459,928.6303412073726,-0.2475071731420346,-0.4902399467185491,392
259,0.8945234834843911,1.6418546592450638,0.3323309056847379,-0.02552639260656782,0.03637596714756404,1.7745121051805715,303.83468872481785,-5.936258187259458,3.045578611958514,3.428766553838113,-0.1815904713401054,1107.4577719241995,2823.2241254616097,-0.2464964345787729,,391
260,0.896810640295014,1.1763223399979192,0.5506189408172482,-0.02034765500005338,0.02224971954775561,0.5927779703444008,481.25587040477546,-7.843927263611473,0.5840020853891997,4.467568819716793,0.6214820785483106,4385.00559501149,544.6706204505358,-0.2439428539562708,-0.4902399467185491,390
261,0.8970415202804436,1.5681089893116809,0.7906137222154025,-0.010484974064786233,0.025901291791717962,1.7534888093373837,217.3623200258269,-9.391143182820088,2.6503872124035603,4.616902947849284,-0.9542850798601406,4762.843166044403,4956.889138989941,-0.24368544145392995,,389
262,0.8984859107292569,1.368971897609872,0.597815587864331,0.04427286324598988,0.0459458781819673,2.1112812729133883,477.95563965629043,-3.1349153657796354,2.8971854756508963,5.845058692122485,0.01791470905122994,47.54587263857468,3909.0095022738,-0.24207656515897513,,388
263,0.8990925122605038,1.5127536399936639,0.5389983543673807,-0.005120508914697043,0.027557895693396728,1.3847039631805655,232.5562833199252,-6.875759904808572,1.241591704830369,2.4339405199333064,0.5462805900641603,4578.837579528024,801.609120111707,-0.24140165546209857,,387
264,0.9033256905792731,1.6117818752856983,0.39324629240971354,0.031264781889355914,0.0037038319204814457,1.462709456045691,102.22122254414107,-5.363484471373723,0.9696350146696473,2.7693780896144804,-0.5737085836595252,1664.2411974667325,1770.0665903200552,-0.236704425823054,,386
265,0.9038870517179113,1.0044176945035213,0.7021175114318481,-0.015092380405214594,-0.04711198672011068,2.396679426860517,770.9909534509309,-4.706650726984765,1.0610697998184895,3.4623943388560856,0.5672902936821212,4188.955192953341,175.67624505389844,-0.23608318058331024,,385
266,0.9039947430688567,1.1535805367473262,0.5850798333139287,-0.02343121205841109,0.03368321966378488,1.3057763194722032,368.7600542317477,-4.323887749277089,0.6368120431787758,0.6113137923061972,-0.4065096432037777,2362.81494185087,741.0368052199337,-0.23596404519361192,-0.4902399467185491,384
267,0.9049473246124861,1.2045736327900154,0.13474156482721444,-0.03658307678501569,0.006117435976189502,0.3119356682338479,517.7002494220643,-1.153997368094771,1.0387832448436802,0.16605109431165627,0.05378410947263186,1023.1539570952908,1402.9818454031595,-0.23491085322167027,,383
268,0.909113086661079,1.0050415989400916,0.8329703100232967,-0.013652055575104495,0.0409636265837046,2.900843164275348,459.39956268097694,-3.8531418003553153,0.5478834309815661,3.7483057160029833,-0.7541969487424552,3947.305397597626,263.970323206234,-0.23031809617212806,,382
269,0.9106044586039581,1.9585156233085597,0.9062473621210152,-0.017648713517261654,-0.0314599352749656,1.997373779188099,663.6592902565725,-3.9619934506399668,2.383608189372575,0.9983146351156862,-0.8555411321692499,4639.075321472826,3118.9013784943686,-0.22867897115440028,,381
270,0.9151405598941343,1.5968794261145858,0.18555522088347778,-0.015640005928428118,-0.03254971863803295,0.21515440420813717,781.4270056493042,-3.7445006007183235,2.903641748111087,2.1866455914185408,0.7864511547936053,3601.307636561454,1006.1886212153037,-0.22370991953132519,,380
271,0.9151452553669451,1.5844996946855905,0.19493991723918205,0.02456611990186703,0.0041060370201074815,1.069264522391676,603.2787936663681,-0.9860808779388885,0.958673709109169,0.24679794124556292,-0.145806343008396,1400.543802918612,1553.2594141426262,-0.2237047886684245,-0.4902399467185491,379
272,0.9170481587092728,1.1135511714334623,0.9848403985956034,-0.03125574368136519,-0.0025195636190984,1.3585825272312837,244.31550925926302,-5.271790490911197,1.1968871070788223,5.293005134151769,0.20024156516980543,1634.8864774256422,2444.769178859577,-0.22162760182570052,,378
273,0.9195161107302163,1.1963982912108269,0.3351898082378602,0.03773320445591243,-0.0315903274300492,3.06286723468237,759.3110470940355,-1.931574035173563,0.3317434030676654,3.653101642756607,0.6997127193739459,975.2439602877059,4353.486555160093,-0.21894002530302803,-0.4902399467185491,377
274,0.9229098650835418,1.2640297577178337,0.32200619315164764,-0.03134490174041138,-0.011012375164346853,2.785174787572421,467.4351160081289,-4.367635956758049,0.4616750047040818,4.843472394632155,-0.4603317824833414,536.094399954975,348.35132587356264,-0.2152560149425521,,376
275,0.9248456005200216,1.7002392504496975,0.1810629367856158,-0.04897688812971446,-0.04850843761557766,0.9723786334932666,583.8512022966522,-7.810543936129283,2.8054726340670575,0.42077727072229987,-0.45645551765887044,3834.1612622937682,3227.1482160000373,-0.21316078515629522,,375
276,0.9269339856397454,1.4020283271318499,0.29894253644475327,-0.011152501564616375,0.003444546040203317,1.9363676374632508,549.3638425060507,-9.371348395532594,2.991001410996127,5.230539135566816,-0.5302000783577026,4979.8446133542975,1740.9288783244046,-0.2109052402515891,-0.4902399467185491,374
277,0.9292664772950715,1.2828881580737963,0.6099543492762158,0.020311868207309767,-0.04845298989272401,1.4520693360769774,584.3347482160593,-5.371218398076844,2.2588318841613297,6.08773434771594,-0.36377104635497404,2414.8739347522524,380.7812885631373,-0.20839204953797308,-0.4902399467185491,373
278,0.9299300542286317,1.9479623334030776,0.7131244184258587,-0.008864950071868938,0.027406566293818685,1.751461627226465,141.46563076217114,-1.0024250286065666,1.5118913880905438,4.861998793683155,-0.803567181478319,1579.4383288166036,3467.1629399536055,-0.20767821756756,,372
279,0.93021950040364,1.3090350179424353,0.82632711577132,-0.005679254022184763,-0.039020770050710585,1.193012719242476,338.340633639926,-5.568815970132506,1.038113430557112,5.409126979923962,0.6244770118416798,2420.691022955327,3638.8743384626223,-0.20736701014167808,,371
280,0.9327095766849827,1.678382077468397,0.5320029253020703,-0.017201561286520024,-0.04153955065129817,2.7476958029705667,454.66916861505086,-2.9609269189546463,0.517674688570541,1.3848996178184276,0.4245288914655124,4872.539868937925,3673.206290540094,-0.20469371699819527,-0.4902399467185491,370
281,0.9342101932056668,1.21898524140897,0.9542400075039085,0.03210001975345432,0.0473604344968801,2.1197164154017667,701.2674405841345,-2.8681818474146814,0.584761028876656,3.422207076413295,1.0567532633300483,1877.0655876619412,1595.9018197773034,-0.20308613121109603,,369
282,0.9345147862387938,1.3301231018234403,0.9826911245703909,0.04900369533772167,-0.0297401601563297,1.1440500303255445,304.5811647438924,-7.986684666863695,3.078220550053623,0.37211658800164893,-0.8469104404676009,2922.582328970682,1658.6786331252436,-0.2027601409886728,,368
283,0.9354388231632224,1.5804390365566046,0.16204119030501693,0.0009544476810722652,0.0028251713566413775,2.4909969605538085,611.3658472013001,-2.147225749971735,0.21526313744001566,5.109560154330198,-0.15165972328009616,984.9297062604468,650.0211089318642,-0.20177184160522715,,367
284,0.936220286041913,1.816786750650509,0.8331910871282038,-0.04422921242635689,0.03669085594904489,1.2069762120451795,629.3114998948852,-4.383374324964753,1.129498305589635,0.14005693669274874,-0.3907199669102596,4588.8605049071375,454.31482667716017,-0.20093679325668218,,366
285,0.9367775697528853,1.7103472236432917,0.2181643218124506,0.005727163520492641,0.03128031814299985,0.67518631121958,561.2369567401332,-6.447263108864947,0.6008321780060663,3.188886417314596,-0.393574607626315,1273.0772655896612,3165.1583054721964,-0.2003417218574216,-0.4902399467185491,365
286,0.9425617609611997,1.8130589853807813,0.14787446136294247,0.045213795745651,0.008667075332484077,1.9342014919360704,745.796328938037,-3.990695230482192,2.4022579062811356,6.192791219355538,-0.43597505016797844,2211.2402289920115,994.0246703352508,-0.194186144333014,-0.4902399467185491,364
287,0.9426527867978904,1.883624052151931,0.6342166344666161,-0.026790464172009212,0.02559265554136121,2.15583072990513,760.4453192568515,-7.271571292890233,2.785971984457773,2.808169735207874,-0.054613679538596874,2383.034493577748,4152.855807541247,-0.19408957618710304,,363
288,0.9434799386959484,1.566729535816717,0.3468901928251824,-0.02374641441195895,0.04143371332829382,2.5368254232159124,157.62145804222308,-9.440309500141357,1.044052948719313,1.5456473009407348,0.32280939507550854,3931.0178946959863,4512.322513744071,-0.19321248844042405,,362
289,0.9440627565449493,1.1908739367038153,0.7859281628805925,0.01771589653387902,-0.025948523727554254,2.2435125744278657,656.6796527315735,-3.039456295838927,2.5317812438438576,6.006157520055214,-0.379475788972988,2525.183784577776,31.684550979069748,-0.19259494705287883,,361
290,0.9451856316744217,1.1781736589196465,0.1963173625404628,0.031193232123405995,0.027866380259220017,2.251567726172526,549.8153742719542,-7.245843217904387,2.691327423975137,1.2579343853508136,-0.5862438181646885,3239.514177638657,126.03464099839368,-0.19140624654243352,,360
291,0.9461774856266933,1.0316495881447365,0.34388715873836345,0.012426697782557589,-0.033749937602654385,1.328478489334146,286.77519818278716,-4.903865878333761,0.5416290983173779,3.4676459747034833,0.41727168175639684,4296.515963552403,3742.099988767271,-0.19035742198398042,-0.4902399467185491,359
292,0.9469920448277651,1.8477905310074456,0.2357020342813609,0.014583123401547429,-0.01491975111440992,0.9489262024208412,721.4893534851007,-0.4943577044924172,2.4385882422189398,3.5408706561297856,0.3390893729105438,3340.2064497552637,4563.450463987266,-0.18949689762181937,-0.4902399467185491,358
293,0.9483508790056532,1.8686419314343832,0.4662807245064246,0.0002678482251686244,-0.017116382370777287,0.8134061488352666,752.5139340866114,-6.030134985900747,1.4389145291675178,4.07181156702171,-1.0007718604141682,739.9630831236809,3388.1868267291848,-0.1880630310707171,-0.4902399467185491,357
294,0.9490019917942771,1.4831161408153493,0.36180154152745525,0.014188652242053096,-0.007382374954242522,1.2371823859701252,259.7250197914807,-1.6646019405220045,2.4058546661300597,4.391562116816371,0.34177842959532223,4211.1598189900005,2602.052628805582,-0.18737669293697787,,356
295,0.9498317802469332,1.6882267556125765,0.616911048956977,-0.035806817399183455,-0.028688544166351738,0.7086835357579232,670.5243479762223,-9.937762736866297,2.4923467596887736,0.4407337097933053,1.0958470895135073,2710.400250113334,3178.737491203967,-0.18650269488858767,,355
296,0.9501936802028252,1.2549406488192638,0.6137721615789726,-0.031660461125444274,-0.03861634202262081,0.5533828925156112,653.1013784297745,-1.8383146244117743,2.147583748523444,5.047950776578454,0.7314600066465575,2917.0076197157678,4732.827230214181,-0.18612175266672207,,354
297,0.9504645980933708,1.278371658457703,0.6948016228524188,-0.04526385925865836,-0.007476492810282672,1.200663228919588,499.9512408408457,-0.04776877006399127,0.8513588675513469,3.5479909759275556,0.030147993731707734,2401.6842419653594,991.4727731140579,-0.1858366747066669,-0.4902399467185491,353
298,0.9522972640835552,1.4781077853750193,0.2975295155613664,-0.02134033205763637,0.04603174370750199,2.1420709356166814,697.5768506214491,-2.2293674238999595,2.0930963700562377,1.1885143645858562,-1.2790386660159259,1986.207775996639,4201.998110721142,-0.18391035214017526,,352
299,0.8116754951321782,1.3255630159735472,0.34979663017612994,0.028268082061247715,0.020188652822281467,0.49121421243596175,338.8012514904675,-2.1005573848754917,1.881746178196434,2.5738470420280106,-0.9537786904535465,1688.6993757593239,2582.6378917453108,-0.18152021181509076,,351
300,0.6689919698488952,1.4022342331784667,0.3367633682406038,0.04524058243979279,-0.012086186778250088,0.6637832503456818,407.8737213058929,-9.326933576439675,2.42815352608318,3.8552746869661383,0.2299628966029168,2709.8817636096205,3276.4624606500824,-0.1811956559198029,,500
301,0.6691110519920203,1.870106578207015,0.6459119389397483,-0.007130361308905694,0.010151580673686267,0.6296803555962512,602.9756478876317,-4.961324478331937,0.46764454519872095,0.2838774653998129,0.7008361362345251,2231.417196342217,2556.6207732557423,-0.181017669409777,,499
302,0.6696623396140644,1.784067055465115,0.45612808421095574,0.01573779559104542,0.037950051570040055,1.4450640315854695,83.75470622176431,-6.068675490693902,1.5467698146542355,2.780344944736571,-0.3610349136568213,4454.5175281430975,230.33967432732004,-0.18019409813675774,,498
303,0.6707784228486692,1.4521727076570379,0.33624601101307305,-0.04786568702798556,-0.03159417535691468,0.49180352410847183,661.1095146474867,-2.310803440868452,1.8486068117760235,1.0925021851934542,-0.4299429476725012,2170.5479205018996,455.4203203427423,-0.17852884962482873,-0.18152021181509076,497
304,0.6715757123600712,1.8588136656966505,0.877593382148888,-0.010606773151643559,-0.015261427856402832,1.2833286713230536,301.3604451044435,-4.380961959755075,2.30860205033686,5.585665706677546,-1.1684138566728155,528.1373228055442,3867.214909333717,-0.1773409520585325,,496
305,0.6721454725154873,1.276897584197697,0.24962718949135826,0.02345183630114622,0.016984536924976618,1.5234300911114365,502.39687060024926,-6.41071397113371,3.0498105313442494,3.8577424541661314,0.6723480846721195,1098.517695331877,3106.468254653365,-0.17649291870759654,-0.18152021181509076,495
306,0.6735301102805609,1.3206899162298138,0.5539566195943504,0.004824516791810438,0.008003192045655541,2.1129348564618873,389.5215882830553,-8.581871011289998,1.3246341008096267,0.8932553746333421,0.7228478137438452,2621.40638312075,46.29332056799163,-0.17443501073713283,,494
307,0.6744057701467979,1.1961456702637372,0.6079347665023258,0.044234949808877044,0.0022691685753003996,2.1439346110151125,422.00683739713355,-6.826005971475448,3.088453184959757,1.6746720290663761,-1.1435627012567364,69.40639966727144,1347.6017030542305,-0.17313575013856697,-0.4902399467185491,493
308,0.6760076653771273,1.9135258030621107,0.19474349961627432,-0.027237697594132193,-0.016367853341368033,2.7099725651387083,762.4890652727149,-2.31589707017142,0.6362720786965556,0.9466842470172049,0.9639031799823192,2042.4124371605703,3827.499729244,-0.17076329746664543,-0.18152021181509076,492
309,0.6761181703501178,1.018047705579455,0.8922196162943907,0.013688430294022683,-0.04628724283175771,1.248884775671364,200.1568766788983,-9.195135929354475,1.0268387143480786,0.560571528172329,-0.5004422360739104,1800.9984515634414,3395.668656609467,-0.17059984378455872,-0.18152021181509076,491
310,0.6763683589208007,1.7522785132481622,0.4522447254535559,-0.044447935132537336,-0.04485866513521428,1.0896787418995597,553.3933866749663,-7.006769984326522,0.29899713901799607,1.6937788347307456,0.6250018215212241,1333.8609816052326,2625.4369611510865,-0.17022987548081045,,490
311,0.6768662741421843,1.4955234479866546,0.3469998933284847,-0.04809786025551029,0.04606712275447042,1.9110873531400316,332.2845081064674,-7.493809171385952,1.0001336220447103,3.5093725720943136,-0.5391384310241482,4200.3766568556375,2588.919768919053,-0.16949398647574165,-0.18152021181509076,489
312,0.6768979350528591,1.4975022174823334,0.7430655964597345,0.027130428165706585,0.04017078580582516,1.1453631471492849,242.306604580477,-2.8732026546806395,0.8968001041829221,0.526945480889475,0.25932491706267197,4019.3672411493462,4070.4258753366694,-0.16944721184472167,,488
313,0.6770190372033129,1.7290735497273,0.18365622016522867,0.011406205484191335,-0.0044566848420699995,0.4259985752193451,662.6237608168993,-9.723208826738754,2.9724221964958155,3.3372774716260287,-1.1964105163196141,2985.698851934676,890.9149189378974,-0.16926832029782374,,487
314,0.6771151742814494,1.3119789123966874,0.6303245430423066,-0.04380906715931237,-0.032131488972021255,1.683735710560924,613.199380137075,-6.750201810190603,3.0889086526070844,1.8266543965478135,0.9241071052419152,940.3434964778501,3178.4552537307663,-0.16912632982529285,,486
315,0.6772093079795243,1.8171064398535683,0.1970862482811521,-0.012617813853579747,-0.03995993381221108,3.034713204085923,482.7589144260061,-3.18420878482429,2.0170133176870353,0.20950648504250702,0.7618735353625796,928.9855377185563,4849.684479727822,-0.16898731779464027,-0.4902399467185491,485
316,0.678447316442337,1.7986998770198726,0.1266210936758264,0.04247689111281879,0.00620030218849915,0.2791397579018925,411.33879522202454,-9.226303291916684,2.7085429897711943,6.150591933987621,1.0279622633130734,3137.3724364975747,276.42460392001215,-0.16716088360081452,-0.4902399467185491,484
317,0.678480462845348,1.0801365133717091,0.23623536216572769,0.02465356507080529,-0.016048713825836433,0.6437481695357663,637.1251783391016,-1.0918402139462005,0.46793742269375677,3.0386849093207196,1.4824267503967832,943.3027932970464,3967.4113883802825,-0.16711202852757823,-0.18152021181509076,483
318,0.6789478640659734,1.8880051756444953,0.943953261307506,0.04607344007544788,0.006619163433001327,1.6241338084015384,298.28811481009905,-6.491660140123388,2.825326530775622,2.581002959051476,-1.216338971181534,2878.433456012921,1146.7850560323411,-0.16642337155784725,,482
319,0.6789937862558654,1.248202433960783,0.17448485038276548,0.0426455974741483,-0.01175294717978156,0.6213353979647698,449.66193755609294,-0.1638224779697311,0.02030757531768579,6.0906996708681085,-0.2096656509732863,3057.7878552895463,1478.382893684346,-0.16635573656054992,-0.18152021181509076,481
320,0.6792135502027095,1.695198048790996,0.8022347747268566,-0.026595181929788537,-0.018587216582648947,1.7217873531295136,550.5073848533906,-3.7417123582574625,1.9279260741489173,3.740613147758447,0.972898761856224,4497.154579285822,1338.3762000982201,-0.16603212772284068,,480
321,0.6794301039106734,1.2205281921618971,0.23256533970260945,0.03206319116732228,0.04767052588873436,1.5882136818638553,332.3953952373907,-6.417802627041094,0.6383799600919114,4.982846642848717,0.5080662748581791,303.30258068735037,1098.3234324599664,-0.16571334846217645,-0.18152021181509076,479
322,0.6800203329302684,1.4142328469792533,0.14383578038244202,-0.02356648525046224,-0.03139352009080701,1.857404159567274,463.6419683510527,-8.181790571018544,0.1892470133050311,3.4547835548495356,0.8407947929761691,437.2307357037149,3448.8605294814324,-0.16484501366942336,-0.18152021181509076,478
323,0.6803773247166504,1.7639109709160192,0.6096183259841721,0.0278030939094307,-0.04284697686103134,1.0023708267699287,705.8919874374542,-8.762288224535308,1.6285500293227753,4.8000550072838495,1.0971708285169237,4127.619899904455,3837.1279830516482,-0.16432017919536887,,477
324,0.6805041331123122,1.7355514492941468,0.1856944514771251,-0.010037274682082223,0.013067605963194711,2.075851138114659,714.0095598174865,-8.777972597131164,2.958995681140469,4.054096844096382,1.2990019932487262,4953.751635013973,3877.616282328064,-0.16413381704707405,-0.4902399467185491,476
325,0.6807228847356742,1.2279701017881615,0.8313596138988345,0.021126819968438765,-0.033102307065068115,0.5224262916131047,783.6618402858477,-9.35825766227449,2.791791773312089,5.566555522802744,-0.48082612433311217,2848.9811158604252,238.09503445189728,-0.16381241345694308,,475
326,0.6809146455853274,1.6557569468325486,0.8970797279573727,0.01885987353514451,0.040942215588882,1.1440850656148156,363.2236958170456,-2.9236395550097853,2.480305241508244,1.7205192247702015,0.6142332127767853,607.812196047569,992.925546826342,-0.16353075134547335,,474
327,0.6814870926825275,1.028271306370255,0.7079305843442453,-0.006191662571576974,-0.016308889381423435,2.5273828467489334,561.7711555700686,-5.892374345160611,2.694759328644344,3.899931375859548,0.9740960943611806,4680.482553982481,2792.981509865021,-0.16269040137407875,,473
328,0.6815461727705932,1.9094299512636137,0.5502574966432187,-0.04520111880164397,0.013722967770306349,1.8350020436272605,304.15194784285995,-4.3026455445246015,1.3581009179641939,4.137464141048241,0.7414014831972885,1037.4431770806657,4595.486546880539,-0.16260371223804038,,472
329,0.6816548673338854,1.5939066418578387,0.6868340542003917,0.008702270846185675,0.03394717986577857,1.5580718170126118,291.80310310081694,-0.43525511338738865,2.733552360758422,3.7089612153380016,-0.020416910467893234,1909.9370469284788,3355.809272478962,-0.16244424263622093,-0.4902399467185491,471
330,0.6829178424674154,1.77280177616591,0.8766840215047722,0.018377128945687965,0.04566879728982441,2.023864984274371,518.4441099880232,-6.720243319329404,0.014622068084043123,0.7581041827649304,0.9891139420987209,3547.4861547760393,4672.504785968328,-0.16059314963822785,,470
331,0.6829929742668909,1.7947971087519978,0.8426575817466524,0.010802684563680392,-0.027574010953845096,1.6342932863597297,188.1523089338112,-8.593722425668071,0.6230673462563796,3.3166624246708793,-0.5130935225207175,2049.45110750139,4321.441136541352,-0.16048313982114487,-0.4902399467185491,469
332,0.6841217444697147,1.8117138830695454,0.5838790742902951,0.0065685317019166765,-0.03468100976163257,2.3584096001429216,414.442387685878,-6.475146998667608,0.1745335437840535,1.1265697347192358,-0.00347851382698138,224.00141297123423,3452.0675956734076,-0.1588318219853618,-0.18152021181509076,468
333,0.6844831278927038,1.4735494661916633,0.881775677938397,0.024648862802175736,0.018795921279463085,1.221236005104194,774.1893662589101,-7.458929678365349,1.881670267281918,2.669170786330145,1.1415534266913125,3907.9417946835715,2727.840155406419,-0.15830371714124164,,467
334,0.6851867137010605,1.7977178612154923,0.9516432247517803,-0.0402994139989842,-0.020117709129222616,1.5297630314231405,786.7718974418749,-0.3549045060806398,2.8874361173553686,3.3078761224213213,0.23480742615431954,843.3258380439217,3577.6524413488896,-0.15727633689401793,-0.4902399467185491,466
335,0.6857777858642043,1.3014473051517383,0.21807110704141572,0.026386903192895144,-0.033086577087555316,0.6820014686400655,772.3840688908111,-3.703742728662786,2.233852207114637,1.1643584260517281,-0.8031706593360991,4329.492678329061,4370.401704622558,-0.1564140648221112,-0.4902399467185491,465
336,0.6865188365286459,1.1104957719743984,0.8734904697722996,0.04545538899536237,-0.032694321597212556,0.2239521999652209,369.0486555834584,-6.279492678428271,0.5621606712859085,6.104109629312453,0.5023311242493423,854.9998545159821,4844.179830801819,-0.1553340494312961,-0.18152021181509076,464
337,0.6870263038555601,1.4597685328788634,0.43664802552883375,-0.03751764891993507,0.02182878819817772,1.3909050952578377,275.5493229649003,-5.755566022459982,0.3525301019739068,4.9230328367635865,0.9278412463719008,1305.3498316086088,1488.159612988222,-0.15459513327181532,-0.18152021181509076,463
338,0.6876212232745598,1.3574363562137566,0.40498600292783177,-0.00408872155001949,-0.037317246465823004,1.2932068077589658,549.2393740833342,-0.7107620767588816,3.081407824570307,1.727641675151622,0.9719872865763547,4530.220729822086,1901.7324918303875,-0.15372957400020426,-0.18152021181509076,462
339,0.6882137021249518,1.8810449655430979,0.40676939736687534,-0.02699664988913535,-0.01126668227773759,1.2134836425436382,380.25406002168097,-1.4666496671658034,0.8093524034578614,2.1564577817904502,0.47342353999594505,2079.5505863671233,1384.6009382634115,-0.15286830950390373,-0.4902399467185491,461
340,0.6882222414959962,1.7764821921662828,0.7846616607290551,0.022442371135766262,0.006530412556591272,0.7196069434736361,589.3438013530389,-6.096492707336288,1.1494378982340563,0.7992163882924063,0.9204352972308287,485.497464324371,2608.125757197274,-0.15285590155848128,-0.4902399467185491,460
341,0.6884718794530705,1.3241489207813808,0.1652255033014963,0.025299564688720327,0.019349791548742355,0.828482263657631,313.9513231524954,-9.853778452969745,0.01832167729588008,3.4535248308054567,-0.14683608037651105,2194.241594057693,4617.770513179821,-0.1524932386313954,-0.4902399467185491,459
342,0.6895427223596862,1.054220994299188,0.3838671866898021,-0.023530167787745034,0.022273420635478085,0.5387743904268238,707.577326910893,-1.9615328749942267,2.496426956491009,2.357520002397239,0.015192482135617177,2445.8577883653616,4547.102584618429,-0.1509390560838929,-0.18152021181509076,458
343,0.6898981860017256,1.254074871239103,0.12953167152767142,-0.03660318508133144,0.04578706530578148,1.722549393860577,272.2751446791007,-9.448948198709376,1.3697599309132789,5.452025426826446,1.032563983205576,2027.9393577170342,3560.059077043894,-0.15042368257600613,-0.4902399467185491,457
344,0.6909110513577523,1.3830693366802382,0.5686729040396137,-0.03265529226475812,0.03260352648632506,2.0667150778043832,192.5731689043635,-2.72621936311483,0.9332543843206145,1.3243592951041538,0.27872363636118563,2333.816023945364,1924.2965885627361,-0.14895662179703706,,456
345,0.6914742912431585,1.4537395338672376,0.679642320497281,0.020369970855022373,-0.027947713862931448,1.6986494136286208,326.63043705836736,-0.37268900978954456,0.9631782843121751,2.0274192242428213,-0.06674266906838523,2277.222166358138,1366.0345810212548,-0.14814174059246776,,455
346,0.6916969476278757,1.612384033875504,0.8883891720329178,0.03544951683907664,0.006714723890954975,2.0601469325977417,373.71987353886806,-5.997334265409857,2.0894925961655755,3.0954798570290762,-0.36814208014975686,1767.5892520348957,3665.902408875863,-0.1478197900192208,,454
347,0.6918497316847039,1.1961938280818294,0.20484960459956358,0.03873438129600426,0.013023865175532084,1.562459277803833,492.8045324190445,-3.1821348221607204,1.2285361312271577,1.2193536678799826,-0.8048349725956445,2654.824846122712,4946.051701850943,-0.147598931468185,,453
348,0.691924139409916,1.804174025933277,0.7302992704983196,-0.04963968928552684,0.04179133281444056,1.2246910543063354,708.6011204044289,-1.1417697965466904,2.4626498683937,3.68826588280424,0.06275577213316423,1041.9824747318064,4529.591635294417,-0.14749138828232625,-0.4902399467185491,452
349,0.6922679311525075,1.943448800847508,0.7607462015055431,0.0371105584679243,-0.03143238319018421,0.9812341924803235,786.8416674986217,-2.13026229250348,2.0250016515803586,2.0184404581183726,0.023506593696804634,946.8285642773003,1999.9354519324704,-0.1469946483327556,-0.4902399467185491,451
350,0.6924844955159308,1.2094821435608083,0.8970435791256086,0.0077401265617855555,0.035532274901374894,1.049718660840027,542.6574867602301,-9.609847058577333,2.381644995347542,6.259790636997534,-0.11026557217711128,4325.819903682367,815.3447272679704,-0.14668186409637152,,450
351,0.6928412322976064,1.479487076559367,0.748004804392295,0.011620843770205568,0.025026652776818613,0.9895236845240646,448.70823192605064,-9.801098076113368,2.470990935566928,6.126195660881155,1.1261713503408346,3027.7655521338775,87.39921961836131,-0.14616684184217407,-0.4902399467185491,449
352,0.6935450757956539,1.139721137816484,0.753268060839167,0.016689005777791966,0.002615029682492524,2.1815272064656392,529.2375106649906,-8.594383327056889,2.1542535025515166,4.070745816453812,-1.1485507568153122,2868.34278551135,5.480064417782515,-0.1451514775755321,-0.18152021181509076,448
353,0.6939048382246212,1.7564847732737925,0.8216202754208548,0.02862525701058148,0.0006634692894644156,2.2170745419928823,473.62357904048775,-1.0352707869536335,2.2668796017367088,2.36391882996054,-0.12636050188595283,4335.8402713297455,3961.72143549017,-0.14463288236951127,-0.18152021181509076,447
354,0.6942496120392987,1.7074588591001094,0.5296163121914913,0.0369034160889585,0.005971801856551849,2.0302176071002136,474.0295264543189,-8.505958732837337,2.9562994862983047,4.781048806673521,-0.6214272706042869,3450.3224388997687,2943.8444182726325,-0.144136145393704,-0.18152021181509076,446
355,0.6948259277798806,1.138982550296045,0.861150511014128,-0.030546198855202312,-0.030660192063947458,0.8619568865938287,635.066154732505,-6.908518272577147,1.088702417559375,1.9329831863565918,0.9687989235183154,2558.356497237543,1906.1701143280895,-0.143306362193096,,445
356,0.6949749144756739,1.6844373688572565,0.943338882822468,0.006257863176721237,0.023913828361135203,2.2099666353985485,481.8998981950686,-5.364486273792872,0.5896861838267787,4.832795371475087,-0.40170155687211667,1449.1509611081233,938.7130677631494,-0.1430919621267821,,444
357,0.6958423406862252,1.7822461881774174,0.19530271071187338,0.028533556330610242,-0.00100499018509073,0.8192531713059905,356.9870571286514,-6.195433200571088,0.856276962363545,4.5554078035602386,0.19469439302475458,4587.975397539732,4381.812078489736,-0.14184460008866684,-0.18152021181509076,443
358,0.6960456945809383,1.716315226565652,0.46935171286423305,0.01973217034181947,0.007580083265876961,0.9869293694394204,355.1177567542961,-1.6830642953800208,1.0467223308593592,1.5837736633858484,-0.10358589755946236,3106.212350771316,858.3970371601946,-0.14155240144769238,,442
359,0.6965243958524214,1.6347234989624977,0.8776006159571682,-0.03479136843773989,-0.020497392163249084,2.9920518768803217,757.1244487564035,-7.259399119153452,0.22230229204940913,1.2095899525537435,0.6479394732725987,3453.642625999791,3729.6801844397687,-0.14086489380463924,,441
360,0.6977092220039905,1.6026321454672317,0.9969898605084299,0.04991534783068988,0.03657962973600584,0.938308699223003,670.7505135684756,-0.7858683706625236,1.3071802605111402,6.207651186916387,0.14038551045908038,3293.7364418002344,906.814093228866,-0.13916528418167223,,440
361,0.6978156339195055,1.1655436253901412,0.3340809070496583,-0.024319809954798724,0.008038763405932611,1.073044248340512,526.3437168847825,-7.756697541283923,1.9779052425483667,1.7720321930140697,1.0335457352844373,4160.593054057811,4083.3861849930677,-0.13901277967375292,,439
362,0.6983746369629187,1.8263748868764007,0.8399286366307211,-0.007648374456804309,0.041446987243351566,1.8292683768775952,407.24945887652507,-8.338661459537832,0.024038632333481687,3.7611563646647803,-0.5813664138698232,869.14354002121,1278.634139335848,-0.13821202481253647,,438
363,0.6985295581639529,1.7143901288292114,0.2650804190176802,-0.024640337732928903,-0.03783746700238439,0.4018055882303707,640.3275875268101,-5.201708033845439,0.01097848580075933,2.499803485646499,-0.32638413759019663,719.7391520656976,2603.456488831197,-0.13799021833186598,-0.18152021181509076,437
364,0.6994550586535853,1.0266395832971116,0.27197099684388104,-0.005707406499684556,-0.033763785445226985,1.1869846699400686,205.15260820673112,-4.6730531335265635,0.07935836426777859,1.0554672370144411,0.37310275532244447,1904.46878828475,54.91655408785823,-0.13666616853374824,,436
365,0.7001548007569235,1.7678530201289189,0.2831496080458662,0.04307521517646265,0.008552867671488905,1.8650536633708117,667.4445894832604,-2.13216108474795,0.44505730977148533,5.64065250503203,-0.3980394807459819,1432.917850317722,2060.6887199745815,-0.13566625822742967,,435
366,0.7005545083658589,1.5648531790454403,0.7514910298196308,0.032692197340267154,-0.009106080533717057,1.0812277685130236,500.8582732223132,-3.851115952046659,2.838300332333751,2.100262359642821,-0.024248816006850193,360.25542355568706,2058.1924799750686,-0.1350955364978542,-0.18152021181509076,434
367,0.7006760974794661,1.2599857018733445,0.14769511561089232,-0.003099300792754557,0.0037717020261786556,1.896343864198328,133.04747801805536,-1.778463992484981,1.6508797633654189,4.924080933335741,0.35605372276942526,612.7461408049012,157.02429740490766,-0.13492199031149282,-0.4902399467185491,433
368,0.7006784555937872,1.6032409279512514,0.9190275634342983,-0.025570657562385257,0.005905621264516419,1.618876385659079,521.0719074392322,-9.835906265389509,0.07249221823706442,3.630534422535413,0.21848097623022733,4642.514856249252,797.2654626804449,-0.13491862483294215,-0.18152021181509076,432
369,0.7007435580673345,1.0999183358640936,0.3430252809012284,-0.011606205685497972,-0.02591404438094389,2.537276644370084,690.0048820808511,-3.747791387605808,2.406466943906001,4.36695636336463,0.6555067184000621,944.5079304001158,4521.63833340156,-0.13482571566932647,,431
370,0.701055820815061,1.0125572372667309,0.34853170136378797,0.013252873317346424,0.03200342677176542,2.0113804202549415,762.8303602996751,-7.822297358400293,2.253109585523153,3.0762313798330227,0.6088043971189601,1577.5462732352548,848.0601695645062,-0.134380198632304,-0.4902399467185491,430
371,0.7014384371872983,1.111610549611174,0.23044890147687458,-0.025135025373733078,0.021439111757416026,0.7889060039966427,478.74165292188513,-6.386789588778984,0.7839277273674173,0.837226978745652,1.052095643325282,3875.3322451065883,4856.3077582875285,-0.13383457588976955,-0.4902399467185491,429
372,0.7017213192084264,1.2029447294832758,0.46688778168408906,0.007702031053329318,0.04159786592159438,1.207370207266737,298.4849380677536,-5.719810491033243,2.948927130036766,1.17468722169704,-0.16159730443037973,491.5802239889833,761.0783070000582,-0.13343136873723233,,428
373,0.7031038727898443,1.3395535217579377,0.5898402434721478,-0.01673568692486628,-0.008372824695955544,2.074543224506831,456.04091752637964,-9.885269358437865,1.3555164601131242,1.9075196482465164,0.21897072626485176,1442.293624696395,4044.308183611827,-0.13146307540702712,-0.4902399467185491,427
374,0.7035488379357568,1.5804232734434487,0.3064897204870062,0.04920508483766042,0.03668302847200123,0.8731976666496125,356.2036831478791,-5.1830672292168165,2.955201854640616,5.6585985388650935,0.8653656316289028,579.216761221675,3065.774842534679,-0.1308304172428826,-0.18152021181509076,426
375,0.7038034419405821,1.126795246581125,0.6215887656583384,-0.033595212225689265,0.01080449691592906,2.531693207267748,433.01440628364645,-6.671993309391777,0.9544797472326676,1.204862667717304,-1.0411081398001036,4439.389750551879,3804.289524761797,-0.13046859737553151,-0.18152021181509076,425
376,0.7038982599957534,1.0042095439115502,0.8341658335101548,0.04382413472192313,0.04799790705077912,0.6783202169077217,742.8292089053459,-3.8579713803794324,1.8292610666792013,0.09272695058622292,-0.3514754762636678,4272.957218489108,3132.12246397663,-0.13033388409758823,-0.18152021181509076,424
377,0.704004044593585,1.4637345470335172,0.22166904919259328,-9.467425749542602e-05,0.04587172340700754,2.2843888262350447,693.7196353004988,-5.835286482321922,0.6593469893882622,0.29633408211294676,0.36220016965939,411.89578818480913,2242.642372257103,-0.13018361145769225,-0.18152021181509076,423
378,0.7043227521612946,1.5222576113139048,0.7098791044701234,-0.017950473189472453,-0.03142936321127747,0.8331213493702303,622.6961877099958,-9.556005211846017,0.46630660335965435,3.6052706091393096,-1.185945104942784,2567.9847413511548,2749.3432226062196,-0.1297310068862359,,422
379,0.704446181358876,1.3856425540087958,0.672183574693389,-0.012070449194576206,-0.016070187960633135,1.7913185661568511,288.0430881243734,-4.450218383246513,0.29474508604515104,5.446847285218669,-0.27218151133692103,2349.6439838440274,751.813902834253,-0.1295557770171591,,421
380,0.7044475408669965,1.7229156712213636,0.19078949407033247,0.01047657100168646,-0.02222557836671031,0.4338222294281758,787.7530536233177,-2.6707944401628847,2.735808305574733,0.9016418069557556,0.16339655342927017,2473.596867821999,3015.0703399925283,-0.1295538471226544,,420
381,0.7052689227495903,1.229355558999152,0.4414391871450484,-0.024383219637571268,-0.013771973402930165,0.3570821872411959,408.6218190875321,-7.107538455861964,2.232697887770847,5.6140587259344095,0.8589284044687493,4113.893156729026,3346.685933068373,-0.12838853197347705,-0.4902399467185491,419
382,0.7054784682664939,1.263671996101163,0.4461358233861954,0.024502113516142038,-0.015719909693781432,2.5598938461907665,778.0918232513982,-8.66987979765366,1.2653841708155107,3.650989259545205,-0.3959406341705491,2086.720978031887,707.1680233495925,-0.12809146175413302,,418
383,0.7055777731462592,1.6302946402306602,0.4171425076325477,-0.020027964024881398,-0.005883548207233788,1.755924595939678,702.0905362843951,-9.733058783313265,2.9906306929175233,5.293503300770216,-0.4982076445863055,1674.6194200706786,4102.686689436337,-0.12795070920717494,-0.18152021181509076,417
384,0.7056393559335533,1.5024691997927104,0.5176651024272233,-0.006105898411864136,0.03844517737612439,1.2812305714534522,279.96906425248335,-2.0191463579758686,2.342913596725329,4.888584022488833,0.489133746603094,4167.293846547987,575.6852047777861,-0.12786343307358472,-0.18152021181509076,416
385,0.7060821314634624,1.5722644030385797,0.6194955871102185,-0.019582674797211545,0.03849635160273866,1.522257035780709,467.8663782042318,-7.709435333064202,2.864244041432724,0.24225123046747266,1.3143038688294344,925.85593569859,3654.9970866379667,-0.12723614851588322,-0.18152021181509076,415
386,0.7071762638150242,1.5682991546152356,0.435664024139822,-0.013339292082566102,-0.04864696378093065,2.266591814148023,656.122278614985,-6.648685721755213,0.4935389506812708,3.701229302755453,-0.48327191327710606,1664.9041422768194,2920.320573272716,-0.12568776561036088,-0.4902399467185491,414
387,0.7071904878387513,1.8391343283419608,0.3567294775367342,0.04429364962030642,0.03389407825181099,2.281916858199557,769.6929296973777,-8.429897249113942,1.4708178368541842,4.641068556710275,-1.329594476381482,2009.7299864573667,2077.262538675705,-0.12566765198184504,-0.18152021181509076,413
388,0.7072040597573629,1.2095505633865093,0.44295042329557915,-0.02882642948743317,0.023995999132942217,1.5466827930889597,192.92023840045334,-3.8840751933087603,0.2752783371911235,4.897227865749064,-0.29975990788107726,3863.4889723755728,4487.633812825682,-0.1256484608464852,,412
389,0.7073938637381457,1.758463873781944,0.2572155514028356,-0.030331623246780647,-0.038138072807403445,1.1663652201882915,605.346896895683,-8.770888606827619,0.7390474471798961,3.8215763117917225,0.40123716427532946,3221.1312820871635,1759.709937735402,-0.1253801104144976,-0.18152021181509076,411
390,0.7084337299845413,1.802186264512363,0.7992884103449148,-0.04260237676734777,-0.0015016310126685153,1.9002896691208608,623.7858086254431,-9.552580086893412,1.976141609407797,3.3417801886824923,1.2435420515568985,3364.0586668141236,1666.8744995056218,-0.1239111936650511,,410
391,0.7086967187698644,1.2964088788923684,0.34102825017174676,-0.03798309438968368,-0.007652110195114248,1.9359488061882342,428.1371962532855,-4.990470845103903,2.883985594100918,4.935859815662158,0.7213995048921824,4823.033808698317,2958.9988795200784,-0.12354003688327705,,409
392,0.7098300383256295,1.447529439317917,0.8948271080658229,-0.03314501670645697,0.004181909547327853,0.549932447077731,766.0238810261278,-6.084421412395502,2.863903687538087,1.2400307222699343,-0.3094584427611704,1614.8939424637854,3235.027306674018,-0.12194215402173941,-0.18152021181509076,408
393,0.7100133246966228,1.0762734491046966,0.7341350073760876,0.04371498398695302,-0.006900453547993866,2.19340652933637,324.18673649888336,-2.0295418568863433,1.0840947452922063,1.8397749741364018,-0.814684055100184,3942.3483810370008,1858.601684291179,-0.12168397572295697,,407
394,0.7103641038429694,1.3396468369838317,0.3443712781883259,0.029001579709567835,0.039449040456063164,2.107220902575225,483.61101700302936,-1.7218863352191427,0.5670444482505134,2.242016899256175,-0.4308843129053296,4915.8904063728205,1797.7183505659534,-0.12119005185959361,,406
395,0.7112451937987183,1.0072115076458046,0.49429668162688273,0.010109496781165505,0.008654484135437188,0.9422017447984586,568.9296969012291,-5.518505531500278,1.945152871626318,1.03041579229,0.9584814137797761,3339.8420440928758,3156.622174905712,-0.1199504847436213,-0.18152021181509076,405
396,0.7123816878914507,1.0463919189370436,0.7127072002425544,0.033425265286725965,0.0480267350452936,0.7946538325818898,616.755911845311,-6.381298645726718,1.2780759318469168,2.1075348838603816,0.6727365752336916,2029.9665424314367,1982.4396805846366,-0.11835386648811208,-0.18152021181509076,404
397,0.7124512918746154,1.7647730583050742,0.8587117240092852,-0.015431302887388719,0.023102463624957853,2.6674282428117158,445.0163488485397,-5.595892146246342,2.738646540076923,1.6360126387013219,0.1198817548182067,413.5228141434033,3673.5220249625177,-0.11825616523582949,,403
398,0.7129078643756354,1.4057352942260148,0.6082918053234987,0.01820586149302042,-0.03898534168491041,1.9204282291866717,796.0132509719847,-7.453964277801961,0.3516283054348464,2.0820160150078455,0.6913336838016303,101.12075546280796,2836.4033445871196,-0.11761552317078355,,402
399,0.7129575069607195,1.0136366040068674,0.23619962495757638,-0.04640923145100913,-0.009021174963570112,2.1700738171251506,737.9443843481644,-2.7460396708807284,1.0275074253552392,3.6110224214360778,0.17295650578614913,1003.315526060271,1967.6100319649192,-0.1175458916528126,,401
400,0.7132343565408141,1.5828248344881324,0.4428929261864907,-0.010759127056982079,-0.035461061082439405,1.8170118673219902,571.3327330569076,-5.773919390311124,2.686921030867719,2.6575996337285237,0.623138480308402,500.761913465273,2644.428615659761,-0.11715765555265484,,400
401,0.7132985570661798,1.3327944058971766,0.3679702013698524,-0.03654162417953222,0.03737262013668401,1.9127975336766754,525.9213970802523,-5.328872440110184,1.862597291788851,1.0263015892834781,-0.8668030976053391,778.7979606784734,2671.379820327563,-0.11706764637756528,-0.4902399467185491,399
402,0.7136466688724934,1.5783637158394708,0.6342886596358663,0.02262444867699684,-0.004979448669114971,1.2798436107529376,613.4690518139791,-6.71031662270321,1.1332600987582084,2.2063619122272264,1.2168247958354335,550.9597707974018,1517.0384583636944,-0.11657973442846986,-0.18152021181509076,398
403,0.7136961414054985,1.792056294783094,0.4492268189594575,0.030136264370073454,0.04890171337029962,0.8627502888358723,679.6434995991533,-6.716227598055679,1.8153732524798336,0.2954899429633021,-0.10764296710005843,3602.175310279434,1312.443668576826,-0.11651041326374117,-0.18152021181509076,397
404,0.7142965920950337,1.0162888195542037,0.5333735708987791,-0.031471741276840735,-0.04755290339780964,1.520350805999516,511.3035126813045,-6.852102019727134,0.036810977456493206,3.8951948055609726,0.3808484139679488,3078.4191293561053,2000.616075560884,-0.1156694415825151,-0.18152021181509076,396
405,0.7144577213524527,1.042731487289859,0.5985434418331134,-0.031096181529297717,0.04904774397022274,0.5298449852658988,620.5975738705013,-8.670923414994425,1.6120432760471177,4.701874808203015,0.7660422197226574,3734.299372609122,1718.8400041220564,-0.11544388949623668,,395
406,0.7146927957948617,1.8839067716762457,0.36583973563033195,0.030373662151579564,-0.021337291675508564,1.129159707963499,530.7372663322807,-3.6757507150206385,0.7939596427883627,5.884758007017716,0.2527717011156444,241.061748360718,4125.905543305967,-0.11511491862618575,-0.4902399467185491,394
407,0.715015110419521,1.115734812739858,0.23439406204015398,-0.03133626312401919,0.008472083324300918,2.027412500206578,630.1701241071477,-7.091544115126938,2.6355662738335033,0.16328726373472544,-0.9965433294722443,2555.4811144986543,4430.6189809009065,-0.11466403683594634,,393
408,0.7150316842596034,1.8246625779072043,0.20078797850642227,-0.0241040992536762,-0.009165482431348966,2.2396086170580864,365.95742230904034,-8.015128327166275,3.046959652309166,2.6634973147536822,-0.4555689315471865,1425.0466230327627,4008.6285769184474,-0.11464085739854535,-0.18152021181509076,392
409,0.7160657064368271,1.2153661945974823,0.7997110134966923,0.003899791072150588,-0.018674682181549676,1.1277308016838943,636.5983245402274,-8.638484250428554,0.8370938295810706,5.675573937331934,-0.0073850149311874905,1436.3238713225967,2352.242288772582,-0.11319578124390589,-0.4902399467185491,391
410,0.7161715809284512,1.8429825246458245,0.714671577912043,0.03749163486458657,-0.00294378993195618,1.7528020002311462,743.2544410461844,-5.430078350736366,1.8551309778747698,0.24403847164656645,-0.0514384024449099,3306.861259321766,4622.520551208915,-0.11304793634034466,-0.4902399467185491,390
411,0.7161969187287145,1.1513264931616647,0.6218699822318701,0.01874020926353856,-0.031614766779360794,2.029458788452891,737.4363705489731,-9.080738717667977,1.745665631475876,6.0036598354978725,-0.3318956945032168,4311.071396746311,731.7323201912462,-0.11301255745522981,,389
412,0.7164670420199776,1.804070260678192,0.35590841902992465,-0.027647403391482906,0.03920906309635744,2.496288285133661,667.6649119184198,-3.0373560974805924,0.9724773272461343,3.6068901356940173,-0.5229857928901266,431.08488945819977,2533.2391959463416,-0.11263546512675748,,388
413,0.7174755117292952,1.3952234420307899,0.5514680290675712,-0.025041586558214105,0.009710645404732437,1.7815381877793859,495.3283118672727,-9.447908872624021,1.6568376480649707,6.126396831261474,-0.6156915298821285,251.58596172014347,4099.75609478117,-0.11122889570323713,-0.18152021181509076,387
414,0.7179808209400631,1.8918204445377549,0.4702156545886567,-0.003252586471621907,0.04498613923166078,0.320382390617099,563.9945088441663,-7.379248433783912,0.4161256854957588,0.028921049357215622,0.8624496024527706,4647.4663801266715,3094.664573162945,-0.11052485585173374,-0.18152021181509076,386
415,0.7185548260689861,1.4159187865483045,0.8471342059125055,-0.0156296176388449,0.0007404746596389594,1.867854892754707,187.28778308635438,-7.350557299187566,2.611321096630775,1.0113119522225422,0.7481280000683992,2702.762892424733,1615.2522328692387,-0.10972570386319025,,385
416,0.7188921699711756,1.126270837757543,0.9247532247194808,-0.04989597008230809,0.030824203257265426,1.7288113320005156,210.28767581417648,-4.198159961245707,1.5911387178316334,2.1267006711038743,-0.6177743124000233,100.33286139896846,2222.60272391259,-0.10925633851015223,,384
417,0.7196664405052544,1.153895767794482,0.6230431285424103,-0.02311749452153411,0.03347495297074142,1.087270182981358,392.3580485151096,-1.9134365585482431,1.391072678937002,4.869075892856754,0.35781087485945234,3207.3109617821215,1165.1514007348485,-0.10817988517246227,,383
418,0.7200836527187349,1.0143018206481074,0.5481052515369977,0.019824801869839977,-0.022962674896523,0.9937022032021845,415.50758540344225,-8.769395135087887,0.9291730972658898,3.817171134919704,-0.37462459003910503,4423.982078663639,240.0661320150855,-0.10760032316776658,-0.4902399467185491,382
419,0.7205868025143499,1.902589299652325,0.47066684357481625,-0.009019176900968096,0.04811662722422379,1.8835224541260271,573.527676578503,-4.552822485174895,1.3521603800467263,6.096599259667706,-0.15898604658297225,4754.23068947084,4424.995503630571,-0.10690182919328384,,381
420,0.7207233665441458,1.2317515754539854,0.16254703575812854,0.013082783544310276,-0.04339415393501582,1.9886141652998466,686.9842102259641,-6.01985343467708,1.4896824705527982,0.7167879258037203,-0.3693483302744656,3755.858522979422,442.5364445397102,-0.10671232934359798,-0.18152021181509076,380
421,0.720745899185191,1.1348590216185706,0.3698452231007108,0.011010967410623542,-0.016023487636361543,1.41993944005075,527.4931788131281,-7.607313000816166,2.596588000566708,3.7614031917361586,1.0544716722552614,2815.4316891119265,3806.032081813794,-0.10668106590764487,-0.18152021181509076,379
422,0.7209052405033284,1.1998265520236604,0.9148154657501205,0.038266280075464065,-0.003584595938090865,1.2252550668333222,624.8206228137142,-6.994733735278727,1.6002738503204113,2.8751980067497165,0.9409730006411702,4532.249323383963,836.8594938888074,-0.10646001198635849,,378
423,0.7215247706819915,1.9727783104131127,0.5628269874790455,0.02129833143542384,-0.001502164795647909,2.9267268291167086,372.58908403314854,-7.07963280746728,0.33539601815642195,1.2967014372685974,0.2392287313051369,4674.48966508953,400.3663140191094,-0.10560100293641128,,377
424,0.7216474647061676,1.1767278546355922,0.12787888284074983,-0.03373547458605769,-0.04619902013946057,1.1317859427295585,527.5741113834357,-1.3381831556458563,0.2940228203592173,2.13298406832311,0.6194709668346474,4641.340434837053,2072.8497880477535,-0.1054309691435093,-0.4902399467185491,376
425,0.7224021968378684,1.7600103511251366,0.4972040683426059,-0.014509353250248623,-0.000635680854413144,1.085321351615726,745.1864185411703,-6.700193160150556,2.2556189254900927,5.730726182787144,-0.353910703315109,3959.2157212478287,3489.035089112641,-0.10438566963542617,,375
426,0.7230958594149116,1.9154072422537172,0.6740954506940594,-0.029366156339837704,0.02500034091537988,1.036712202686238,582.0920593885561,-8.470110342172259,1.8770313005390047,2.8800867511028883,-0.3323693218633686,3181.1677163107365,897.9243372995127,-0.10342591375435388,,374
427,0.7231991552658984,1.707045158269067,0.35102726547116037,-0.045702647166176585,0.04645865548342619,0.8318213452794635,752.4496139341892,-2.5340052805576496,0.9427658792203553,1.7865449963989708,1.1430034191647236,4860.668313380259,4337.619306827062,-0.10328307173375428,,373
428,0.7236162718162701,1.1527366618962434,0.9459751905772179,-0.010208194659990052,-0.03762065723735979,1.4369203611940877,387.37019187598435,-5.14899266160276,2.7866958114738005,2.603848264363461,0.26693073576436566,2314.0681670148942,2783.1002049959443,-0.10270647218400078,,372
429,0.7237067016580478,1.5598401809596025,0.886716911350245,0.02315603793732792,0.030887653886553464,2.123804411482992,675.2950837025123,-6.819359060412905,2.4580637901056397,3.9903472134269102,0.5333556756690283,4030.7097138675163,4154.371631297564,-0.10258151066045948,-0.18152021181509076,371
430,0.7238738306655512,1.8385187963762866,0.7035143311597412,-0.015356357147298935,-0.02773547766914446,1.4920685266786502,538.1718131075318,-5.866282791679009,0.9127253900688126,2.472229289857078,0.43032474866627496,1863.2716742856298,1452.0453450244058,-0.10235060259763873,-0.4902399467185491,370
431,0.7242423118886306,1.700447707225815,0.33470351444923085,3.693921833560626e-05,-0.01532968185479968,1.0183982956317381,435.0134633015463,-0.8079446370287791,0.6581593742764896,5.377998696794671,-0.7671435391161957,819.6775974534187,1469.734122393569,-0.10184169144031596,,369
432,0.7252852754066742,1.818572725986206,0.2695247224728703,0.018806722291742083,-0.021947282074527102,1.456131918941963,306.5194190879984,-7.327013282226687,1.7537544686226452,2.0122520164776945,0.01700075427979228,896.9349176243056,3209.424597073632,-0.1004026519805824,-0.18152021181509076,368
433,0.7254192388640163,1.991408513659778,0.31269896852065504,0.03247930479153107,0.04323023187037868,0.9744486738596643,792.9378476326539,-9.444323515390652,1.7729476597804266,3.6176527248173844,-0.2134842082229191,2413.8825769239147,3021.5215655522834,-0.10021796453197834,-0.4902399467185491,367
434,0.725497312237163,1.9693374105510424,0.21308181555270755,-0.02481401467849229,-0.028932205686974306,1.9339199208507503,691.5695376145716,-8.021006931170328,1.6782593904120144,0.036148587386658305,-0.23797321162551244,4126.432649652027,1908.8989725066547,-0.10011034514733452,-0.18152021181509076,366
435,0.7257197521016255,1.0691060545519426,0.7083163627025251,0.04573556493595898,-0.013125552697801933,2.7536503061876725,508.73616109374666,-0.18496470790953268,1.5106094147197613,2.644221495555927,-0.4331569369550036,1479.9127559672843,2533.4805238479653,-0.09980378884825897,,365
436,0.725938324280144,1.7275254839786331,0.7673187489358066,0.010756811353599828,-0.04451581504283689,1.3941628499543743,746.8614878131019,-8.73865856096013,2.535707979208231,5.240100091106402,-0.6220801862830534,4405.566384141975,2428.5808829289404,-0.09950265432664535,,364
437,0.7259552574533212,1.6549434010844035,0.48350984162976196,-0.0182207601555736,0.019197460648596874,1.763991140454126,290.67622961723697,-6.568570889972202,3.122068867183625,0.7233239775423224,0.5124258515961366,642.0926243083653,4527.309910854327,-0.0994793286870525,-0.4902399467185491,363
438,0.7261877781350432,1.4019032579379134,0.656546931408677,0.03485932803344882,0.012388428491780179,1.725370740573273,310.0861548667012,-0.6704383823605093,1.0773169933536673,0.9145199187315468,0.4395245320483494,2839.012214538438,3891.6434085912215,-0.0991590838103622,-0.18152021181509076,362
439,0.7263554909189546,1.434043596196281,0.9911721998219665,0.00014074739121643087,-0.01817121949716967,2.001467605855001,650.1066990935351,-1.4366365613325005,1.0526382435202006,6.15033610229572,-0.0472535003882593,4840.349489575231,3182.2657247543652,-0.09892816086545017,,361
440,0.7267684405307675,1.9118945092200788,0.6897617623477836,-0.017062682859496768,-0.0262762715751256,1.5950612427045214,324.0453967841903,-9.791071685396975,2.4683389017351622,3.001142644909758,-0.4670199434078448,1083.3532701628455,1421.713073588816,-0.09835979967611685,,360
441,0.7269993250816865,1.550052461458188,0.3254467006787743,-0.03002500184797077,-0.04052370857931439,1.9782263928260682,630.1965820032922,-0.05723046781339471,2.6207263858294363,3.8486506844347854,0.62922673045191,3444.9343662575066,1999.90806000676,-0.09804216358826728,-0.18152021181509076,359
442,0.7272113799867379,1.6870049083257697,0.8297081579922447,0.04943431758595243,0.024585634260112073,1.1103842514852558,777.2551146747425,-2.739771596840341,2.0354605930254173,2.316037437832351,-0.2754302975845958,2689.3786320549348,2512.9610294752965,-0.09775052097303444,-0.18152021181509076,358
443,0.7276463358210989,1.668748628094516,0.921309370151924,0.022206122872808057,-0.03771207025476586,1.756679093200545,604.1786022677377,-4.7248623608178715,2.0386430486818528,0.804966692305469,0.4766770992133682,3013.4338949309667,2138.5708167954463,-0.09715258504762822,,357
444,0.7284989751369656,1.5683660398562913,0.3422038095942972,0.0025649070583515753,-0.042953311049367816,1.2426208777144674,351.8823617545508,-1.8308290806097731,1.9529024549700604,2.3617411529703074,-1.0831859363523426,1495.2475962756525,2612.7583243614117,-0.09598149393896444,-0.18152021181509076,356
445,0.7294736214483832,1.2944831872062734,0.36499392089570326,0.04674093682260016,0.022051810624934377,1.4694217959037896,680.4108283913608,-8.225085126207865,2.5970606336193014,3.6040411179228844,-0.0589228293981011,467.8140589840382,1812.2650716076673,-0.09464450522068514,-0.4902399467185491,355
446,0.7297747776562824,1.2590400801333659,0.3610032081993866,-0.037764589117547764,-0.011666421604272444,1.8088352211592724,320.7389208527809,-5.764101376017672,0.4591769758441444,5.399675414262264,0.22017852677699712,4010.637005487311,4059.0414858050976,-0.09423174997988776,-0.4902399467185491,354
447,0.7299993629400986,1.1804903141907725,0.7332271280918358,-0.00033143371543152556,-0.021360753379343195,1.6887978359590483,165.89932917493823,-7.0503116652218765,1.6272354173210741,1.5637704548763551,-0.7743414384871068,3208.936979913164,4223.729003108841,-0.0939240513033129,-0.4902399467185491,353
448,0.7304276578591541,1.6962417282456885,0.9292749292101986,-0.00012966661969446985,-0.023686694279108036,1.8276405597682084,447.5153991014081,-6.464224431959373,2.6974092149435185,2.8180815379619015,-0.227314973812915,4996.664961531431,3654.1362179352486,-0.09333751746736735,,352
449,0.6212281038752104,1.5965029569168028,0.7214024743228793,0.010457281257891159,-0.023048168744409448,1.7092207239706707,308.2137053974458,-0.5838620946685573,2.382815532034072,5.737447001138645,0.24604560117518012,3352.3475413246383,4825.921811186946,-0.09310262642668454,,351
450,0.5120319681812175,1.6476239231262437,0.2807064082534112,0.025532714413891714,0.04630103819873459,1.1362117322031415,565.0507581882385,-5.698967275990981,2.156334934845518,3.654206104574583,0.03264195783575988,4627.441534825018,3480.654706920543,-0.09276077419730294,-0.18152021181509076,500
451,0.512517229117778,1.9283830124563472,0.9775742702930715,0.024675143445472395,-0.01544919625225789,1.3919757756233764,717.9886769308175,-4.186355199273874,2.498573486645829,3.9978389085960884,-0.5062976761510223,4090.142334163832,3905.396643523176,-0.09181350690328062,-0.4902399467185491,499
452,0.5125643570443785,1.5454044229503128,0.5186634561336855,0.0038804737881281202,0.03045042801778101,2.0340815979741005,670.0296322397812,-1.7407329182539364,0.776846253545556,0.9245235420404725,-0.6822325211278331,480.5221934424943,3949.8875757345763,-0.09172155729213521,-0.18152021181509076,498
453,0.5127048020481296,1.7442947758709402,0.4603828243896958,-0.030322685109704144,0.015254799418383735,1.0767267879362192,450.68550850370275,-1.3282626505998816,1.0597241893383256,4.318837068129853,0.5981214487772707,3496.171663234355,3611.8971598237445,-0.09144759020090265,-0.18152021181509076,497
454,0.5128639730865707,1.5629641423076115,0.23593079529058608,-0.02411604519319235,0.03840230992303684,2.289560683507868,596.9082545837664,-1.8972390778908341,0.4331988388869705,4.221500361387488,0.12459855349961649,4078.4454509744714,1877.39111876688,-0.09113718480717156,,496
455,0.5128828999347391,1.6213450392154969,0.9490385143529125,0.02415008029921635,0.030099498726084667,0.7457531750479277,587.8100046562674,-1.700467932839036,0.3838121574333255,1.2344279662330555,0.4330742811882431,2822.326789561762,2181.489494933747,-0.09110028126174836,,495
456,0.5129150834308636,1.8309396349001086,0.413492088688209,-0.011021213913733273,-0.04457469940918072,1.9540196110931383,496.0790598967289,-1.4226762666509476,1.5416652785268081,2.2132889978193337,-0.3787747421715086,179.16631913388846,1891.8454491191346,-0.09103753304683379,-0.09310262642668454,494
457,0.5130494325644538,1.698665621976583,0.3518964041818246,0.04180748236155634,-0.003996986414641111,1.0344032272238475,447.33630020765554,-2.36235899554522,2.365286600304036,2.245829016208047,-0.8062947014719042,318.9932117768306,1804.7244107538695,-0.0907756348383171,-0.18152021181509076,493
458,0.513141657442356,1.3333571078602962,0.21550635841749538,0.00010751969678215404,0.04622971821669607,1.1190827989779126,632.929019178604,-5.148083857660645,1.8203753898000954,5.09927710491504,-0.6179287758634091,2535.3971951949716,1826.6111841147695,-0.09059589272393677,-0.09310262642668454,492
459,0.5134727478802127,1.5028594839535674,0.653002262557343,-0.04604396852215677,0.04930352716923513,2.0405896700016255,680.1351477598569,-8.354312500286778,1.934326413283268,4.449018761351232,0.4496866663600624,2645.4737110956894,4198.167268524479,-0.08995087849534043,-0.09310262642668454,491
460,0.5135021836800368,1.8039314922903504,0.7394645906264673,0.013543188041715695,-0.038784384312173154,2.0120047458306627,745.3537924387917,-2.1511209346520825,1.0777571151058107,1.027089832812021,-0.34529660450422833,266.7623730972109,933.0308695177631,-0.08989355324052731,-0.4902399467185491,490
461,0.5135141051514907,1.1306063632534071,0.3060539931283547,0.03036264074004029,0.011685802812550584,2.8816002840711668,392.5943234002601,-5.990254433735103,1.2424141263875637,3.1903535617268517,-0.8553533557325348,2711.3842942211,882.9735618808764,-0.08987033750074537,,489
462,0.5137454672312419,1.862749459285319,0.32693442555023433,-0.021288824455148143,-0.016514905273718464,2.315712634006261,736.6426722762789,-6.760951581850515,0.8800810423729916,2.7483693802692772,1.062365124619929,3743.0171249536816,2319.8874470270116,-0.08941989227760194,-0.09310262642668454,488
463,0.5137732431331021,1.1200479754885928,0.24456231142356627,-0.037695576157555706,0.015897644535266313,2.283531067998758,665.835329902171,-0.14509400479369106,0.10538574759146782,0.3170196161460515,-0.7593732021318185,649.1925739244905,1044.5850404846985,-0.08936582824629896,-0.09310262642668454,487
464,0.5139241024386306,1.3108952637920321,0.5105060597065952,0.048741001180282684,0.043837801612552706,2.015957349392556,151.94975056317676,-9.305995995937424,0.051094384082233074,2.5859067441623047,-0.7415669246685478,2503.589288190263,1091.5150449667167,-0.0890722412145214,-0.4902399467185491,486
465,0.5139423420043311,1.0579821670286753,0.24108483881504753,0.0066847075551786685,-0.02889853359853938,2.0754798357368927,441.03365471842073,-2.539894066577394,2.855840648600749,2.150215846689232,0.243980532969003,1660.7822910324735,4756.177207218197,-0.0890367510673116,-0.09310262642668454,485
466,0.5141875819780108,1.3048631727003277,0.898293801097668,-0.037156168242557346,-0.02478284150654931,1.6235719650170304,763.1560761901943,-8.778225747916904,0.2179435891630416,0.0020733276040443838,-1.060736846798857,223.16629102089507,2493.9594678573794,-0.0885596907802614,-0.18152021181509076,484
467,0.5144916707259425,1.8580814971345894,0.25147415686120766,-0.034339386627918016,0.03860131249111096,1.4467487446442684,463.2309145695854,-7.774667944153784,0.4240603226548415,3.2356302943461186,0.7344058304392036,3374.72327598654,3572.770814498457,-0.08796846906375096,-0.4902399467185491,483
468,0.5146674528788528,1.2791938309611515,0.15262346837845375,-0.03993206847696099,0.02608139991770949,1.9943533418817088,400.67641255864606,-2.2723735987330875,1.2212759042751251,2.338111204868181,-0.3148943406804922,4188.228822153199,524.1590686424138,-0.0876268656117868,-0.18152021181509076,482
469,0.5146693432394676,1.727429132141349,0.14061359332790935,0.012146170403531473,-0.04306026909459824,0.885039948730969,723.4497527607739,-8.639192104032874,0.2452452023358187,4.058505502306636,-0.7222211626267608,811.7252626738035,1547.6032868008328,-0.0876231926436231,-0.4902399467185491,481
470,0.5148432895356317,1.253993580407556,0.8203540794564855,0.006639286338373801,0.02466484443816397,2.1868662899811957,782.3018884971677,-3.271485455165552,0.7834054587667156,0.607682504965576,-0.34170910266307697,132.09548489962503,986.3960506737369,-0.08728527294790323,-0.18152021181509076,480
471,0.5150630709395217,1.6233622370967284,0.4127363272920361,0.031133149305162713,0.03744236995324162,1.270412844917159,493.1962969281397,-5.899123575032204,1.9801651892048302,3.904988703193217,0.20177245522493628,1614.429715810602,659.8049328625239,-0.08685847413266629,-0.4902399467185491,479
472,0.5152570043314817,1.4970472319293608,0.8955848013951692,0.021013889007158556,-0.026889937010721413,2.402969591956488,532.1703784518227,-1.6107238397253751,1.6417385862811211,2.689294472856534,-0.4920032072087953,2997.055613998843,2372.7898777024993,-0.08648202141875559,-0.4902399467185491,478
473,0.5153560133903188,1.5554264161447473,0.8953299849014708,-0.007004988805293822,-0.02248828117133926,1.2767412127843474,524.6926858794928,-5.24744388942842,0.6199033441183781,0.914304645937408,-0.5176115620643376,4369.1632601653155,3574.519495380804,-0.08628988517088493,-0.09310262642668454,477
474,0.515604993403134,1.3120488140643183,0.3416027240509662,0.022413368049040122,-0.04999248471411168,2.0079009060730026,703.2125513851101,-3.4511849236338774,1.884095388962827,1.7833965886736223,-0.9505040783172195,1724.947952095607,229.97856064115084,-0.08580687947811072,-0.09310262642668454,476
475,0.5157324933322157,1.0063429616539712,0.6341852747671288,0.04708104292636209,0.022387193267873418,1.972248073921901,442.29180414685413,-7.352431694760231,2.8158138335423226,5.123734758430357,0.5860738689580409,3694.1112612830893,1394.5988832905787,-0.08555962786278766,,475
476,0.515761288291106,1.7266548538179556,0.4536357922887168,-0.008770540483181155,-0.030182441343141974,0.9102613368298507,780.2816822968305,-0.3812086788748854,2.101978828751916,3.8977590617626574,-0.6312422347937273,4122.3355326028,4902.387874500808,-0.08550379629227686,-0.18152021181509076,474
477,0.5157903302829202,1.2943689819095612,0.5708995412686824,-0.008007088479669931,0.04447507894837657,1.9521129290863481,605.5946155392284,-6.778380182214095,0.6400649091517029,2.0987981123992485,0.2349416013315455,1825.375531654624,502.6788062666632,-0.08544748889808015,,473
478,0.5158963718046636,1.7417101688893117,0.5450004552755903,-0.03825638316306852,0.014265176692441366,1.705002388665403,331.5429223128822,-1.9792978715120655,2.255910439931382,4.085147397453065,0.5844164715403111,2277.775381237494,1445.3508146648846,-0.08524191966492128,-0.18152021181509076,472
479,0.5159455072979953,1.3185506281950592,0.605253354527215,-0.01616971493315407,0.039101393194724235,2.4581088131616387,608.6285017351188,-0.18398411851928032,1.127036031016562,5.527463664644928,0.586770351792994,4219.769462565635,1754.4906041556019,-0.0851466812482901,,471
480,0.516029825358376,1.1195739352443967,0.3888403930122809,0.010927116329981593,-0.04821498490528441,0.8779787175263983,787.5697038419519,-1.7099575362359567,1.648952365134659,1.3821086505297275,-0.8014032985696123,469.89750767388404,3169.887671133824,-0.08498327024826867,-0.18152021181509076,470
481,0.5160585932686275,1.4678920859279938,0.5462989767317271,0.009347098627788552,0.025446364878368533,2.703002606924058,723.7024230389477,-8.552563237200985,2.8297781968976676,0.1235816779994092,0.5097593154993512,3024.2195226411222,4181.970559332134,-0.08492752326048766,-0.09310262642668454,469
482,0.5160808598381376,1.306869661208141,0.36951655510843473,-0.030055566682588714,-0.014251071118301989,1.8290011280046383,248.77528782684314,-7.1744602624230875,0.9732253968155441,0.6747020815213416,1.095670856118256,823.3654113081341,3039.539122466026,-0.0848843768243199,-0.4902399467185491,468
483,0.5160943445203717,1.8737586007728586,0.19969825514389222,0.02446704783523039,0.002829420833388531,2.070688842335127,633.5968437574784,-1.5036758629449167,2.54568913530715,0.9170479813134897,0.3894837869503403,3314.38188836119,284.52310013195813,-0.08485824815509202,,467
484,0.5161488341127136,1.5902324893756612,0.7486177814446081,0.04769563690757912,0.011206188127695915,1.1575058145156367,431.88338700254326,-6.243912751346679,1.137495343851773,2.081933084924902,0.3187775993394166,831.7468530924721,1474.472121884809,-0.08475267304740264,,466
485,0.5162559322424903,1.2949008648974418,0.7460903177615474,-0.008651928656222926,0.04273695802129544,1.4167550651960101,301.1720402373526,-6.638907153760558,1.1323706112984593,5.939714155498892,1.2084465793743735,4903.029830660393,1313.7658340452463,-0.08454519990574631,,465
486,0.5171739930119786,1.9153609289638152,0.4955475829548303,0.02233406325057752,0.04084332308905857,0.9596087408969876,704.227934852775,-6.299582214128119,1.9004785493659637,5.3243068224874595,-0.2588122640941839,4339.149419187203,780.2624151935403,-0.08276847370772536,-0.18152021181509076,464
487,0.5173506441088696,1.7553757985371357,0.5263502474958338,0.01884255340045427,-0.008882904911735913,1.7587634282015185,724.6505732576395,-3.0417787956960636,2.198640101222803,2.8144114925903456,1.4103725901022106,70.35183812056925,4269.436457263297,-0.08242696207568062,-0.09310262642668454,463
488,0.5174416443630652,1.7462104050987697,0.4864874577550957,-0.02493387542422914,0.003883545837051035,1.282164209654634,723.1640390591222,-8.255628233254605,0.3577935990027268,0.880755209777141,0.9310472798344944,3640.7325486991786,3917.5802376723736,-0.08225108087623195,-0.18152021181509076,462
489,0.517479046017509,1.5821992038359052,0.3476416200899669,-0.00620839397616102,-0.007008350554341056,1.5644564208931893,34.17894362457757,-9.548780511190104,2.7927475886903155,0.43189484227624086,0.5010442485677783,1811.4340353935365,3831.746847896088,-0.08217880160922672,,461
490,0.5176193906650656,1.4787934483908227,0.40515775008399113,0.013423020425513951,0.023876307247171713,1.0615491778421913,491.3352406931403,-8.04126221975091,1.3683197781121008,5.732246350215997,0.39699405927580145,340.18974767096034,1009.1463268957191,-0.08190763001153659,,460
491,0.5178188014144411,1.7101804738397508,0.35562235614009174,-0.0016604142383350399,0.006398545288914799,1.823630431327507,404.3081633388497,-0.7971267663157151,1.0954835879092755,4.9903745073164965,-0.03510914791940889,3362.4134869422455,921.2353288565716,-0.08152245829704274,-0.18152021181509076,459
492,0.5179604198087336,1.4479125448231864,0.5382009268653434,0.0015112813761369859,0.04501267109508629,2.070123529211173,524.1166885412756,-7.314721751830959,0.6356088607386128,5.27363587557696,0.16677554473181816,1174.1888778495102,189.45665605780925,-0.08124900543708224,,458
493,0.5181559548655404,1.6834583237220708,0.14526946001529448,0.005830497008651056,-0.006861605389120215,1.5580434416343636,266.64765085652743,-2.9292976197791853,0.9925157805408467,0.5097658723052108,0.5064577450107715,332.365080363336,4607.642306522587,-0.08087156702591643,,457
494,0.5181774902961019,1.7927991951804485,0.6594361373662703,-0.028145981158109536,-0.03483056969003837,2.2686227119042517,358.38897895776614,-3.425337909453992,0.6593551899086624,0.12720085176746995,0.8854094067391683,3182.1600396144677,2301.416996810879,-0.0808300062123104,,456
495,0.5187678177406441,1.2185408632784314,0.4265701287759874,0.012354854618207527,0.006202613050842498,1.7462922959880336,740.8521180428304,-0.9308174262761906,2.747400999061858,5.490234170289403,-0.4563819335833409,46.84677517035192,835.981642080496,-0.07969141673462474,-0.09310262642668454,455
496,0.5189440612196365,1.7473687713946437,0.23454935539862817,0.04858725732134755,0.02080580678986743,1.9698310296264823,364.11695227104775,-7.076758331708198,0.04828545524424947,0.11383346326525551,0.6998569889168689,4076.695480809751,3357.6853632925804,-0.07935173963496354,-0.09310262642668454,454
497,0.5191029231577939,1.403296898936145,0.40628314381734015,0.030382970286889896,0.02313842921752414,2.345829822973772,755.5560312340924,-5.421757790534151,1.1199785745158863,4.3335413673798,0.3008882942098122,3973.7756947705207,3059.0810260235858,-0.07904566112065818,,453
498,0.5193027825478269,1.6604281740263565,0.3269894848167902,0.04108916341675333,0.021788663904101595,3.019036793790221,592.7623915765248,-9.788713023904474,3.084163601666473,4.519721120211661,-0.40030604041372936,3803.877741032387,2510.1756099152844,-0.07866072603908641,-0.09310262642668454,452
499,0.5194094165201776,1.9047203443026661,0.22755281197753327,-0.03489216857849017,-0.0031707870012741245,2.356634256579495,727.4110709515772,-0.0033606686385571766,0.3288349617900814,6.238814595515573,0.3856184706083773,2993.1392692063673,2283.1069658049464,-0.07845540646579943,-0.4902399467185491,451
500,0.5195536649680583,1.1584810791797124,0.34479043315740954,-0.027202820654225517,-0.02568525161741097,0.9575827833153356,435.950324056236,-8.183875519266145,0.7447992671907424,4.108309859374332,-0.17493733140269802,4139.910239869008,851.2427734942696,-0.07817772874775641,-0.09310262642668454,450
501,0.5196301106891195,1.5018590306888708,0.14954089216108055,-0.04775295174236763,-0.04816120666174338,1.9801414763475949,670.4391628525393,-2.9932323866488684,2.482126707550366,5.071526065135011,0.7285392409690808,271.01019466117384,3966.323274648502,-0.07803060227603453,-0.18152021181509076,449
502,0.5198389175606272,1.475329767475269,0.22882450372920599,0.01833201656123136,-0.03762413250335155,1.9503883966499895,500.5504310946144,-9.224284473823044,0.7507704013197775,6.038361755758327,0.36269334482142296,825.5763082051237,101.64740235494295,-0.07762884547784554,,448
503,0.5198399532746443,1.4768637144749992,0.1366385343181169,0.04871750793649475,-0.026811887534888987,2.1095860257686714,692.7777707466909,-9.84457221374185,0.06222418376538909,5.682451374512717,-0.18057353822699765,1115.9855129293378,2114.9681214574116,-0.07762685310490891,-0.18152021181509076,447
504,0.519894773673412,1.0226796619910112,0.3228817743717365,0.000782650238090992,-0.006712581115299751,2.1527278926959803,301.01620388026174,-0.18702889377866966,2.7757154773999506,2.0003791033091676,-0.02842239570250118,355.1495875854847,2212.322088538139,-0.07752140236364952,-0.09310262642668454,446
505,0.5199508721703898,1.3347810604299744,0.748427013427655,0.011913019392840295,0.0149537882660023,1.3736478882442464,554.5833072522117,-1.243208997728587,2.9256044809359105,2.8221860564871566,0.2107355279114958,197.99676593704498,2536.772017944745,-0.07741350462469257,-0.09310262642668454,445
506,0.5200405170557554,1.27318850366846,0.4633736800409852,-0.003761424169596485,0.03347768490357486,0.5941722209560011,514.46423371365,-3.488865538544009,0.32650483117390977,5.613434678098252,0.7581076234929891,1060.1828399816104,1978.2125001518361,-0.0772411091865483,-0.09310262642668454,444
507,0.5200478817722023,1.4082309487126676,0.5188874934471068,-0.01831281548973933,0.021624385081191688,1.0845582491431716,653.0213216973898,-8.745295803589237,1.0232423496082994,5.412172116019834,-0.37043807140847684,4954.765835468445,3588.9419330666424,-0.07722694747400663,-0.09310262642668454,443
508,0.5201490356066624,1.1721310978394368,0.9239564325529769,-0.0222568108206644,0.039074555783968554,1.6292245107804637,588.9462691076599,-0.12107639745171461,2.7273672056848755,3.9073401190417196,-0.027592850064286377,915.6109232411463,1249.465223820279,-0.07703245769408437,-0.18152021181509076,442
509,0.5201661007107393,1.6577150920876427,0.36090784999734987,-0.021404079848895904,-0.04733982601831352,1.7090439472227086,795.3886623769883,-5.78123873200752,1.2737551316011957,1.771598827186187,0.8347660779569483,1745.063397190552,3887.2829721207095,-0.0769996501274604,-0.18152021181509076,441
510,0.520174224967871,1.6612531775351482,0.1640976339983546,0.04901750951759051,0.02020972360884889,1.7492751204033654,731.107715285262,-8.687675850737946,0.44868339252667655,5.956323829914679,-1.2824131525138733,363.88778884039385,2672.5582533541733,-0.07698403166702439,-0.09310262642668454,440
511,0.5203191662337372,1.6821639860429785,0.21639419409936897,0.024978126627698657,-0.04810475589622454,2.3315716147863337,291.22455225770386,-5.761926070984805,0.8134381412363492,2.9808719915487667,-0.9166366312094864,2202.6380766112834,1438.9371286442674,-0.07670543063403591,-0.4902399467185491,439
512,0.5203920501280597,1.3227048180273506,0.3951930167342454,-0.033916303361504,-0.013626342526127336,1.8010307755881783,777.7455373253605,-0.7561772427000761,1.0987130960424156,0.9610130856665062,-1.2876096111970625,4770.048623613015,3089.740491524585,-0.07656536508401864,,438
513,0.520454801742153,1.6526094189849228,0.4159496338066031,-0.010882450864885934,0.018637434643648147,0.7731262744461811,781.0715101051746,-1.5284582528500494,0.824925926091469,2.3551588981100333,-0.2981835019183931,2747.884743400698,2526.662593898618,-0.07644478708729036,-0.09310262642668454,437
514,0.5204587937349842,1.7998967356587754,0.375105403072864,0.04618897488880473,-0.013223341930787669,1.7325550692635567,508.84143231515554,-0.9179285783931199,0.3541237613846504,3.719862294660744,0.4951709875470593,143.01751707314514,511.4333339563315,-0.07643711691592421,,436
515,0.5204720676847495,1.352455379042529,0.14960978480485157,0.0425443299639702,-0.004762487272103086,1.8590038139372767,639.1438180916792,-4.481406693098733,2.6672908034212757,2.4794794406426313,0.3951282768323472,687.7393143439692,2902.883670450809,-0.07641161291703338,,435
516,0.5205042916946565,1.8110765352267242,0.4122790521984564,0.03153880092552315,-0.04229995481401742,2.88403780796301,798.4381519569005,-5.77130093578833,2.983672711485756,0.9770943134732815,0.5113988824482463,3471.847216097526,1513.1397136602236,-0.07634970178979825,-0.09310262642668454,434
517,0.5208655270051351,1.6763878771204415,0.13565831865509792,-0.0034945756569411323,-0.035202593104175305,1.5507027354468663,772.3534065094203,-7.82334067353179,0.15557786572892704,3.83671500635827,0.5997447342206313,4082.922430854988,958.4545964911256,-0.07565593225950307,-0.09310262642668454,433
518,0.5210185176084341,1.2224597847492462,0.38586135808399635,-0.040286000462635856,0.03148570084679018,1.9102311491415982,607.9535709761659,-5.94844020038182,0.9362221656998659,4.86362527493384,-1.4815342078352358,2663.8177328154234,3781.4562473526485,-0.07536225158513732,-0.09310262642668454,432
519,0.5221414230271619,1.0613586336673984,0.46161065577132554,-0.012054368556126072,0.008436849731470145,0.20693362457336728,778.6014450411936,-1.3651114334423582,1.7557000756753316,5.064591885872963,-0.21365988063887817,457.8414627882743,3299.898215898175,-0.07320935861313291,,431
520,0.5221585497263188,1.7220676191728979,0.18934212436233722,-0.013870433568007896,0.031724662108306156,1.0906849689897544,699.1444603893922,-6.20649810768455,1.1716851047666188,4.9531398136357305,0.7777943911441108,1607.0099154232964,892.3321392237439,-0.07317655826916289,-0.4902399467185491,430
521,0.5221608859791449,1.485395317033064,0.4127482504465642,0.04248800408952059,-0.008465593910653813,1.3017256253066227,568.2012932926316,-5.389460517744898,1.6113668097678313,0.6794045049137698,0.24359980842170267,2085.5131083922365,3068.7728169701672,-0.07317208405806189,-0.18152021181509076,429
522,0.5222490978775414,1.4990916799550433,0.31326247262003587,-0.01013650874435154,0.04288734993990054,1.2624941472397866,730.8728078046242,-3.809503755838875,2.054348215619433,2.838535213251635,-0.04402036940920215,3124.3374373320717,961.2243881767423,-0.07300316208302664,-0.18152021181509076,428
523,0.5222785495140722,1.9364427660370456,0.9166791113171503,0.047347809784874746,-0.04632667986885709,1.9253643966664349,389.22128265226837,-2.917291835441121,0.43094965730228985,3.3098662316074776,-0.7573333360397592,3660.499483686898,2730.4073301068815,-0.07294676982457307,-0.18152021181509076,427
524,0.5224293378591979,1.3257035882067372,0.1910094126461558,0.007435463349036172,0.01943917000505676,1.1397981882221924,778.153785342629,-7.2481300302603415,2.6059413362278514,1.4998093840186515,0.875644715312191,1829.790908015629,3767.1594403536396,-0.07265809899516873,-0.18152021181509076,426
525,0.5225111337706088,1.5541268448061865,0.1719420507804211,0.02261745399791324,-0.02822906798414006,1.5846346617462082,271.48932069352054,-4.723873800355928,2.607838013147161,4.542610624927831,0.6510369175674535,3718.614431933461,4014.869181569662,-0.07250154287775634,-0.09310262642668454,425
526,0.5225765403365155,1.5138107366407083,0.5201880844287448,0.013213651284789019,-0.014559332917388534,2.030250800793557,694.907201963638,-5.62773454761447,2.7742915562344024,1.2929781377191485,-0.5201338868101899,3854.6578898763883,1087.6518072989672,-0.07237637334865438,,424
527,0.5229142546739303,1.5164790168062243,0.4755358718762083,-0.002047129942493453,0.008753019141237384,1.525292419570086,504.0480881462185,-8.410241683966435,1.026284220812117,3.7328928128693732,-0.47876584987029813,2573.5521507075678,3902.3678572490994,-0.0717303335159567,,423
528,0.5229449037834147,1.1569447334116223,0.5458787744320508,-0.023970430071395418,-0.009235137915241037,2.705018749711032,599.8815350958309,-2.145439678936386,0.6229344661937283,1.0613945263715217,0.18618887408363471,2158.351815167734,3163.389796803276,-0.07167172312037796,-0.09310262642668454,422
529,0.5229473829675427,1.3805645803623934,0.5386218658765051,0.029371673613293826,0.022864192246610005,0.8219663172223293,575.742923662101,-8.149442854382851,0.09409466892661023,2.447260625074222,-0.6056587197903165,216.4471963001431,839.0202798366286,-0.07166698231837546,-0.09310262642668454,421
530,0.5231206508031132,1.272215386640863,0.32629134819698347,-0.02940188906315881,0.04123654477231386,1.1106887369642267,401.72121224346955,-3.8811668450394454,0.44743754617047327,3.4621377562806965,-0.4726089425258958,213.01001444158476,197.5391461261282,-0.07133570780935183,-0.4902399467185491,420
531,0.5231522022078541,1.4957461934802025,0.1697392817959734,0.03404046493878955,-0.03019400657156101,2.370954433399669,654.5596377697424,-5.174694598168292,0.7401772844229311,4.391435440646066,0.35641839811116405,2499.5414024411275,1987.6641226446463,-0.07127539580823175,-0.18152021181509076,419
532,0.5232523986179817,1.8897031555136385,0.920147800437437,0.035631427900171354,-0.0162401985563553,2.1272251259829824,687.3181745038703,-9.010282246689387,0.99481270936393,3.037548154866615,-1.1441251230523213,449.6352742811071,1941.0553650368345,-0.07108388974957236,-0.09310262642668454,418
533,0.5232610864253284,1.435857790983194,0.9622749680794196,0.03267678370551186,0.02654371298867074,1.776085614382501,280.199542190002,-8.28285500744093,0.1574026401101235,1.8531219958286105,-0.9192317339497742,1674.1856000745836,450.875257142126,-0.07106728641386978,,417
534,0.5232700608113655,1.8877839347039955,0.22221721555140198,-0.018817246880444442,0.04110228955596595,1.100207124970045,500.8211028660933,-9.81015235898552,2.219080132722704,5.067353758540241,-1.3648619714120802,2506.0788167455594,3616.878498034754,-0.07105013568487772,-0.4902399467185491,416
535,0.5234644436916193,1.9442720786603422,0.4215886761218224,0.027655919224026982,-0.02600194303657854,1.722695631565465,441.22413123409484,-1.6191129321815394,2.0186361084616427,3.2474351954512453,0.6083885271397099,1717.5266074844126,2520.466075454059,-0.0706787274975102,-0.18152021181509076,415
536,0.5236433271103598,1.9062416079624318,0.26502319306467115,0.03800362607786803,-0.01121146914686428,1.7453491171383138,172.2292907227356,-4.269232107013294,0.9032432065743574,4.861395091805251,-0.16899426231304143,3696.805325827156,3400.416827894249,-0.07033705603739288,-0.18152021181509076,414
537,0.524206255154749,1.7707821878815306,0.8227891893607047,0.03218144277755951,-0.027162592650326656,1.0564009126215506,395.63385016004884,-4.759833405941198,2.7623254220226907,1.6780996722635033,0.05673812333746562,4706.636610388622,4408.029503429604,-0.06926261155972457,-0.4902399467185491,413
538,0.5242689571654483,1.0853117132225438,0.4185139691619022,0.015458640518604641,-0.04870788285358385,2.5386559266861206,740.282546570834,-3.8067113061878803,0.3253892939298658,0.8297474417082079,0.2965616209201898,169.64744139235765,1360.3753132263773,-0.06914300546880994,,412
539,0.524530802679497,1.6794016103362563,0.588249436538465,-0.02687949726733839,0.018511641522540177,1.2223957672988992,757.3135358450472,-4.401512956607643,0.1898921571253287,4.759678188138077,0.9480529752215121,2221.605692375623,264.24044353451166,-0.06864368132802273,-0.09310262642668454,411
540,0.5248858768629042,1.9751786802103157,0.4463287950865773,-0.007689817968342207,0.044051127241623966,1.7482683249659807,183.80406281206612,-4.899318864406488,2.783799695518293,4.722028354563459,-0.17762737340221077,3961.4374828488976,3124.0235731642606,-0.06796697358384624,,410
541,0.52489272452062,1.2949863286539798,0.39193999874721275,0.03484843503294554,-0.02401950673022418,2.4882277693032013,712.134072633129,-0.11149938524695535,1.6196197992952264,3.5868270544534235,-0.20849126723561504,4034.2156948001725,2079.398414177935,-0.06795392767544362,-0.09310262642668454,409
542,0.5249400410270969,1.8738835134726541,0.6175750177826649,-0.049894058593439115,-0.047085389242035355,1.3363125410243433,605.604305404604,-6.42213942908787,2.950572952133375,3.65534137751216,-0.065380517209632,4247.417612485772,819.2711497237627,-0.06786378663953777,-0.09310262642668454,408
543,0.5249684224381348,1.7798032148014564,0.24297533673742044,-0.01982226889846958,0.04029768883047977,1.2283992263185632,777.7862215814878,-6.053620801564169,2.3571317446139015,1.4530886468513875,-0.5117310894755257,1156.946335976475,1132.0642120633452,-0.06780972209574837,-0.09310262642668454,407
544,0.5249712783775393,1.6818870542902598,0.18014289722101995,-0.04931457235906594,0.022047693812246277,1.2890813876252127,447.2470399665922,-0.02773779861245451,2.0902970334369204,2.510144122645153,0.03690142539810206,4200.255636904516,4225.197830452096,-0.06780428189876087,,406
545,0.5251066619841935,1.4143454750403333,0.8710853239402818,0.049709933081481625,-0.036047411496902874,1.8713927643726578,654.9681409251008,-5.260896676267306,1.468180222214564,6.081816511460768,-0.215821358050575,288.99042777260456,1198.1750809882808,-0.06754642750111353,-0.18152021181509076,405
546,0.5255747739480008,1.0883915180640302,0.8739571376355951,0.046194759881058214,-0.020309548725972217,1.4969557578600814,450.20256339757196,-0.1740857674487888,3.0026640321222584,1.122629443843906,-1.081016731649869,548.5692948630327,3990.3554241958263,-0.06665536389460172,,404
547,0.5258833353596932,1.1258958270470223,0.9138583484544203,0.040622207193820634,-0.014868043748416791,2.0009973082178973,775.6441005061397,-6.70394805945657,2.320115440840618,5.368336883139796,-0.45087033767969936,1673.7645737101104,2326.7790985242254,-0.0660684428982991,,403
548,0.5259988550673211,1.4086679620564955,0.39651595034676546,-0.012076689740066872,0.03938236738842324,1.4951171199921047,252.12393462379165,-8.877563279245681,0.38056425076035233,3.822401109654367,0.1820970631459161,3177.944717925494,2235.3901516476362,-0.06584879908432917,-0.18152021181509076,402
549,0.5260524724837485,1.986284253652718,0.1670479116618084,-0.029789979844415317,0.04374001274871413,1.8044960785939115,648.7501155172139,-7.742651094592715,1.360322824812331,3.0509166367937914,0.9982459236942199,4272.009430199926,2706.6622418519223,-0.06574686980566191,-0.09310262642668454,401
550,0.5262722446115208,1.6179732626763261,0.15812606459040562,0.04141488166487425,0.028229880402645277,2.3610677605065327,623.25085930278,-8.217542497467782,0.6604291071608412,5.613625691327666,0.06361421022954665,845.0497177077763,3530.7827399808325,-0.06532918099266405,-0.18152021181509076,400
551,0.526596011991486,1.3988285760108488,0.372094534270242,-0.012064003273838476,0.014303880553899556,1.0212744645642975,327.86986008039037,-9.109597479876246,1.9018936069125556,4.852054400228264,-0.17720300715450962,2808.4356147482213,3876.3422357151967,-0.06471416123472068,,399
552,0.5266749056970631,1.2128603051876943,0.6299428801297561,-0.007144389006118468,-0.025911026654782246,1.2141181487850101,464.0196623848354,-1.6358394460094843,0.3713435489322207,1.5841938664708155,-1.085538916763569,2286.788157043588,2057.4592053955453,-0.06456435418239975,,398
553,0.5267019050200163,1.0587321314414684,0.4717143419938652,-0.0240930926148209,0.015734434768653383,2.2322708265633757,773.922484523131,-0.7827521600017662,0.38176479005096914,5.989836478858943,-0.40086894647941096,3637.404527194975,3315.592520249971,-0.06451309176104822,-0.18152021181509076,397
554,0.5267602757838362,1.9457352692272853,0.4279305568410796,0.025762804690115954,0.004474093663993166,1.483653135217273,651.8440850032106,-0.843722341742206,1.75056145419567,6.1199027822320815,-0.4980786659448748,3589.7597131992416,3563.8927175049835,-0.06440227475225516,-0.09310262642668454,396
555,0.5267849899209853,1.364226289406652,0.32965942704532825,-0.04860741978054646,-0.0498958536710155,0.6658887439288224,744.6491127021974,-5.0210050648776905,2.3580620260130725,1.1508658242829235,-0.15933325731384862,120.54484370698833,2589.8550923098296,-0.06435535861498055,-0.09310262642668454,395
556,0.526884625416745,1.0570751408975525,0.2747204367201592,0.03612185153877066,0.016535435373684845,1.5045460524480059,569.7957659719117,-7.663981893314241,2.9831300633811164,5.752823459502948,-0.9721338648456586,4033.6647103198484,2306.97273116751,-0.06416623767117294,-0.18152021181509076,394
557,0.5269114439040748,1.317110237888006,0.15979199217065754,-0.04657696517362654,0.021963198897202257,0.9409947226980555,432.70048304516246,-6.717137988745248,3.040872875663454,4.677163267187486,0.30853525228086287,1033.3447384446465,4140.498165976008,-0.0641153388528577,-0.4902399467185491,393
558,0.5271743218211236,1.7774325119570753,0.7527781279295852,-0.01948069927939804,-0.04443524687744396,1.9095725947895235,551.6376202728416,-5.526837035560086,0.4029341988071646,5.366923795035983,0.22308007793262194,1449.7674353243106,3113.9089667549715,-0.06361655985207439,,392
559,0.5271855061710267,1.2832225045122605,0.28742220816581004,0.034222816078270296,0.044293824154319796,2.5572170238927887,732.5478915402339,-0.7513345584838443,1.954463221183008,4.677730672457074,-0.5869270157073823,3370.5166665725396,859.0197581884283,-0.06359534441953427,-0.18152021181509076,391
560,0.5273577137491215,1.5610122476087918,0.28095116525418906,-0.02299894203839988,0.026613452469363957,1.689367294179937,733.4269376805598,-1.2257403312877684,2.418322497779251,3.5687511084403316,0.8851272566026831,2248.122117192732,199.17956414110517,-0.06326874314540887,-0.09310262642668454,390
561,0.527376448199918,1.7997828430082365,0.1967506576754329,-0.00040844944231597884,-0.01180764503867261,1.3888589886328013,452.7596394579021,-5.6168060258868096,0.7859051726680876,3.7645363990792227,0.3059293151357724,4973.141440950127,1802.985980691967,-0.06323321864743822,-0.09310262642668454,389
562,0.5274109709779184,1.2290849176483396,0.6348537246641733,-0.019261308374813237,0.009187342797580246,1.6871961286625312,457.87224971773765,-8.285305789227099,2.039171021432429,0.32187689969026856,0.5176243230698425,2049.2466995332625,3637.8227966308164,-0.06316775943285569,,388
563,0.5277079456601783,1.306330427713469,0.524342965692248,-0.03751936908062384,-0.021803858678599575,0.8505171174660732,508.0623553767908,-0.49892421801481035,1.0238705094982679,1.2315100631755445,-0.1281252602898725,484.6001160145552,4649.15182614049,-0.06260483768927308,,387
564,0.5279001533915639,1.8930534431630586,0.30131351340147394,-0.038645754658931795,-0.01621855018138421,0.7893361404463749,595.8491112597135,-4.308111360202455,0.9244068465830774,0.9890259441402182,0.2541181150007786,957.7959155638026,955.0582239809003,-0.06224067274266579,-0.09310262642668454,386
565,0.5279352512607813,1.1051712332968258,0.8562203982074394,0.016915678469765827,-0.047224140631526426,1.4797335836495442,200.77946896355772,-4.472062953523337,0.6029508705522926,1.07726353789368,-0.09759797946896502,4091.4106798534444,3016.07640794883,-0.06217418914289549,,385
566,0.5282400917965463,1.848661456180902,0.14292740949383245,-0.02894819351899317,-0.0301790943339529,1.9959344488966804,727.836501814202,-8.723603455931062,2.216305264421173,4.152432440259834,-0.7639743957650719,4673.62429125081,2796.4752221348404,-0.06159693547713729,-0.18152021181509076,384
567,0.5282756683771312,1.8720017574782415,0.45356820811892784,-0.03310384406809955,0.007377780150970771,1.0738644790361511,718.0812972155304,-3.4106712505930803,0.5621681178987252,4.522063616166822,-1.4661851157323174,4219.748855319379,3973.0651431059937,-0.061529588482543196,,383
568,0.5286569035840399,1.8676468887922109,0.1466723361784571,-0.030061845965579162,0.00994804987465144,2.1983088681223655,783.5872761553195,-0.15117188105851542,0.1132111755141243,4.610189893397844,-0.6688904059962313,3972.7007253396614,1120.9117066368042,-0.06080818915479583,-0.18152021181509076,382
569,0.5286577630167221,1.3775413448706204,0.5725480726883457,0.004398737581997311,0.04121906908512507,1.8152067046012328,738.323802965157,-4.847858522810354,1.721757382987766,2.0269837752922992,0.3220643455890207,4987.801824070676,4900.843945684051,-0.060806563465248875,,381
570,0.5286971892179,1.4965409575840245,0.5887790099800547,0.03789147115601864,0.023229932250917476,2.3780433923924518,653.4251397240346,-3.536677491195981,2.6620005336892025,1.5727855902453483,0.38820748850267256,702.5265169946648,4020.5444454562644,-0.060731988316942015,,380
571,0.5288406184595577,1.3918428944790084,0.6580656299589991,-0.018336655374411183,0.031229700021764284,1.274710717204647,657.0497174291718,-3.060955157244978,2.7398532303212484,3.2204833156375523,-0.3052331969944526,403.9603023248961,2732.4796734389656,-0.0604607370359473,,379
572,0.5292364899911609,1.0548463234142027,0.5413310661354048,0.041236174509565154,-0.02249968883688139,2.212297135657357,640.6366770163035,-8.332813431600627,1.5847527911090573,3.895019673332454,-0.23296265963490986,3854.70096576072,961.949257357978,-0.059712452157827944,-0.4902399467185491,378
573,0.5295793983993412,1.0490252934204425,0.6311275714263453,0.0348193242647189,-0.007163637208868215,1.2732873664479363,656.1732113281942,-0.10458257005309157,1.754690347041256,4.9055646470062,-0.5909973665193712,3003.002103458777,4902.65252712767,-0.059064731578751,,377
574,0.529650321477925,1.7095226790938216,0.14528583199250858,0.0014222554638439492,0.04590829818609444,1.9629185885611955,646.5681814956532,-3.9107881890496956,2.8696651696850317,1.6943503484437394,-0.6733417285825363,1310.5577609296172,1153.800120269511,-0.05893081713627238,-0.4902399467185491,376
575,0.5297443901024552,1.335050385367623,0.7008971601816506,0.022550339510036547,0.000887664177982274,2.2291140078820604,627.0566001247038,-8.618161983678242,2.960075429023494,0.25601664442720834,0.7702909315606703,4336.630207730603,3296.3219813221344,-0.058753227756686746,-0.09310262642668454,375
576,0.5298687700789881,1.300769367578608,0.4460581524132901,-0.022775070406482037,0.02185694150498279,0.5079877808058834,490.9841872860418,-8.700298102289489,2.011954255549859,3.212525126195678,-0.8702856939060375,3885.9663046583664,1618.9164794215824,-0.0585184628787592,-0.09310262642668454,374
577,0.5303136450636948,1.2274527949772094,0.9332212278481073,0.027727832454152848,-0.03859870106448598,1.8619950629515016,533.4907783745011,-4.158723033621245,1.7369557194442167,4.968833761905486,1.3203070880590557,1679.5313098312593,834.1191508748668,-0.05767922049094529,-0.18152021181509076,373
578,0.5304522613468756,1.4235195873823825,0.7163618791164927,0.0353264687145508,-0.04044440736661814,1.261691021321734,767.7169882951201,-2.975689282095319,0.1362925366941693,3.673308401911628,0.1212006928821483,4557.468560988094,1880.399192415443,-0.057417869172763605,-0.18152021181509076,372
579,0.5304702048979822,1.1779149396246547,0.9606357380649961,-0.015043850562932469,0.004274667777827125,1.9164165272839644,728.4389629533199,-6.621305204608074,2.112268588229513,1.2694101602871686,0.9771935552953543,4548.237661861325,3814.0919366175663,-0.05738404285332842,,371
580,0.5304714565771114,1.7475428795913042,0.17234825940746648,0.04385699809084004,-0.03727387516075301,1.685582457484684,442.1533638979569,-2.1569964100647168,0.05191463818390925,5.4573209005588925,-0.22730156887031838,3977.0629654625345,3783.4099280463133,-0.057381683290731456,-0.4902399467185491,370
581,0.5305902186266984,1.2694732360023306,0.8855446379314998,-0.029068155579843987,-0.00711712452052476,1.9954519798790271,711.2518762242725,-1.5187827359912978,0.9872264221352869,3.8817657714640736,-0.351092707343867,1437.0295344917142,2092.218832120481,-0.05715782815987422,-0.09310262642668454,369
582,0.5308556086203449,1.2947728769842772,0.601449319993048,0.021594342414286635,0.03879776787809071,1.2407414725029433,436.5759834695209,-8.872013882011077,2.7240274621120797,0.6595608371326586,1.0277890718305693,370.98558884528956,4397.989318241604,-0.056657774379686415,,368
583,0.5309074473554456,1.6641328798721517,0.15481731989920508,-0.002353628419482263,0.04576375701507099,2.1731616563775176,692.8402186053939,-9.433495553873682,1.9157384090373644,5.100728609805631,0.009949118074802903,3227.671236923777,3425.784750074476,-0.05656012785706446,-0.09310262642668454,367
584,0.5312520757434271,1.8405178023947737,0.522992513587683,-0.015990548713791533,-0.00944920361468364,0.6462903543999924,795.3210955380366,-6.657217592670022,1.8662816226147272,0.8049030178724716,-0.338100166626602,1908.7414582471984,1245.2596241759807,-0.0559112076288617,,366
585,0.5312594008555606,1.814203172015574,0.23125723486993366,0.003432931736665006,0.034566932109409365,1.4340314732043151,532.2832873944878,-3.568408796021132,1.0404415122958095,5.65949703403249,0.47100529091421317,1432.0374797719717,2551.9773278870935,-0.055897419331434633,-0.09310262642668454,365
586,0.5312831433226133,1.1408689353167765,0.8919060579260268,-0.021870080762385592,0.044231048466816386,1.1245057486704875,677.7342179530143,-5.4398787321690945,0.36889128692936424,2.1353379485125634,-0.6168422891101674,2561.928397220221,4776.539470454164,-0.05585272941816707,,364
587,0.5312982933431666,1.6430908127951687,0.4703817750521263,-0.03355947087662981,0.007020115562888976,1.4185247898468187,405.78880880317126,-6.342623699896818,1.8963089716755923,5.518431207029291,-0.44574371492628184,303.5975589613321,1840.700405066449,-0.05582421391798467,-0.09310262642668454,363
588,0.531357913556775,1.8065374483115513,0.2556997725423651,-0.02591865770440502,0.024450103423039556,2.277964504978926,734.9940030061291,-2.6486025687932715,2.6479166560497056,4.724329994707886,-0.44306233242749005,2742.8379944157195,627.3054251895289,-0.05571200413034974,-0.4902399467185491,362
589,0.5316555658952445,1.919135654567808,0.5955768186312591,-0.033952251006910114,-0.04854094771584275,1.7498400358899817,553.1079482014479,-4.452513938217911,2.2704803483133746,1.4174445031277125,-0.36407771716757903,3679.476198559039,1379.753527815332,-0.055151988002617475,-0.09310262642668454,361
590,0.5317127544922492,1.5314213116247568,0.3271970838639735,0.019823760986042948,0.01575400849016306,1.7537639367483724,600.6626549589294,-7.53186252026389,1.436546933251415,1.2609434197222908,-0.2792166157933903,567.1159800446526,880.5562580898131,-0.055044426782316816,-0.09310262642668454,360
591,0.5317606157468889,1.9650606026345852,0.2090514839986934,0.03704035581775919,0.04189115348257848,0.3343984327068309,763.8997397226595,-9.236015613989519,0.029747533905088996,2.873504405344655,-0.5111963762206646,990.4348104285159,4619.203221933812,-0.05495441746754201,-0.18152021181509076,359
592,0.5322529701599534,1.0833863680409577,0.8246368504010547,-0.035816268324936076,-0.02634660279661585,1.469646198304204,201.16451325323752,-7.290587072252199,1.3017973439017636,2.584270102366872,-0.28936689612654337,4626.569345650141,3997.9388389462933,-0.054028950998440545,,358
593,0.5322669062676022,1.1549020190574462,0.23941481931929098,0.013849953998384401,0.0017954008269955649,1.3288597673471543,734.8915846472944,-8.939220217155947,0.04150885935055158,2.418230232747854,0.609728367815734,3089.8569554759915,3384.4313434563423,-0.05400276810048668,,357
594,0.5325297592821803,1.9572526160215369,0.38252308210055164,0.015816386605098296,-0.034616200944434516,1.6691006481280497,309.44541818065414,-6.000269648792343,3.047719547288857,5.7489232340739616,0.7840632896156702,2919.2985986180756,2122.1418525698764,-0.0535090531436183,-0.09310262642668454,356
595,0.5325606620342891,1.981716688085899,0.9070279150658352,0.044488397999844435,0.044148430665923825,1.3821063157547897,415.96688566133884,-9.892427971402308,2.111002096595399,3.801165809528359,-0.4002951289552574,3060.9958621322344,141.9986675532283,-0.05345102473308111,-0.09310262642668454,355
596,0.5326121944078467,1.4351571794253122,0.1422135580928622,-0.04347251384880586,0.03497100828573907,1.1355854512972794,682.0032310418452,-8.079251779689233,1.0453675488352627,4.73437404881245,-0.7164327449327319,7.6856133679459315,4895.323343657695,-0.05335426602713365,,354
597,0.5327978499710845,1.0060964579887033,0.41108567699759196,0.038812790052175986,0.04278191463022111,1.6392474504944148,659.9574647545297,-2.3003439970681803,2.648802152915061,5.402805077057351,-0.08288618437969603,302.8173751369651,4392.269762497554,-0.05300575126309397,-0.09310262642668454,353
598,0.5330480851486629,1.071563539806994,0.43401966128172587,0.016425942133544175,0.0035295423824686506,1.8826250397068067,730.6746837867265,-7.7385144977032905,1.189759049495927,1.1103611671983464,-0.849572285633866,2135.796462245545,3832.9215973074647,-0.052536199006212994,,352
599,0.4537314163081603,1.771123637199422,0.12662925337786138,-0.009785820909695006,-0.04461803797017535,2.2788076854778314,731.8433151770253,-6.504798888043067,1.2630376635091916,4.5083262907577835,0.49026848530568123,4399.406792318993,2878.9615059644884,-0.05147565138044434,-0.4902399467185491,351
600,0.3738514979916562,1.6945506790399025,0.8185422446723634,0.03504969847045945,0.04633308457751704,2.052201927543142,756.2160726519475,-0.06401368649770534,0.47611262876383753,3.9478283579137208,-0.023449890482573732,1157.4004356093305,1322.9761261865442,-0.051469303152353235,-0.05147565138044434,500
601,0.3739131848014003,1.5120225285745643,0.13291783366746512,0.015348399109679148,-0.043607940012018294,2.260104193024167,599.2278450108755,-8.2414615898837,3.037343154294843,0.275721668768649,0.7471951921103346,871.4501915921066,3034.311681729671,-0.05130431325295565,-0.05147565138044434,499
602,0.3739230946435288,1.9278412830446627,0.5835562759911124,0.033610106991589284,-0.0197208110817116,1.660576336247392,743.4239644680273,-1.8062558500010049,1.1620898743034955,1.007847168002229,-0.6576576694569023,1399.1146675817556,2995.8891503993755,-0.05127781054804184,,498
603,0.3739627581760025,1.9742933494631085,0.3199949023138296,-0.02631613938173478,-0.027604279964947968,1.914104286321955,360.29793542888655,-5.114356783070599,1.4557355402398264,2.4506858692412266,-0.437895992829714,3442.9712344141385,4272.909844803789,-0.05117174213571103,-0.18152021181509076,497
604,0.3740441176856334,1.031863847569127,0.42172073480678374,-0.029666261251550474,0.014082091346059866,0.9435312036334682,567.0951563310155,-8.816453456518483,1.6535136603230163,5.335091684649089,-0.48391478006660227,1648.618146668287,2012.514111157958,-0.050954205338712866,,496
605,0.3740484635374753,1.8207909353033438,0.20562981638665212,-0.019367162963743214,0.044598173605059827,1.7356455944904856,368.9478701657653,-3.4947390416118203,2.158575717687092,1.908091753258253,-0.3833321236476949,3882.9096685128156,1348.412997498488,-0.0509425868520616,-0.05147565138044434,495
606,0.3741069892393103,1.537728717915675,0.7421664139470057,0.04726235345705063,0.020691379927849505,1.6810620634521984,218.2229278309968,-8.667474857369369,1.1468466746831876,0.07909267604413456,0.35181217391669334,2795.9603757344153,316.1672716944279,-0.050786133532754185,-0.4902399467185491,494
607,0.3742356752382488,1.8022039308866322,0.7768307662628189,0.0495336453612979,-0.025624875254787353,1.727349353000467,688.4320558841825,-7.813106413291312,0.6964771508169034,3.2766418839155116,0.059373031582535735,1489.7071434324773,1738.8869826635182,-0.0504422108718533,-0.4902399467185491,493
608,0.3742610310764468,1.6268945491909466,0.15392850180471884,-0.0394578238447732,-0.04023216685829328,1.7682392922640664,539.4619852516086,-7.32323180966776,0.5747764554636573,6.057488642413908,-0.7740333634115959,3462.4812129444863,2327.8827300730254,-0.050374459503051194,-0.05147565138044434,492
609,0.37426623958709737,1.2150629958185937,0.3002545334062211,0.011004135595851963,-0.01526669806583325,1.4230232144227666,478.1050186794264,-4.390944221828194,2.601050407311156,2.3043429514919986,0.6309269980716745,4128.826466376755,4587.37677294981,-0.05036054281391971,,491
610,0.3744941954772717,1.9100066542000564,0.6805152154952644,0.014863867190020563,-0.036438585140157125,2.269709775188474,648.0629781343274,-2.1547150417609795,2.6200843561569935,4.31286808784293,-0.22268595955108827,2931.578189963088,2844.4855917798345,-0.04975165407852994,-0.09310262642668454,490
611,0.37457289223777235,1.8465248916251535,0.8202301315259239,0.02399560415617112,0.01655116464508162,1.196569141403765,674.0588320047508,-8.227307987385053,0.7407756437399133,4.026889556913275,0.17850514715771146,2958.272692278964,3467.184809381234,-0.04954153468580172,,489
612,0.374618174533465,1.2827878224212252,0.527582440351175,0.012043717344622583,-0.02102968985447779,1.3563907183558812,533.6576353634605,-8.097844706295302,2.692180340950608,2.410030256182938,1.1632453571521055,3685.1853676108694,4540.543018454878,-0.04942065151527471,-0.05147565138044434,488
613,0.374673459215518,1.4880476078821947,0.8897635951808042,-0.040998671280226356,-0.01727269390646807,1.2995964266790807,324.2933421708001,-8.292277862893556,3.024786314614635,3.28566644811597,-0.8615889535909808,2785.331647364293,1068.1929190888047,-0.04927308632260767,-0.09310262642668454,487
614,0.3747703266546394,1.4745402381571882,0.19156709808123698,-0.027361640156823835,0.005344349363960419,1.6439775570277189,683.4665957304102,-2.7821124990001715,2.1441401705074368,4.224532900250834,0.5511721681080175,1765.5054742725013,107.95894437097489,-0.049014581438059056,-0.18152021181509076,486
615,0.37486589142809,1.3516878108679158,0.609197018263973,-0.02667326735101057,-0.02276556327911742,1.3206246267892112,567.9668720302022,-4.924423092924659,0.152623775846337,0.49761421301111347,0.657104326036137,68.79059465154711,2055.340413316745,-0.048759618372854,-0.09310262642668454,485
616,0.37487167174860336,1.4252269658364551,0.6716401546491327,-0.02761245913012519,0.03862315800067426,2.2858219754827735,211.8299534271353,-2.7404825245551856,2.4137709685756144,4.44840711887306,-0.04988094666394434,1839.3578935284836,3473.722045394445,-0.04874419878926412,-0.09310262642668454,484
617,0.37487191926738983,1.9528573344090359,0.2154702958855846,-0.02270071145199052,0.01729393464322815,1.6912325877591776,609.1531372845384,-7.365115826221822,2.176236631321056,1.4841622956687883,-1.193354530370733,4851.449076053546,689.069655352648,-0.04874353851348695,-0.18152021181509076,483
618,0.37488228545150754,1.5810471950439848,0.9127556029920888,-0.039106588250487455,0.04858562322496407,1.3953640041253714,694.4708348325319,-7.7578003554917,1.6213993362313672,3.7042290925357264,-1.195933588035574,766.8348522049928,521.8501794929354,-0.04871588629345408,,482
619,0.37491171363829257,1.3405488591337826,0.9938672575614683,0.049761318626344864,0.01272742519453407,1.2568776010126232,712.912110102601,-1.3705171351581016,0.8032522421504736,0.38278144019153465,0.04270947201892384,1917.9857300568672,447.99359039456,-0.04863738956807406,-0.09310262642668454,481
620,0.3749364381324736,1.0942613593673134,0.5425154019837233,0.0384974070282232,0.032184644910002724,1.8677107836448579,370.95247952895534,-6.50801460748176,1.1889982702681812,3.8919891124982504,-0.12332722169037161,2241.363750219062,3407.4087474095804,-0.0485714442320212,,480
621,0.37501277039815906,1.5126959082334073,0.3371473022869697,-0.0025092112532334046,-0.005152476934976383,2.3959368581317775,776.5813111714075,-7.065998877490027,1.9505824083344325,5.4475618117465485,1.2140280488307136,591.638622693983,3357.455611206437,-0.04836787773689816,-0.05147565138044434,479
622,0.37505336230398917,1.9086819398906836,0.4291705993202361,0.0010861227364498969,-0.02749398607337774,1.5693462246050323,673.3969165964186,-7.907597334164973,1.0702517095531974,5.467924158126557,0.6971382834782203,177.04472244607092,4930.81108288239,-0.048259642198425545,-0.09310262642668454,478
623,0.37514992742073894,1.5249948700567557,0.1350194530033031,-0.034957541167887546,0.011883712920202596,1.795060187812846,647.5554473163619,-5.940609620444387,2.750312508553899,3.242243635439552,-0.29154503684212446,462.00999366828984,1491.7865019318724,-0.0480022049981714,-0.05147565138044434,477
624,0.3751787971999803,1.4513459491797542,0.2027473923934648,-0.04470077403036238,0.02888667715473071,1.5031897493941029,611.6937270231826,-7.880777464472954,2.385491956817695,0.39158190367285695,-0.07120014030540157,3374.0015329289463,1923.7179762954786,-0.04792525264833465,-0.05147565138044434,476
625,0.3752033680250545,1.146333723348807,0.2628208875882511,0.011599450727962457,-0.00593076270348508,1.0865560082800414,736.3053749432445,-5.745827340622208,1.755234163516645,4.9393266732681536,-1.0166659451345772,417.80943853036854,3413.6960840010365,-0.04785976381811091,-0.09310262642668454,475
626,0.37526160311587836,1.304339868691619,0.8436081681895303,-0.03729727941159233,-0.014260930022969465,2.1577044614097387,542.471112946009,-6.911243939334842,2.34385249894851,1.651674488508962,-0.12356217015037217,3736.9955423351953,2920.697966584038,-0.047704566458655256,,474
627,0.3752633367127314,1.5168745003984812,0.2065407989657132,0.030874587790057813,0.016769067203515196,2.081216191057895,703.945915779527,-7.001407101077376,0.9787837012895941,2.1019434228829885,-1.0967097993818928,799.142370734846,3299.410649737343,-0.047699946767149726,-0.18152021181509076,473
628,0.37536957703235524,1.4410353948635324,0.8304762018057668,-0.029302960020928425,-0.02202434353579116,2.4017010819140334,619.9599536839477,-3.8658060431563603,0.4567336060650903,1.727365483137056,-0.2757082436970293,222.51503994604442,1839.757998431752,-0.04741687812366574,-0.05147565138044434,472
629,0.3754618135800353,1.517690399387894,0.15946485079548442,-0.046138674775703915,2.6967287061831907e-05,1.4858613386613835,580.9246180709523,-2.1403312651282653,1.5548123945684815,5.319438541551284,-0.7272600186566389,438.54318820166026,4815.856961489648,-0.047171186349686145,-0.09310262642668454,471
630,0.3754766005910658,1.8698378889880196,0.3271877753001453,-0.015114506880684032,-0.029331250002509825,1.7038116753552084,501.6354870230287,-4.500149898996213,3.0321771800631594,2.7954640433738067,0.9841708962948357,2998.5735196337514,1670.353155799227,-0.047131803596740116,,470
631,0.37549242909552144,1.269744918983389,0.2916415512030602,0.03901405929949139,-0.01682628651071255,2.1857445629798047,753.2921202498658,-3.191332206024086,2.2039222266029723,4.929902527246579,-0.6745286129543304,4834.17366826333,2622.902221350829,-0.04708964871734597,-0.18152021181509076,469
632,0.3755151201115969,1.4540400412829257,0.8388699077823195,0.03661117289052007,-0.022577287132388626,1.4580586097202932,706.7104550241633,-2.8189401111859125,2.9184843009353596,1.2870444944503727,1.1291943761193703,708.0507951732895,3057.529566897386,-0.047029220520300445,,468
633,0.3755642702697132,1.2598903504556267,0.13129023411961568,-0.027017198389283358,-0.03955154973144835,1.7483427283108732,480.31467739968883,-4.869878331903964,3.0656919259399653,2.966294962716435,0.3350312139598813,3209.02398169623,3926.043722040373,-0.046898341790762105,-0.09310262642668454,467
634,0.3756225986988532,1.5784142727358728,0.13601948283514131,0.018895716064292332,0.038043445989212644,0.46744643520325124,697.8750906184783,-9.996291204492827,0.7287240298493819,4.7672985564352635,0.16594163585249244,710.1831397955037,3184.816830428311,-0.0467430450685955,-0.09310262642668454,466
635,0.37569469931636623,1.2667329913315817,0.14854283571694132,0.018800944260633407,0.016274371132152344,1.5337919918203429,586.5587515824611,-9.663214852017015,0.21620068374892745,0.2773938393293381,0.15229014047657183,1078.6648566912309,3564.7947687541605,-0.04655111386208599,-0.18152021181509076,465
636,0.37574439462855874,1.8814161484543956,0.19841889529256215,-0.020432958375517,-0.004563439074000066,0.7269457441219945,756.7547466795017,-9.708710177920224,2.041185607936159,4.276013091571748,-0.0405713366206675,261.5597351596271,2665.7160332049557,-0.04641884682228169,-0.18152021181509076,464
637,0.37589174050202606,1.9904974742878374,0.21898698153793195,-0.03770273865645252,-0.04349170354423753,1.3430092396968452,798.6030097144281,-2.827405092256074,2.5738185069771253,1.5946473584099619,1.2126499465632072,3512.132753608657,3506.8523777289224,-0.04602677978753533,-0.05147565138044434,463
638,0.37594083810024875,1.7368161914644906,0.7410251577435536,-0.02150101056042719,-0.02683738923361414,2.430293958322137,645.4896340919846,-9.077736540682368,2.353800320480194,6.276519468467098,0.900761524410123,3395.296131327903,2266.1619430981264,-0.04589617199081278,,462
639,0.37599600231209346,1.4110513407968082,0.35104396784359504,0.02491764930503258,-0.002716007627261506,1.730205417035687,392.05282787051897,-5.063519076677898,0.10357648072988646,5.369156639284166,-0.04951295937038547,4655.1169055793935,2096.6138124943686,-0.045749446337871924,-0.18152021181509076,461
640,0.3760424555351297,1.9595253583785117,0.23768405436541243,0.0033347013455588994,0.0468961290487828,1.1609316667525236,658.6581095018829,-9.34991159496996,2.032152203508505,1.862532288670703,0.1816303678990724,3051.5117728677965,616.1396313057779,-0.04562590684966167,-0.05147565138044434,460
641,0.3761073474699694,1.8297453659031784,0.27713405634535493,-0.027776737547652086,-0.01305104359257183,1.3858032651614152,716.7093283746142,-1.017508770195498,2.653996539926045,0.4958230440720108,-0.9055096844299262,2009.0216626448475,1624.0748405803674,-0.04545335628926302,,459
642,0.37611389458570216,1.5063371710980944,0.338273454988152,-0.011214276501986697,-0.043704160421067575,1.8738276028288237,474.8218390108386,-4.8259189474683994,0.076567414922525,0.15657049751052038,1.0065365084259628,4394.218517884973,2432.816412876314,-0.04543594886878752,,458
643,0.37615498510401435,1.493809671527885,0.29711823638355545,-0.04192390823746662,-0.028915819571157048,1.1138502120000109,366.63673217866017,-4.199716116069174,0.33612455708019023,4.201473249011619,-0.048962822359291884,2833.602915979388,4862.861706619174,-0.045326704635888115,-0.09310262642668454,457
644,0.3762436751380054,1.7597596908121234,0.22294781330232996,-0.014802100218530307,0.010699661831966882,1.3006345656337914,588.2806025548829,-4.127516377031374,2.2304843792541575,2.3703676877784465,-0.6456668524684727,3743.042625438354,1191.9203283002976,-0.04509095186519658,-0.18152021181509076,456
645,0.37634393138613126,1.8272191412471757,0.7909451097625289,0.02143238004881598,0.021262218540188393,1.8194004352838649,527.0652803021376,-5.859099072238916,2.13802137124938,1.50275750625842,1.0022035108561433,1019.2019191889124,942.5017858500595,-0.0448245210925879,,455
646,0.3767149824612922,1.4822389155528726,0.16526283694139435,0.03803014418364184,0.03808374272563653,0.16067196060471423,760.9796875358384,-2.015817399162028,2.9036172656700954,2.988694763595354,-1.0242110158187958,548.1758356247468,964.8558217942438,-0.043839070689309076,,454
647,0.3768228240660287,1.2915135160328635,0.8929734385486132,-0.002006015203648696,-0.0313074840309471,0.8846263732601489,623.8792219436433,-5.82158340201431,2.6287181659641106,5.504171757746427,0.9795262158510112,1531.0609327644895,3305.703348951449,-0.0435528432312428,-0.09310262642668454,453
648,0.3768401475635628,1.6533644913188499,0.9555961618792216,0.04057632624504287,0.020056344785937975,1.1218560885675022,613.5288517542158,-4.849015802849466,2.2637928779238967,5.1735662919918335,0.39621844223217684,798.1539644481353,728.8199326068723,-0.04350687176070736,-0.05147565138044434,452
649,0.3768796131228397,1.8022195037654911,0.6583416395517612,-0.04940249807516757,-0.04835115421280083,0.6003787798062445,502.24319086200876,-3.8498953507069,1.2752530906677866,1.4014763554143805,0.323508701378194,1142.6813235701716,4145.121089449787,-0.043402149657393946,,451
650,0.37689080446636597,1.6820655194111453,0.9102568121515424,-0.04606353794777254,0.033347498072261846,1.1420238061522276,586.5591042100332,-7.562061201271254,0.9198927595338999,4.619824143238813,0.36989271657030653,4194.112087093006,2288.8543336733765,-0.04337245535456524,-0.05147565138044434,450
651,0.37689300011461496,1.1864792421832717,0.1760216481125777,-0.03096617861215335,0.016619829305296322,1.0995425939150407,736.559705811058,-5.925995890982736,2.673962823201269,0.3572076609796475,1.2277718069347996,753.2044623563168,3776.508829721467,-0.043366629683517705,-0.05147565138044434,449
652,0.3769056766999986,1.9829673439582671,0.4317143072195091,0.022349551950394585,0.026829160631577822,1.6064592193646958,791.5650607997196,-0.8159225485544336,2.486468869034016,3.83313765871167,-0.6700923036877425,22.90176333124265,3261.4902729458868,-0.04333299580814727,-0.18152021181509076,448
653,0.3769259215503698,1.7469849537301512,0.17978979611741486,0.03201872541818444,0.0200915753029927,0.9981226221930122,754.7029766462181,-9.487172107239026,1.2950177037445583,6.280867354909598,1.0140477614908374,66.2043513947319,4055.182075168443,-0.043279283943515996,,447
654,0.376939929996256,1.2300105610326741,0.3958127126088455,0.006903892220314618,-0.03946283144870529,0.7061522124408638,646.2951882545416,-2.821512188728334,1.4488776236733774,6.127487079780652,1.0438063348507036,579.9557914003411,3258.7620372120164,-0.04324211964997181,-0.4902399467185491,446
655,0.37696215544302974,1.7465056094676215,0.3658256875594407,0.040235835286367275,0.011699554340221106,1.15435175129517,542.8813405739943,-1.392521842934805,0.4503881296324525,5.084660182006425,-0.38673733519749764,81.88073405700958,3766.910655853579,-0.043183158553551274,-0.05147565138044434,445
656,0.3770643243718502,1.6006818492706492,0.1315948974370139,-0.006204210083157299,-0.03183875265467829,1.292193249272635,397.432777512313,-5.5993643633833665,1.3270887535656877,1.3707392639754803,1.317649229213256,3106.9195087248304,2681.0258471519805,-0.04291216295275105,-0.05147565138044434,444
657,0.3771124898998051,1.4597891415873554,0.22331245209574274,-0.012697260427047108,0.006526497032787906,1.7227221699555995,758.5264111182383,-4.478777464556926,2.3528146649420587,5.026497902309831,0.7194499730051898,1357.7159487111717,1898.6357155253418,-0.04278443288436584,-0.09310262642668454,443
658,0.3771380068400749,1.6478177922285833,0.3542374869998374,-0.010684122583333983,0.039902262410932844,1.96885753386464,713.7484507453122,-8.403798528708078,1.3593311568053934,0.587894333701495,0.3799275638688162,106.278467155269,710.4451377237193,-0.042716771171494465,-0.09310262642668454,442
659,0.37717420021832126,1.364057054163801,0.2558439428005531,0.0009501287968138247,-0.04101876194070782,1.382690087305714,772.8435787863202,-5.847599952929928,2.315676930826706,3.661393529547146,0.45692931684400323,2931.739975887315,1951.8504221726507,-0.04262080725116661,-0.09310262642668454,441
660,0.3772839228067422,1.086559763024203,0.15845964453616632,0.0372097436186075,-0.007120364076279914,2.258763574001866,466.64759544847914,-3.5711225457087585,2.6704494831296683,1.7304813883620427,0.4357293669948933,124.95968295616402,4082.61149497983,-0.042329942627065256,-0.18152021181509076,440
661,0.3773090976161832,1.5808393904542475,0.19036944139309941,-0.004129639855240393,0.03208991889909677,1.9957257181039274,625.498437881979,-5.706001385218709,2.558764446335299,0.5874091202363334,0.5050016412787286,4094.3185624713196,4995.427151720365,-0.042263218422708304,-0.05147565138044434,439
662,0.37738095530363613,1.093268462875501,0.1833391616454269,0.015181071154499076,-0.03737536218071402,2.258384139425068,744.9020494792613,-9.51669739606306,3.022237604616823,3.6523336186615323,-1.121416453839541,1387.9461158986471,3265.044423068777,-0.04207278875583234,-0.05147565138044434,438
663,0.3773960952301935,1.4723322930193548,0.5789868013106186,-0.007770089189330601,0.030807204490922224,1.264242744993904,585.8543817340741,-3.223559267352152,0.3234277386288976,1.8237990749289117,0.22159717901858145,3909.618495325314,1783.4112028855743,-0.04203267114352609,,437
664,0.37744762022483114,1.1617800689359603,0.5631436342451486,0.01882955313713569,0.046265151264699184,2.0146250098861174,299.94810830815413,-9.412270410076292,0.1079703803078641,2.663036141403573,-0.5660853977093222,3064.3420846660956,1270.3471315225297,-0.041896152832093705,-0.18152021181509076,436
665,0.37746607866838294,1.832395235373669,0.6313889213788366,0.037476687592630925,0.025001172639306686,1.874281852361403,662.3133111907713,-1.2826741299279156,0.5532380772338321,1.1229192498861986,0.36566017907523607,1723.4309532713557,4089.7085265644505,-0.04184725070305943,-0.4902399467185491,435
666,0.3774908149131979,1.493356569333178,0.2076662758008017,-0.021129744172761204,0.01758020106463084,2.328062503498256,691.8493183365179,-7.952086826945497,2.387873326957113,2.652931590354831,-1.0213640053540083,3864.1770583047432,3721.749952813507,-0.041781720485284446,-0.09310262642668454,434
667,0.37752282002705895,1.2909706837674901,0.634076666404341,0.010927375897323233,0.028918592456762704,1.4323744519401205,459.8636464486835,-2.7521418051575073,1.1008262203221402,0.058799809724764174,0.09150309591560658,3352.9717194650198,1415.8851355086006,-0.04169694025770556,-0.09310262642668454,433
668,0.37752634268160024,1.8803937224496348,0.21453572107652386,-0.020927185498988705,-0.0068970443781392315,0.11806809324435737,768.9136142128913,-4.267624508574246,0.7265569084532757,4.40354193387079,-0.31575766867337385,313.4604888036857,3737.218398870013,-0.04168760933005704,-0.05147565138044434,432
669,0.377559148791221,1.324648513718583,0.3162821761209403,-0.01510067408819487,-0.01933389443291176,1.9830775298054448,628.8055105807227,-6.720481184035907,2.0000101615014647,3.5252702312024486,-1.065299130417777,428.2967531332538,1130.2222006005768,-0.041600715567681384,,431
670,0.3776504815651951,1.6877113060571685,0.20812083811273224,-0.020674913265397686,0.005626051164370093,1.4221897574335658,754.1325796697162,-4.053359194313873,0.021244135875239895,0.304229812822374,-0.2855805794726268,3339.3001829081954,2762.708422556029,-0.041358841601175936,-0.18152021181509076,430
671,0.3777114839375636,1.83781182465969,0.6270957459725395,-0.015697810339002617,-0.040792385002500445,1.874562856415579,503.80754389543534,-0.08700079581359255,2.138736771672459,4.616285122418972,0.16152247408849804,3873.0962653629076,3877.562862728199,-0.041197323348279385,,429
672,0.37773312382981994,1.5572957712293438,0.754722563178328,-0.025502952417920118,0.038118412467232146,1.3530030762530019,555.2220596507182,-0.8220679808245666,1.8571203945519654,0.9610177127672587,-0.7924602716305498,786.4420688266383,712.006400635011,-0.04114003286783344,-0.18152021181509076,428
673,0.37778935529339525,1.7615377709540117,0.7585736892073003,-0.002013410784468517,0.01289310700156344,0.7838601783511182,478.1785815271729,-3.4974702063745196,0.9683031645354111,2.9919725142472533,-0.6103158669429848,4465.5952871421805,679.9771080209889,-0.04099117835926573,-0.09310262642668454,427
674,0.3778503005420521,1.0601075764076067,0.9154663518509635,-0.033770121085819185,-0.038859664091496104,1.404005957519955,376.7715957510689,-0.004392138275502333,0.29698029000578363,1.9423583024740814,-0.06494558705795893,4504.894079666464,465.8655190154293,-0.040829870655749986,,426
675,0.3778661196599174,1.9950271970727653,0.2012761412107044,0.038703029383455295,-0.0016846094064567815,1.1150034192731861,751.5152675466883,-2.2094026530092776,1.029285534419542,0.8785897451430623,-0.0773659820377089,4278.607854908874,2158.744683668886,-0.04078800543369416,,425
676,0.37790235681910206,1.1824492420009098,0.5792675786789065,0.008229636852211918,-0.04115659301188084,1.312153858281613,671.0257039782664,-6.49470867654081,1.0361731251339115,6.096045671187073,0.16897791465331302,2279.335620737374,2772.5329227745056,-0.04069211056546475,,424
677,0.3779053352111627,1.42485839945034,0.16494518599713587,0.012888357381469227,-0.008626108299775993,2.432096886845177,782.9076736803777,-9.733600275466987,3.1179719735543676,6.1945826708347935,0.3357120946048975,3235.0579377056483,4692.65217975552,-0.04068422921659025,-0.4902399467185491,423
678,0.37794439278699926,1.1071699025342288,0.23822010758777568,0.014709466792785291,-0.015869936868483106,1.8503704270113188,533.6689295522625,-5.261737229203246,1.8439019477558811,5.596247574404945,-0.14470654564443858,4673.35827771798,2279.540590078481,-0.04058088175365471,-0.18152021181509076,422
679,0.37796575373610497,1.21785910339406,0.5867651888878536,-0.0425182702330184,-0.02316074599511543,1.7039333817785465,262.192879009339,-8.14389905557592,0.5089203450284286,2.487386368117958,-0.7870759857629812,1657.750575410162,4993.815327281222,-0.0405243645889975,-0.09310262642668454,421
680,0.37801908825536606,1.6842984986961296,0.5310658206314577,-0.04570141535391375,-0.03281830880059371,1.4426945396864916,600.0907965493484,-5.831748381362044,1.4785661869767235,3.90176311551369,-0.5383602268108062,2051.7180150091503,91.77380100432887,-0.04038326514789592,-0.4902399467185491,420
681,0.37801968720555224,1.987201367555115,0.6380966440332184,0.014627163236933832,-0.007084250923812395,1.326132676944978,527.5711758931959,-7.426922093377824,2.426730401544003,2.268661958973395,-1.1434138534881624,1334.688217635057,706.9219398442972,-0.04038168070487633,,419
682,0.3782340650700032,1.171536675196381,0.14791169056964432,-0.01502409664472656,-0.04873425801795356,1.377261497710046,625.3221917373278,-7.0034298347374655,2.5517985286697167,3.527309178220739,-0.43953388677638633,3254.5821416146805,811.7997462281373,-0.039814733778536934,-0.05147565138044434,418
683,0.3782466950915857,1.117817212727017,0.5629540059650148,0.042357793011398956,-0.01974613444068152,2.7491474294331866,651.304022815252,-8.334700593477956,0.6774502017664841,4.811565182655006,-0.3114230478395763,841.9712995168516,775.93893270899,-0.03978134225755006,-0.18152021181509076,417
684,0.37847463500879025,1.964607158719054,0.7380618303434545,-0.02165972389343386,-0.021915519143989794,2.0470114310061303,700.7322781565491,-1.6711952258577152,2.4963387689079126,2.3279633542589826,-0.7499082224424176,2787.1896910106807,3208.7906147403755,-0.03917890139844925,-0.09310262642668454,416
685,0.3784925624110337,1.2827130231771324,0.6005659795829471,-0.0038006637223565037,0.015154247697799245,1.4744816540846193,454.9617552086639,-3.3788848482725298,0.4599292504578659,5.373304779096303,-1.3194184152471733,815.8591538193982,1853.9723460501611,-0.03913153500712581,,415
686,0.3785221170035935,1.9973248384252775,0.47798006809649785,-0.025789870114760468,-0.04442748286241763,2.0609506379779594,519.426275134798,-9.581912045449702,1.9918148906511828,4.591019592931812,-0.7542998349307997,4944.697069620588,3396.674419745984,-0.03905345305343588,-0.4902399467185491,414
687,0.3786039918770031,1.8210152670135842,0.743162279707597,0.03161526847732024,0.04307248328075729,1.4768776738633511,286.9203467216228,-4.031630243406303,1.567764057626042,4.406528512361487,-0.05830211805985948,3697.7031784929004,1489.6168159179424,-0.03883717501792932,,413
688,0.3786485532645381,1.469377819274577,0.35565863173463136,0.0073460700951344035,0.018598950495797503,1.7805803008229282,259.8446660815176,-9.854866508475036,2.12418463051115,4.636733006580954,0.011339917699836402,4667.411289551187,1402.3149281229053,-0.0387194827424018,-0.05147565138044434,412
689,0.3787203204114127,1.8209099711303094,0.36553821048911594,-0.018449530996643846,-0.02208768174746066,1.1875074039366595,663.8786765759002,-3.4053514706232626,0.5631762567535002,5.023647090784056,0.12031661012037596,2579.446668253933,2704.9755222622102,-0.03852996571953321,-0.05147565138044434,411
690,0.3787829807628006,1.1767476251356255,0.24877193393505811,-0.01806890712662343,-0.044282954237592695,0.7603180835582692,362.5680108391285,-6.686665116979335,1.9520897891508873,3.134021653409941,-0.7545998461844321,29.78241156579719,2699.5412676512105,-0.0383645265684865,-0.09310262642668454,410
691,0.3794077480770056,1.6435808504271159,0.9586843613164139,0.020895450301282092,-0.023013588472710178,1.8445556248802053,527.0190016389463,-4.505909162315083,0.20969635372394158,0.7982136707599077,0.016910605804758394,2870.33567267598,3267.525846253019,-0.036716478308686296,-0.18152021181509076,409
692,0.3794299992393911,1.4931066058953344,0.33574261028993246,0.009737850252649683,0.0020866114135141443,0.5017741399642085,308.05836088921876,-7.232248231117268,1.343430513203781,1.7584048844071307,-0.24642913121197138,1215.3289559096438,4574.493823579682,-0.036657832932993295,-0.18152021181509076,408
693,0.37949574252558094,1.0582959203159181,0.9030796141964927,-0.021273254611430557,-0.0017416898117024772,1.318832953234201,520.1473366109934,-4.054777574492677,0.9806755169750501,0.8785222684268005,0.39259022301457236,4569.547754209116,3301.066768006084,-0.03648457939120501,-0.4902399467185491,407
694,0.37970971943180937,1.6688382633220118,0.2243932613746964,-0.02448799689274196,-0.01559288917887202,1.312577529163836,705.1661055399629,-9.199541064435858,0.008600581496759449,1.6265020830905406,0.47201213103166945,4628.126198386709,2099.9201107861127,-0.03592089295160025,-0.05147565138044434,406
695,0.3797171777717806,1.7048641809679794,0.8359591084472694,0.004272054167041791,0.008987005282449133,1.4116622256971771,306.81275304881945,-9.26226107544353,3.104624269596307,1.6573715955733663,-0.3833680433899343,3467.9761819106293,4911.243862176147,-0.03590125092945438,-0.05147565138044434,405
696,0.37976651872590544,1.3247794863153084,0.760586252896301,-0.04495832504328637,0.0025631259345091015,1.4322939350800252,322.3158606086562,-4.271847685547286,2.200738036028543,3.9575323075459816,0.3540009733974599,4719.916600617158,829.5050981326781,-0.03577131804364093,-0.09310262642668454,404
697,0.3798514376606157,1.3607021915948694,0.5961535358862238,0.03866503464328976,0.008832705286819186,1.833123994647912,615.6280849816196,-3.3089623249829683,0.5719152185653618,2.988688417849259,-0.2908843952571281,3149.1705194189,15.989545862062272,-0.035547734769062894,-0.09310262642668454,403
698,0.3798998680559561,1.0816824535311906,0.40303643555084784,0.01683798281176363,0.018091255640022605,2.2593870162373872,657.5549701219071,-6.214507653968305,0.8949071388997812,0.5646135880633297,-0.08939096944425719,1113.9681244518097,325.8411462249122,-0.0354202446416228,,402
699,0.3800685089838713,1.3056287078103403,0.7796090034164725,-0.036164313980437506,-0.04032804272045361,2.1780849590010276,781.1339811195828,-5.422254448393543,0.36098311808322137,1.2336578159925904,0.47977896389870484,2866.350745887151,2422.033018512317,-0.034976434252203065,-0.05147565138044434,401
700,0.38018184939245614,1.8718686861730196,0.12928871001780706,-0.0317473605976993,0.011818117292300203,1.272325636722751,629.5244982256148,-1.889519181638099,1.5202369864899623,0.16118760739653393,0.46201580081568194,751.5255361970488,2892.7996155912124,-0.03467826823836542,-0.05147565138044434,400
701,0.38021885373095116,1.6105775653967127,0.9613880033204392,0.027930927335338016,-0.029955928080809234,1.8537390300929222,626.4816316094815,-7.772883859139623,1.4216174586940702,2.374467471212268,-0.25067027126999736,312.9232895228886,2246.679813580997,-0.03458093971574602,-0.4902399467185491,399
702,0.38023273703412946,1.092972860252085,0.28507192554565647,0.046404776074548584,0.029644089494635213,2.1721230105456573,469.20154277970323,-5.00729040843037,1.0759428349537998,4.779776420245493,-0.007904960054144886,4917.664082214042,3646.757212878304,-0.03454442640350489,-0.09310262642668454,398
703,0.3804162184075402,1.7272997854487073,0.33302492957928503,0.04345826070493378,0.023437994943863966,1.185910805392432,538.8042306847402,-3.0477331990389116,2.9923955334694767,1.7977878173401245,0.00973734966182466,2503.5636387092763,3352.645512995659,-0.03406199261941797,-0.05147565138044434,397
704,0.38046090983424785,1.6639523248738692,0.7098517384577541,0.010299620284183079,0.0283090690701374,1.469901556807595,654.0404927661547,-7.285218309522699,2.077491649459822,3.9969961505546245,0.5724951101997855,3014.84720848767,2118.0200944988915,-0.03394451917962543,-0.05147565138044434,396
705,0.3805189613166724,1.7185080355906242,0.4750686016421763,-0.009713829438957086,0.0410924677760464,1.3947354211848748,399.1343183313053,-5.857446475808297,1.5735451894291776,4.361149581497901,-0.5620063210589312,848.978326944777,843.2121358528389,-0.03379194882989779,,395
706,0.38057626772762065,1.9418548647354446,0.15448625015988948,-0.03849134334274918,0.004086088139772421,2.691628392535933,441.0665581321143,-1.9839362718163065,2.568594109696576,3.0252004435814372,-0.984351496688482,4354.0578273492765,3074.426459349518,-0.033641359497920686,-0.4902399467185491,394
707,0.3806087083024187,1.123986719390004,0.14455639252164387,0.04559327179620296,0.0014453408176084942,1.271488167710158,786.6734085567983,-0.5930933097290336,1.051451808387911,4.070580549343763,-0.6782331609838114,1264.602456211524,652.362086044834,-0.03355612246398014,-0.05147565138044434,393
708,0.3806269795075711,1.409382560475542,0.14474146372992627,0.021913489883469535,-0.023432371831096494,1.6113628764541301,313.63753197026506,-6.6390899776082515,3.1321777265137283,3.222743013964464,-0.7122144553490827,4900.246614880945,993.7717163312172,-0.03350811839523274,-0.05147565138044434,392
709,0.38063296092307664,1.4053978734720933,0.9956110376037126,0.0007921501753033672,0.04865115885840136,1.033189457733444,630.2753515744054,-4.39041291278939,1.500350691183085,2.0412484811935667,-1.3458889894809933,4419.965693859126,2414.3768286581103,-0.03349240387989566,-0.09310262642668454,391
710,0.38075976360555697,1.3224004315046554,0.17322571849409785,-2.7243882863577746e-05,0.01240339267343788,1.3030273027913433,731.0661042262898,-2.2328184053576448,2.6888684911662026,4.16043235784541,-0.6791782012627154,4267.785116236215,4162.913675172008,-0.03315932298861432,-0.05147565138044434,390
711,0.38078997346660703,1.6476917883414797,0.21555141106636008,-0.041264364821902544,-0.011644820447589438,1.7503223194319542,312.7734899223767,-1.855092949386848,2.6198646175377904,4.2974313333788725,-0.1990296856695843,4159.087423978714,2673.1092057186283,-0.03307998513424848,-0.09310262642668454,389
712,0.3808473967476441,1.5321819321354861,0.7541745638687134,0.023501283739356428,-0.008119091638842797,1.213275440070485,602.4435529775893,-1.4377833612478639,2.638284786561784,3.229600098485427,-1.12051768002527,3102.940893970746,3400.2651050835943,-0.03292919610160392,-0.05147565138044434,388
713,0.3808653940681262,1.3157944531622336,0.1583175229418161,0.01862740915211747,-0.03216806928923308,1.9308703265365232,745.4397049711057,-7.76885098897462,0.3766897930205555,1.348875432259743,1.0667885912201243,258.29055970993943,3575.1517518616392,-0.032881941228859214,,387
714,0.38093636623544536,1.3136282406591873,0.15217179744622436,-0.006774525177399585,0.036542755009610114,1.6605970866768571,607.0685947944196,-3.3039103487725523,1.8305168366692408,2.153741458594876,-0.39246546403704374,4101.564302677385,2374.8704087534134,-0.03269561409960815,,386
715,0.38097053570155104,1.0966419064931376,0.3232961774884473,0.019114673425880954,-0.014866269428857583,1.823421457689577,518.273690405648,-4.11188797614821,0.5385417684509506,3.8666817010279404,0.4427498191503108,2866.6303899640898,733.1487799715852,-0.032605919502949006,,385
716,0.3812100249548826,1.0348076758113973,0.6393124203460392,0.047937055176554555,0.030494329612328452,1.633397787817446,530.8020385275298,-9.810756073082738,1.1752224138853378,1.2641607679777545,-0.2891774954764922,2048.1936175725955,539.3588685543139,-0.03197748767569744,,384
717,0.38123138855097377,1.3756738146287504,0.4090099161207674,0.003239888482516601,-0.03521499075980678,2.5983455319414026,491.4631283805412,-6.171554142774424,1.4431538952282157,4.316806050762052,-0.21637554915493767,4794.616569521337,3314.9154566893253,-0.03192144770799418,-0.09310262642668454,383
718,0.38126105395492027,1.3470957569174775,0.5861332499016775,0.046623752729556156,0.024103817464386116,1.1678747712745028,486.7370547971725,-3.851680171892686,1.8280049465525818,5.357595560350739,0.7871387065288379,469.08277687534104,3067.7189425099646,-0.03184363604112805,-0.18152021181509076,382
719,0.3812686326196488,1.1867836907160336,0.29559009923843027,0.0270029140593829,0.015416467792712203,0.6802682638555624,628.4788092513533,-5.504775501946773,0.9238390848353958,2.26922185349184,-0.36706573835629025,644.0725552452974,1673.4685272548506,-0.03182375835013179,-0.09310262642668454,381
720,0.38130253498002953,1.9337385985088082,0.31964119264812496,-0.031243664349498934,-0.04211998037535553,1.6267269375177489,741.838082088706,-6.3883490219726795,1.6492372371295414,0.5851411011062607,0.03788490451199095,1652.4318679892992,2321.8174252980316,-0.03173484242506831,-0.09310262642668454,380
721,0.3813240288153228,1.5787409314304333,0.35317595644899596,-0.03278879617402596,-0.03668640095310839,1.6154031668124427,624.0777738543437,-8.415292046970043,2.1695286245835286,4.780216944378066,0.202521031686369,3875.8429573169524,1026.1769170923321,-0.03167847450843859,-0.05147565138044434,379
722,0.38140504185481267,1.1361396786053777,0.15317807136898098,-0.04959121446483524,-0.04303601744978354,2.3403994061685687,535.2701294039242,-0.04988956874701621,3.0512868903422277,4.260772424801945,-0.6646186343259707,146.75691407023487,73.71562162429214,-0.03146604510747403,-0.05147565138044434,378
723,0.38153184517350514,1.7693950056311918,0.1491316847749546,-0.020920309545237683,0.02432304840218759,1.3082212992330733,583.0844381747867,-9.757247654950522,2.7150505118243973,3.1140116392641,-0.5265149627388508,1861.0112417877817,687.220873684762,-0.031133636694600376,-0.09310262642668454,377
724,0.3815560587503529,1.5866219288936392,0.16766846092737814,-0.01878134291232552,-0.04755241163870769,1.6393971024795166,741.2078323001826,-8.936015665836894,2.9911758275136373,2.032076722967869,1.1304759733153225,2968.250466586712,1129.7508423197332,-0.031070174603965967,-0.09310262642668454,376
725,0.38160715253265315,1.9764316221241305,0.12560676474880575,0.030418340479344476,-0.0022167247882115605,1.1905822720414854,680.409716724372,-1.868806311079822,0.5449629757547364,1.4693194079611782,-0.42010092991775655,281.82853390960605,2806.7470582413134,-0.03093627458985243,-0.4902399467185491,375
726,0.38168705685433124,1.8052739213402633,0.2682560183926159,0.04124042873220681,0.006542344162054383,1.508068355522,544.968164392445,-0.5951615168498783,2.1169206808914485,3.8361729676350858,0.8566868830743958,1921.1787574002446,830.5256209012482,-0.03072690755684048,-0.05147565138044434,374
727,0.3816894410332539,1.2453271010645712,0.23347552946604716,-0.026348521700583195,0.005622945129981762,0.7234600632675916,658.1862570310897,-7.44717441104444,1.9830905337915299,4.394970435180338,-0.35440724663143275,366.332506749263,4331.917215086841,-0.030720661153088698,-0.09310262642668454,373
728,0.3816918375698578,1.8043735021525014,0.3268412048243502,0.04142313273807041,0.03888443823080971,1.6748573969074116,492.63980277864465,-2.606678780662538,2.1825952948605836,0.49260527066223114,0.9820647136029979,496.22490838952933,4935.088136717386,-0.03071438241226905,-0.4902399467185491,372
729,0.3817173241185185,1.7920638733455485,0.24825787020648138,0.026223494055504074,0.012239579831594398,2.292943139319693,505.9363096875651,-4.863446574082411,1.9173491010248156,2.664831701113892,-0.6728442999543358,161.84953484657035,2391.439406493421,-0.030647612061695133,-0.4902399467185491,371
730,0.3821656244410777,1.410242592138245,0.13394061586388023,-0.019166269667429223,0.03568868798931096,1.117865317565226,317.83256129024267,-6.815050895684643,0.5891474212143775,1.5743015776530136,0.08811459089172555,2214.2338112053117,557.2484489872388,-0.02947387104581528,-0.05147565138044434,370
731,0.38236892163955877,1.9767277123873501,0.22241761058405457,-0.047103143050308466,-0.02833864335263252,1.2862693530906033,552.6199630058056,-9.053468410395116,1.4979476888168195,4.762671578876406,0.3441430492860464,3430.8587497057833,3068.4307691985873,-0.028942051511146413,-0.18152021181509076,369
732,0.3824232411509007,1.2260047602771738,0.3308236286999607,-0.026214473454049793,0.040609304047563244,1.6876413886480433,350.3742847339988,-0.8240605110066657,0.00019989519857605304,3.2928447408279524,-0.23998040035231766,848.6823153996592,4087.789641801578,-0.028800001123901908,,368
733,0.3824270798843394,1.5175259982668747,0.7437459600704507,-0.04958734911309501,0.026221803318017378,2.892570332624728,742.2151706330757,-1.2857360936032327,1.3478222665626078,4.7873833308853735,-0.1310743977999959,4133.991954079177,3587.190811391006,-0.02878996325550945,-0.18152021181509076,367
734,0.38247603438599886,1.0474080306219784,0.4387691810571416,-0.0008259707032860289,-0.040631937263159126,1.2955746910689327,583.3970126252667,-4.627772425301897,2.937349092216334,1.966063314325388,1.0055958680435555,4674.54540516012,1345.2719747286856,-0.028661961418934734,,366
735,0.382505237593843,1.846921563823673,0.5419146319628896,0.0371507392018208,-0.015911708096320355,1.3885076351566596,385.0236713060836,-8.572885826119732,1.397112856446564,1.0676736483214038,0.43297034112922833,2679.10541268664,2256.821410194545,-0.02858561129396859,-0.05147565138044434,365
736,0.38254622275956274,1.8549520886753987,0.3070308193168916,-0.012173072722130671,-0.008737143874255105,2.049771943167181,676.5911429724621,-5.187989610932451,2.215708185882006,1.295032090007512,-0.18480082905947592,4257.209296246024,4961.379864034942,-0.02847846774116812,-0.05147565138044434,364
737,0.38261007364068794,1.1784102620213068,0.24159256596961015,-0.003388768414765174,-0.011417072137061276,1.7043347870180634,446.46665692504666,-0.5490775425117922,3.14005925188717,5.971472094378931,-0.6665996719112409,4010.138778747058,643.6320231978543,-0.028311571430992256,-0.05147565138044434,363
738,0.38261369634304054,1.7312419502175875,0.9000212611163476,-0.031772800901626194,0.00813776971272599,2.2534895648534383,337.64293657770475,-0.06278103516704464,1.2089643192928818,6.121489232589767,0.8030037438276947,2101.408246737429,3570.8331186202604,-0.028302103083348386,-0.05147565138044434,362
739,0.3826377695540316,1.475242483698408,0.27830304873577233,0.008107461328975649,-0.0330675077888366,0.6969425857701761,650.1713401434807,-0.2929290096457396,2.6275491945059843,1.465758600350403,-0.4108335668216827,4905.574953315175,128.3703733089762,-0.028239187265296256,-0.09310262642668454,361
740,0.38263945709460345,1.9649872448428896,0.39741856355091454,-0.01912698775868977,0.03154525393313236,1.1203952199826388,716.3492585486061,-9.894397927559961,2.334230030922197,2.2409036785169696,-0.7666214237320923,1304.0660319519088,2550.893695783086,-0.028234776992701577,-0.05147565138044434,360
741,0.38264063066398346,1.6151247118174232,0.25852721323335087,-0.01277336262000277,-0.004582852291516911,1.729774668010654,592.8911021539199,-7.991351786930763,2.0516271351502064,1.278260804675088,-0.8736731859016867,3706.871157633039,4835.362349460369,-0.028231709960392468,-0.18152021181509076,359
742,0.38264640647492515,1.0419646056128016,0.672216880718288,-0.04143426474754844,-0.006361933042824231,1.337752215948826,475.96431229647146,-2.362064960530022,2.4908697780485554,4.944180505905171,-0.8552125104044723,827.022297960465,2765.015426531646,-0.028216615464690564,-0.05147565138044434,358
743,0.38275226849458444,1.841090836278048,0.838575961274576,0.02251081955554877,0.04332047326922849,2.4161011787809006,689.7576138925629,-5.875772220743167,0.7537668796147787,6.076818588860319,0.532692118623626,716.1484169194351,910.4727183207168,-0.027939996171256427,-0.4902399467185491,357
744,0.3827558246641029,1.8559701779808857,0.6379144671455437,0.039983306174253636,0.02344982388047892,1.8729270396775242,788.058656923494,-6.479947469811698,0.6072759161287338,5.9425705433159814,0.2797838568011823,1722.9483504419297,1231.063141329266,-0.02793070516691548,,356
745,0.3828075562443632,1.7452582195447368,0.7570093834680369,0.018055742947971937,-0.008641922607626126,0.6011619498560553,777.7654392608977,-3.1100010562392715,0.5149367888517771,4.637140050419818,0.06703519149585754,4593.675335686273,3406.208050707117,-0.027795558733252502,,355
746,0.3828664829580907,1.3056980184706137,0.6789461389499869,0.034801300960917186,-0.020770588143702362,2.1193698931096554,322.8777479724191,-1.2825376465108729,2.766766730216264,4.673025626589468,-0.26755224524246757,732.6310624008314,3475.3167483597467,-0.02764163758449168,,354
747,0.3829569709581104,1.1684845464591438,0.49193958657267073,-0.0021543361090666903,0.025407552942696258,1.0834239046133156,577.9533549616574,-8.080708018781898,1.0822416064190121,6.171620542773099,0.4445275303046585,3372.265306854444,912.6735715588308,-0.027405322021227065,-0.4902399467185491,353
748,0.38297048251929805,1.9977100203792801,0.5905175089117125,0.014323747184071587,-0.04350892492230964,1.6437501285592266,198.4227822021931,-8.117486642066117,0.4247371547327292,3.730789339672474,0.020741111607269026,862.8315168817005,2969.281110256016,-0.027370040452152085,-0.4902399467185491,352
749,0.32580904609370454,1.3851377058706595,0.3908934451159105,0.008912373427360135,0.04813834361657676,1.6617421893181978,675.9987794327297,-0.9884530139506271,1.3190662188257067,4.844342314102959,-0.5966999170199376,3829.621485472925,2742.738433336451,-0.02684974113670431,,351
750,0.268454769668063,1.5426212393812602,0.30545418399579216,-0.03651467617289932,0.010670593863659273,1.2022248039102794,370.06601263359227,-4.981535110005343,0.7894612898575616,1.477181299367122,-0.09256658861552672,3746.9645915946335,1620.3853741799007,-0.026825635757344812,-0.18152021181509076,500
751,0.26846518586476137,1.4543385177952977,0.15130372697177746,0.015977972542959816,-0.010925370206099239,2.1657564278614885,701.4731787717102,-2.528036095606445,0.7322991920171045,1.8083821044282018,-0.5585040368622423,4233.295377017939,1578.6367459569158,-0.02678683594519618,-0.09310262642668454,499
752,0.2685568349079026,1.671791448948104,0.24105465340454432,-0.040990494423689905,-0.001972322127904201,1.9279628518451526,743.8645116219963,-3.6920202637413575,1.434077914621514,4.7070126503779255,1.1035198199612897,2042.0063587770615,27.05642374669955,-0.02644551272015741,-0.4902399467185491,498
753,0.26855974801851207,1.9572256713101543,0.25492171297247596,-0.03547584609882818,0.021285971615291426,1.6304944433468047,635.2520613133635,-9.830327760491842,1.5668255757708969,3.9154339193264,-0.17409766911438596,2930.2589260023005,4540.83516976778,-0.02643466550113919,-0.4902399467185491,497
754,0.2685744120390838,1.2875560813214106,0.13368492203639695,0.03391816340224078,0.036423407244231924,1.4983274391534944,179.54298165785224,-6.9116407247588105,2.9987172153036963,5.79158451001247,0.4519495959771707,2358.232490448923,2959.3664262692787,-0.026380064540459464,-0.09310262642668454,496
755,0.26858642488126616,1.109754315565549,0.33972273256495394,0.042352075160393056,-0.018136591602602115,1.6794700000674758,798.1429550724948,-0.3554163432163013,1.0759165142126554,4.668906561380511,1.0252019466138753,3702.8566500827765,3870.107349894508,-0.026335337369922142,-0.02684974113670431,495
756,0.2686418104535857,1.4488887088158793,0.16315477171190074,0.0017150129855151226,0.016354418512100323,1.1144850723124704,496.1538169031158,-2.139076564681012,2.0700384263868647,5.473135660646404,1.2565589081768025,3114.568021262827,229.57675916220933,-0.026129147267147212,-0.02684974113670431,494
757,0.2686679193771691,1.587842795359364,0.4186699959521148,-0.011230727581530802,-0.004144852640067179,1.2228224516345918,671.5788953436249,-5.776741905444836,1.1593653035901592,2.155656816294124,-0.7053805230751431,3314.4471678847444,2794.7175504556144,-0.026031963381723408,-0.05147565138044434,493
758,0.26872451053197044,1.193475818555091,0.2573431199433951,0.00358405864272148,0.01235679934304936,0.7360754973618311,620.402343493109,-0.28117972115858914,3.052142314545831,4.443546872032969,0.14863115102686741,1586.4319904586234,3217.1371687830374,-0.025821349491931933,-0.05147565138044434,492
759,0.26878186905868046,1.3184494093008368,0.3463367353611256,-0.006488295403555342,0.015197570216523829,0.4173935898237125,691.3275580620333,-9.686239323474405,2.9685634945732313,2.5883140622688052,-0.7926081682610978,4826.243497999897,2128.9342071601445,-0.025607924948086086,-0.09310262642668454,491
760,0.2687820637084504,1.2278139920978168,0.16911068928748926,0.042229489184300216,-0.013341106282327625,1.8079058273423112,604.4600067362062,-6.549978729972102,2.3399199851023265,5.065965640008828,-0.9092032335199337,4477.61496887785,4860.153251939376,-0.025607200756036008,-0.18152021181509076,490
761,0.2687957260672263,1.6568435944107558,0.28419646182189784,0.02640987979153706,0.03984348312260939,0.6637700134432405,255.807814395361,-4.238379645246432,3.126720725384525,2.150046083256518,-0.9968079188322941,1274.7966270128827,3818.995684247372,-0.025556371428486102,-0.4902399467185491,489
762,0.26881140151758043,1.6849043380869269,0.684681854088225,-0.009127719726544381,-0.009454762060911549,2.0325113671220643,633.6661702967903,-6.886648361698226,1.2982871361257138,1.6170852951586476,0.22152042450737625,1858.115491485364,3194.0426448204503,-0.02549805579408019,-0.02684974113670431,488
763,0.2688239256245939,1.530781379914062,0.15796350727549832,-0.024534789494097257,0.03814656515713275,1.9784001992275857,346.1611572360678,-5.912044715812906,2.274978621435618,3.019151525278402,-0.4397590156869097,3917.2227270843214,4088.134337221208,-0.02545146619558976,-0.02684974113670431,487
764,0.2688539590444956,1.892359503331238,0.226194525658481,-0.04395240454890158,0.025237453851561127,1.742221569998755,234.28679892214393,-9.121337999383167,1.4190149322229406,1.087681863099786,0.27042179687082146,492.8321616769746,3926.799810006042,-0.025339750907322933,-0.05147565138044434,486
765,0.26887485268972766,1.7083193570328679,0.3600524687804942,0.016472137578048624,0.03938199000347204,2.663795682584467,791.8491658576803,-6.27165633158937,1.8134742650503206,4.512015483958763,0.9744290027314138,222.60183612721949,1850.9949796771639,-0.025262040192212232,-0.18152021181509076,485
766,0.2689964917524476,1.499167520756324,0.18584453950153298,-0.030115246088349867,-0.01954702129926853,1.8954396404143512,347.82059355870877,-0.5372073174078786,2.5947804047414067,0.17930263656072393,0.28777483585737507,1155.6587499823627,4616.7448817260565,-0.024809742199206786,-0.05147565138044434,484
767,0.2689980973764935,1.0009085344146118,0.21931551978028774,0.012569126521928578,0.0075474941722724785,1.660520539999977,266.08461972600196,-4.759464290450567,0.38384886461463963,5.203384182551226,0.6905590338560559,2799.7131849401762,2715.1393214567,-0.024803773276603346,-0.05147565138044434,483
768,0.2690028220780799,1.5445821374521802,0.6337243734847448,-0.015591839986339971,0.027564497658069453,1.9393952893662705,664.3731158030856,-3.2257833987324176,1.2656700220339223,0.1735304721470615,0.5081170524288242,2418.551424927646,2133.848674311174,-0.024786209360198964,,482
769,0.26902120702160587,1.8942176088267402,0.6974073571789331,0.03426318957258811,-0.029514652383180705,1.7989368497353981,753.7404771032969,-3.0071619996831336,0.32353898049412705,4.538165848327903,0.19420686308743398,2168.2518698719814,4191.757740951143,-0.024717866897588134,-0.02684974113670431,481
770,0.2690483747831557,1.6131972978235312,0.28127263846278067,0.03421021231992829,0.033411682931878704,1.5608855199675606,764.2362608672897,-8.976112065732988,3.076890185616649,3.4016274267713147,-0.7398023542318536,3047.1527982310645,4817.3119382944,-0.02461688456190616,-0.05147565138044434,480
771,0.2690513037753361,1.9489585524535118,0.7430811503224102,0.037312075828166605,-0.02375045659544025,1.9492322938720945,639.6206000232345,-0.3407950059290643,1.7530299019294486,1.1853086332907736,0.12836563662238065,3123.3638682590686,1438.3010333468142,-0.024605998132130828,-0.02684974113670431,479
772,0.2691204220665065,1.8647122755701464,0.720075702614868,0.04321474174767591,-0.024272857260519132,1.8981364127881277,487.1676496667001,-1.5737174524739057,2.686095359436914,0.8513051626682501,1.1409677325901741,912.5933883458248,1733.2557662690872,-0.02434913479933276,,478
773,0.2691593700519065,1.4646821947084014,0.18841596484907933,-0.04091830623158549,-0.028731889863037482,1.417509963536375,697.4422151441396,-7.346406110416615,2.874347809366384,4.185390605019563,0.4037081248511365,4059.279846418625,2102.8579075247017,-0.024204422008606966,-0.02684974113670431,477
774,0.2692129345180958,1.242362886838689,0.5475437043727529,-0.03762899394762207,-0.0042202754453830055,1.2877212397004953,758.3231952890784,-5.955434940904099,1.7865903797811153,5.456629386699202,1.0260760972935579,2263.5907646184687,4047.8308811524857,-0.024005435300298444,-0.09310262642668454,476
775,0.26921307786908916,1.4988366888028763,0.798736808835405,0.031641779672618595,0.007952609857492583,1.60607554347579,670.9601093120449,-4.998346926996213,0.8945383378457633,0.6458000281275607,0.2692046052839722,2061.5898344647217,4088.0507353678317,-0.0240049028185442,-0.05147565138044434,475
776,0.269233069878424,1.057442663889056,0.16341954296544295,0.006510842504860184,-0.009789961477107433,1.6170497261003667,510.23124856203134,-6.873383512659691,0.37729403146553464,3.0675735559778428,0.14135864072187804,4600.677747309047,384.6056527588386,-0.02393064466133296,-0.05147565138044434,474
777,0.26925398380109883,1.7235284428318198,0.2931175784216118,-0.006203443690406877,0.008843558110660784,1.0236560571333273,637.8812220418989,-3.0893278625303813,0.42262798511690397,4.7717082808356395,-0.03433341093226627,1637.6874104001415,862.7605421765722,-0.023852968057832442,-0.4902399467185491,473
778,0.26927080233185596,1.059993473936605,0.15352017593305478,-0.008565676911436202,0.00636891634180973,1.8319401754387767,794.9646029313043,-4.736790635301758,2.6069598305221966,4.668435664481745,0.7267554939182873,1671.8361783166915,872.9470895295971,-0.023790506566032973,-0.18152021181509076,472
779,0.26934905037758883,1.286994404710521,0.3338955759237597,-0.04453297276076693,-0.02348309405191602,1.8560749131886023,397.763978879061,-9.550513354271454,0.03043299933281496,5.702778437212546,0.44582414127779857,3421.0825596683726,1218.077405405219,-0.023499956390800283,-0.4902399467185491,471
780,0.26935275286326504,1.3529762151874474,0.7832820730594563,0.010908922398878064,-0.02617223796852346,0.9390564640014286,412.016072973568,-7.333052319881375,0.6290415791814731,4.297073226401423,0.015510867370557629,131.1371195421296,2811.786154986139,-0.023486210434702365,,470
781,0.26935723076279255,1.2928600853853012,0.4849911379358111,-0.0014229633775906091,0.03719966314275924,1.626035436106696,202.4200666513941,-6.344590717837131,1.3326142547743127,0.036574671604485735,-1.3437353901705527,3032.9954984103965,2581.6696352879617,-0.023469585907038078,-0.05147565138044434,469
782,0.26935974211358094,1.112715638183006,0.6723562457342545,-0.03523781983185317,-0.04822373325484974,1.8011972530556943,799.5750724611393,-9.848380345192908,1.2633150257580363,3.2934028837176017,-0.08801586176964288,2.469920776456691,1264.722049010878,-0.023460262455520936,,468
783,0.26937605384253627,1.0651346871914553,0.19978821384148313,-0.014425245899542418,-0.040942223644157165,1.7654021961163548,224.46363250549066,-0.6119415037992607,1.6690010434827847,5.873329550870289,0.3418096691084873,1033.1763493058754,883.5190897647793,-0.023399706876736384,-0.09310262642668454,467
784,0.26941474136767085,1.2532698850160873,0.17941950698033368,-0.0289627648470047,-0.04958168786729703,1.6173391907691057,450.3554480858942,-8.731148186203306,0.1915530779776657,2.4948791708095213,-0.6132560419345772,2743.7350766748377,2442.747418862587,-0.023256098167993972,-0.02684974113670431,466
785,0.269451015254183,1.08612080434112,0.3866923550424687,-0.03491363679924499,-0.029419358710922022,1.3291995994698442,687.5388429453798,-0.7830123712910522,2.2103121057635775,3.8304595971646718,0.6197203700770314,3439.2484122629035,902.6415744568328,-0.023121467655201,-0.02684974113670431,465
786,0.2694977587929902,1.9899331378212783,0.48200261168788505,-0.0384832847663458,0.049825080427726307,1.3689079766593222,605.7909039739159,-2.237151891838865,2.849628275887735,2.3609112027054255,-0.37834150282552154,1892.178300140762,3330.5343981075953,-0.02294800575610184,,464
787,0.26951792223021703,1.1154834588452947,0.6465163153631517,-0.03168190069908066,-0.03466060989026709,1.4132083933338102,728.021737698866,-3.804491919975335,0.4632005419918898,0.4718804489054569,1.2422844541454987,1305.9927422069975,4883.90873829094,-0.022873189983775345,-0.02684974113670431,463
788,0.26959661995152745,1.9038707662771805,0.21068136033971496,0.02694080981264795,-0.017437933147413515,1.2652354825586025,492.78191125271104,-7.258959698828197,0.7565348790609402,0.05525176643721902,0.9892691836824814,4153.896872028108,3125.6841421417803,-0.022581238215772112,-0.02684974113670431,462
789,0.2696027224161769,1.1435474166809698,0.3808680319913045,0.04920053879974035,-0.04239915474501005,1.4932435496025147,712.3182028171258,-1.1935243129716613,1.0980973202457542,1.3428363419467406,0.5417294517042919,1473.36531100674,750.2111734192631,-0.0225586029335397,-0.02684974113670431,461
790,0.26961573240207365,1.904852265121409,0.42137751309085486,-0.005169854592309939,0.03171120548830164,2.5648823524812325,789.5646972518651,-2.3867188383083366,0.1175762041508957,4.756379555826928,-0.06866071254227371,3931.9483025516342,2419.6753287689444,-0.022510347960864437,,460
791,0.26962692058708565,1.1365240451357301,0.18892431292773476,-0.01010473390124349,0.026293860033915477,1.6771005757288018,792.1660665650068,-9.677949037589135,3.1383686182822186,3.9568214843180076,-1.43882063591064,2926.3694556154746,2266.44622244784,-0.02246885204077939,-0.18152021181509076,459
792,0.2696484671108135,1.0507212050078871,0.8288643225800549,0.04438865360399284,-0.01199499776690953,1.8584467498764412,339.2101541636405,-4.067500527444459,0.01632457793772042,4.351077206936061,-0.43585363617699074,2238.020541346398,3979.3407124006,-0.02238894287293751,,458
793,0.2696516388553661,1.2157820182922643,0.36060868266574714,0.042124844393728336,0.04730285046932082,1.2568483044230911,636.4656677499099,-5.4779894811394065,2.8718883771516173,4.5722029810256535,-0.7591953519645804,2552.0275903269726,695.8315503779206,-0.022377180425597838,-0.18152021181509076,457
794,0.2696593793437462,1.3384739073330794,0.1481346115467137,0.0009992263197295265,0.019496004909966377,1.7017347277659631,617.9410309208224,-2.958293460705274,1.694783721914074,2.485627012277443,-0.05928927891226459,1624.7193212514476,4006.204829979793,-0.02234847532548278,-0.09310262642668454,456
795,0.2696796041195502,1.5391120922277386,0.1263503950586278,0.030114780967135737,0.005024185566431683,2.13978115900173,555.5186226701544,-5.279678058256202,2.2959405822258936,5.6651874835340905,0.701668657479457,400.103034971199,1133.6966144335559,-0.0222734769424893,-0.02684974113670431,455
796,0.269704101933207,1.6402016270157034,0.5424516758416931,-0.04464258048983938,-0.04936202946683819,1.489464016493539,78.19218774291825,-1.921769370908509,0.9981105118502386,4.447367769193673,-0.12229546695740777,1422.3090206749216,2189.2607711350893,-0.022182640629169692,-0.02684974113670431,454
797,0.26972326167508626,1.3929481905079013,0.2999379789680695,0.03421373133872928,-0.02232803361555884,0.7969814823387182,730.6310985428485,-4.58116518651674,1.0364043477412719,1.4989948410845864,-0.0963834098619072,1957.0742959305064,3469.8363914005827,-0.02211160329153901,,453
798,0.2697491412434183,1.5920797148661658,0.5353824063823688,0.032723420978852995,0.04368001947566805,1.3747625328557465,577.480360903808,-4.46907762191457,0.07486002622321973,3.3632355500536573,-0.49457380416146113,1597.620750795709,2318.8404877607195,-0.02201565929803958,-0.02684974113670431,452
799,0.26977449442673007,1.9666189640150054,0.2528320822724651,0.02646626732941569,0.007017409443061527,1.5441350403331886,722.089251151893,-5.645182503032062,0.34274948942838973,3.7518383778302336,0.5347915219647115,3342.8476935605113,3640.5884464263095,-0.02192167571080958,,451
800,0.26977544859091257,1.48607549852228,0.2850705074732983,0.036991791594790144,-0.024392150073443288,0.9681207805984265,700.9265058863926,-7.431654482915738,2.6833760169634573,2.97716243249209,-1.0191166487309349,1285.600572550838,1065.860209517432,-0.021918138821627367,,450
801,0.2697825112776712,1.2708323927389886,0.13960077498538812,-0.027026083252610335,-0.010949939655342855,0.9595317843593691,766.5418817942405,-3.929199562150814,1.4095995361282516,3.479322105126367,-0.9111695401732055,3855.625632302665,1776.7238910517092,-0.021891959292158064,-0.02684974113670431,449
802,0.26978901294234187,1.6402620538105726,0.3430482058360616,-0.011823680734334114,-0.03697036761907408,1.6004825168002461,303.797383038743,-0.6719263635618129,1.413501018590134,6.077734652776636,-0.3239033222390143,3843.0567254481325,1739.6809534689417,-0.021867859930452073,-0.02684974113670431,448
803,0.26981468486596744,1.7950857473037958,0.18643870417767078,-0.010780006632466931,0.03611319826959938,2.582403653639689,686.1673395087847,-1.2882461109854952,0.941344929262797,2.2662844364007335,-0.7464151311414184,4171.690567984966,1034.205847687022,-0.02177270890108815,-0.05147565138044434,447
804,0.26983932670531285,1.82481824635366,0.24431488112724206,0.02671201506063141,0.007225868933968511,1.6623348353840393,678.3958816132193,-9.624936937050554,2.5270360050910865,0.3788997595099185,-0.30770509576221944,4051.459014260217,4884.907148038168,-0.021681384315917207,-0.02684974113670431,446
805,0.2698522613540532,1.265257474489751,0.3315691941282115,-0.02190019597221205,0.02462403405412266,1.475749835288922,629.4313264148883,-0.019282714257381817,0.19156603888252485,4.440767812629444,-0.5824663381602965,507.3879000529417,3012.395012565933,-0.02163345083307122,-0.05147565138044434,445
806,0.26988774904628077,1.424637992946782,0.1289225526752285,-0.018723121383128177,-0.045670809885786534,1.3390762539413485,650.325656709943,-6.368757309097784,0.13532978047974667,6.049603980044939,0.1518341612709289,3795.169490589798,987.9112594568007,-0.021501951623807036,-0.02684974113670431,444
807,0.2699190031126781,1.8712853293073066,0.1941783333335482,-0.002131343399418208,0.048436886328098575,1.6042749720492973,525.3035638229186,-8.05715274245621,2.582929876242918,0.3460833702243169,0.36723994081838796,2965.04337273382,3406.416367830267,-0.021386154382240792,-0.05147565138044434,443
808,0.26993031760130753,1.2641114661244983,0.19666941896500867,0.0499104765750349,-0.04802440853876771,1.3644079199344796,727.3607141202381,-5.572660701464157,2.266650632821049,2.247863810234551,0.5413967933063628,4612.601427254841,3611.770540034502,-0.021344237172412253,-0.02684974113670431,442
809,0.26998873309591087,1.1553374657609756,0.8158907595614159,-0.027170790645857503,0.03414010377610881,2.3555428474478313,635.4702139716969,-1.457960510590313,2.2016018922985765,2.4402068226705524,-0.7672177969120041,4527.010520070152,2170.3396917439222,-0.02112785105025987,,441
810,0.2699888339488474,1.0827318429285935,0.2733709587727201,-0.04091598303731247,-0.030264560335515982,2.3908139861081223,742.5443817573241,-5.729284450177503,0.8016201203039148,1.631801368826827,-0.23968155552964315,2402.544388326018,3971.781507938272,-0.021127477505394066,-0.02684974113670431,440
811,0.2700113514172927,1.651685113107433,0.9696276899321,-0.035965397184334495,-0.029149577250990835,2.27436723960731,660.4364825320532,-3.457805452876757,0.010418707979503849,2.6539175200947365,-0.649642293472914,4160.285042511359,4984.961269300169,-0.021044079502695278,,439
812,0.2700255839961355,1.5973061990781006,0.649503734708715,-0.03323148685930362,0.01231228004291609,1.782722639296736,633.3705798963479,-4.740547223867788,2.470463973053894,4.8349167245066536,-0.722905420069269,661.898277838664,968.2209961378929,-0.020991369852949304,,438
813,0.2700497154362132,1.409893182928972,0.5397644451059976,-0.0024395851568828906,-0.005101646916976889,1.152105284579914,789.9547357310088,-3.0601405649658466,0.7148219456901924,5.696042290445437,1.1193708744236277,1471.5980109152088,4123.402879967707,-0.020902006610048745,-0.4902399467185491,437
814,0.2700730806968696,1.155175907699756,0.6042034470123743,-0.04514706727344964,0.010254695327453354,0.3203029951797353,241.86480395072735,-8.585224764776891,0.7733542226069604,1.4115259453708155,0.04587151682900714,3352.0551734047945,3247.224377615645,-0.020815488281861187,-0.02684974113670431,436
815,0.2701415419014638,1.1559816633923758,0.26701729876366803,0.042764583356497514,0.023153256527933208,0.7717424327446176,783.588185018675,-0.44359669712273514,2.5539824909694544,5.144796275393323,1.024735337445508,478.73158353184,4907.770938052754,-0.020562029000689624,-0.09310262642668454,435
816,0.2701424288471875,1.2202571787905363,0.3982579479771037,-0.024004056228486437,0.009497199705044033,0.8895047899385339,221.23152684096596,-4.8136483892730935,0.10497624765044766,1.334652045784131,0.16196527859713414,4374.246912926914,4645.057381277763,-0.02055874574309844,-0.02684974113670431,434
817,0.2701557046163676,1.5629392294896072,0.4854215365366428,0.013524844335164238,0.02760586167809641,0.6462021371848817,710.7938224401041,-8.440078606687463,2.307990899863404,1.4195768033669791,-0.4438825815306674,3065.0998904689236,3207.5394681366347,-0.02050960335902252,-0.02684974113670431,433
818,0.27019479386776357,1.8609250233033978,0.5239446762395167,0.024786796858282542,-0.04225413124356364,1.9266874651178796,683.8776538410485,-0.8627155062281715,0.77812903064307,1.6530558680528498,-0.054867205903672236,2080.593793670151,940.2523584185997,-0.020364922261908502,-0.4902399467185491,432
819,0.2701956307704902,1.3928149337553197,0.7676691491259214,-0.01608935311871846,-0.02720808877551404,1.4360255406688567,499.74307353079485,-3.3174559159905983,1.0899334065194086,4.546193519799661,-0.884520270334031,4422.3469880534085,152.88853093932926,-0.0203618248616462,-0.02684974113670431,431
820,0.2702248582218297,1.2883290509244352,0.19283546879111313,-0.011598359177023164,0.049134122093302965,1.7521326216960267,518.1902205604385,-7.907021909296304,1.9419705863258279,2.7555527330476695,0.7586731916687295,3570.0926567129222,3953.411497502591,-0.020253659268508806,-0.02684974113670431,430
821,0.27022758544893993,1.9501309282191213,0.4921500854414879,-0.04424298189095649,0.011713625970303333,1.2087960779061053,510.17353944855336,-7.806423866449436,2.6681117681796334,4.183311232063192,-0.24758268682563933,3368.8377070397364,2904.6461083005784,-0.020243566883391878,-0.05147565138044434,429
822,0.27023086879187297,1.0803118800510287,0.2847520549516004,-0.019311402578862893,-0.02109445504227597,0.9953150281298425,796.0227636950028,-9.232247221263298,1.1335742114103624,0.7815786837975738,0.30274968499473975,3926.420683596713,3035.5889297066647,-0.02023141666940584,-0.05147565138044434,428
823,0.27023262004144744,1.5128069181054713,0.7368475787301914,-0.005441129250022865,-0.018912106768216322,1.5898126974465112,516.0898259444155,-6.640832634508056,2.019427975239614,5.614688257682161,-1.0090757288773218,2334.028322913161,3511.2996785730325,-0.020224936122227984,-0.05147565138044434,427
824,0.2702556445108169,1.3932140959765842,0.48664698848216326,-0.028412220696372947,0.03994092893515826,1.3397186977083548,356.69455808312404,-9.355022720233222,1.0053111967759145,1.783637861512087,-0.1563889814461001,535.0133152484104,3290.8722090982747,-0.020139737345900022,,426
825,0.27026245886640965,1.648541988683824,0.17699355024335373,0.02188344843441073,0.004148452201342262,1.326995709928571,799.8831137000401,-7.321527257839651,0.3138037425419975,3.6597536905429355,-1.3725615666415347,2701.737738396571,3164.5887579845003,-0.020114523183586898,-0.02684974113670431,425
826,0.27026793998927473,1.2332536231809181,0.28522705638638657,0.0004285746438342242,0.019096727787711883,2.532374952037295,635.8057494319047,-9.277002750268405,1.522366940418834,2.4322788325943314,-0.806084119235009,4049.569838926046,1572.4068262066069,-0.020094242648427234,-0.02684974113670431,424
827,0.27030203789210583,1.5619478933454407,0.4632909231096046,0.024353902093392672,0.03274690534093583,1.5016413982374022,684.5551561743464,-4.008419585252057,1.1454160211090965,2.3607581086937555,-1.0825397355396322,4695.980893075417,425.3531878685347,-0.019968087278115672,-0.02684974113670431,423
828,0.2703650366625725,1.3942087017927984,0.2609143037258367,-0.047082376267523714,-0.011957231938841954,1.2981989764763195,437.0560730419661,-7.820968668701116,1.5050071157616036,0.6605346503863876,0.07084367304600207,2090.0998069255284,741.5046961315566,-0.01973504637838519,-0.4902399467185491,422
829,0.27037797305075495,1.3750397198164659,0.513934324607461,0.012719067453294652,-0.02891633656856878,1.5853204674012653,764.4653120065317,-1.9599777303308095,1.6154912126840837,3.7695128316588167,-0.921941153752712,2832.6434054876095,3827.4267916653416,-0.01968719966395602,,421
830,0.2703945686916971,1.7855193055405232,0.46345078180521493,0.03484474619992746,-0.048062604854326896,1.7442566859431232,766.3431604820782,-4.110394840509994,0.613058745864786,4.180194501854351,-0.36540260730670643,4291.665423406529,4859.017291081758,-0.019625822135838036,,420
831,0.2704406501046765,1.0837072390305365,0.7903745204295953,-0.01810515315648309,-0.0048523298041995636,1.7567160151726147,533.3255363772363,-4.090955421090068,1.4163527669239218,4.368941126910246,0.15606798874612687,1080.5330450026295,1251.5410653628235,-0.01945541380633271,,419
832,0.2704511949838755,1.3549683871789893,0.2436911295386647,-0.009310696492183896,0.04649611750126477,2.002940296950443,712.311338376504,-8.999620578002254,1.880358415451154,0.24918963367608626,0.7703848549643281,1464.3287673262698,4669.044219312553,-0.01941642309387981,-0.09310262642668454,418
833,0.2704581924250882,1.5753419997811096,0.3510442633209994,-0.01690648837249829,0.0320067930980836,1.4028776575691717,427.36963136595807,-1.6325366937948484,0.508583883587088,3.5142404628880004,-0.5370134915088717,2945.832736238414,444.2162931841023,-0.019390550216166983,-0.09310262642668454,417
834,0.27047397911319604,1.1642586736796445,0.2696687477220177,-0.04639554435567432,0.02976179083031952,2.300476094003074,694.4999816313446,-0.692595223176501,1.7066231722313,4.937595967814239,-0.08007060216883309,704.7229918809119,2044.1485234469476,-0.019332181759098233,-0.02684974113670431,416
835,0.27047832780052705,1.2409518680402616,0.7675598088251795,-0.02346918976342095,-0.0021977158750794076,1.6530495757068948,366.6588123660157,-7.148969638994312,0.31257766039749024,2.928610096648885,-1.0596660426633264,2938.48585377862,4638.201206557781,-0.019316103863598777,-0.02684974113670431,415
836,0.2704919521300098,1.0743342514964123,0.30969042544477016,0.02016381172217964,0.031747480152981025,1.2683601162098963,611.3999658140664,-0.14016622103167212,0.8540883358759468,0.7758844860916422,-0.09182440259984656,2037.8170079234017,3987.2318191346267,-0.01926573388954283,-0.05147565138044434,414
837,0.27052559505595203,1.850664756823763,0.4302063891914747,-0.017794985628148498,-0.021504248982605723,1.3925057462730945,290.9943789967079,-2.960614925984073,1.4276717346421464,5.928490541501486,1.0445224031855889,1307.7325765550306,4286.70332197052,-0.019141364814413322,,413
838,0.27052804004257497,1.4504182980208271,0.7186850852391613,0.024431278031066442,0.006676247836355939,1.3778394835682806,518.0064318514574,-8.477168116774811,1.7121794833345376,5.51017609418628,-0.5526388037499652,4569.847520829846,1844.2215335676792,-0.019132326942863792,,412
839,0.27052959410686417,1.3789478739250518,0.305907835612776,-0.021940481001892286,-0.013919614833009275,1.4285614566288407,509.1201815712685,-5.84948588793351,0.14298904912212532,1.3526309376688146,0.8896795641261565,2809.860889895292,4523.771715776857,-0.0191265824003904,-0.02684974113670431,411
840,0.27053743645645945,1.257777967257073,0.654111461814587,0.04564098929142975,0.006394352494806256,1.0600152914417156,595.8493638269514,-2.1795199843150463,1.5608476864242031,2.734037303339344,-0.4775920371879797,4902.241527814019,4125.917351855954,-0.019097593941835217,-0.02684974113670431,410
841,0.27054415123263664,1.6466585638060067,0.4281286950054835,-0.027916059569215057,0.026015558343041964,1.425948733462397,471.90145445409325,-3.8440396578568254,1.594408929906994,2.935932135564046,0.8648977994695971,2900.5844669493886,700.5520937695686,-0.01907277411302301,,409
842,0.27055527288886394,1.044590213825354,0.4695710825321575,-0.01472532988154143,0.005943918127835573,1.6536677028483024,472.31005631091523,-7.840054706470079,2.568952370419453,0.2532062862287051,0.36444962873565806,332.4197554526834,3480.235557083087,-0.01903166648757822,-0.02684974113670431,408
843,0.27057693603597394,1.1609145397362581,0.7835734256354653,0.004817778259596971,-0.047550344886129,1.153819655273927,507.1835835693286,-8.19363153057208,2.340848042565074,3.2762040179246,-0.732484795091556,2160.2949703389286,357.63876227090765,-0.018951600482388697,,407
844,0.2705972222670301,1.5388108204154254,0.14761560809811375,0.03230773688185619,0.015371025269445598,2.677462699717955,789.98479012284,-0.34460967817605365,2.5346450519033814,5.575336445560804,0.6877289339346447,692.7368285403327,1100.5444705624786,-0.018876629308133573,-0.05147565138044434,406
845,0.2706034086226288,1.3237798535778962,0.2581956112485158,-0.02459394330602287,0.034256951835745245,1.8638742468636158,377.03727197475104,-9.281547324772708,0.24266839294016912,1.7982120344228862,-0.4889442696129689,2701.7719377017925,1088.3826364527815,-0.018853767710262967,,405
846,0.27071113260291924,1.5328617325513922,0.17362659693550936,-0.005646620465745944,0.021229804158238746,1.3759152810160922,132.56123115035425,-0.3393338543849961,2.02421674908791,4.718031913278757,-0.08813898803432751,2447.7026403584528,842.1681639761596,-0.018455758887230264,-0.05147565138044434,404
847,0.27073769084501165,1.0022774038861888,0.5938310088819474,0.03300300629036304,0.0028332981675916816,0.9248352003490439,578.2794095232101,-8.47253986931252,0.7045784330946343,3.1151000100079558,-0.9585135273752493,1607.0645879757074,2868.3799501161125,-0.018357658232249018,,403
848,0.2707449361454324,1.690409156096477,0.492824315187484,-0.03022807678643007,-0.005933750242874789,1.773438871524235,669.1902591099084,-8.793652654879414,1.2946642966194828,0.937911201893593,0.8923149429510658,3042.4901919732465,211.95140592232477,-0.01833089726134496,-0.05147565138044434,402
849,0.27075738433374347,1.2393747598027423,0.6649098265393288,-0.03546929180585416,0.0311590891017474,1.0934193272026638,509.2336368757667,-4.190903543475478,2.5819091597316843,4.586102401841946,0.10006423520463431,3640.6881862618407,4579.213230162515,-0.018284920770237,-0.02684974113670431,401
850,0.27076480914642864,1.4257728381211652,0.4942952183010668,0.03274727109742823,0.028165641564902588,1.3680059458627267,776.1010516908885,-8.86877110615044,2.299998232823177,5.801655739032323,0.4229295247593682,4052.2984679406654,1684.276950025106,-0.018257498763218808,-0.05147565138044434,400
851,0.27083279687430645,1.1727017649208755,0.5179086225376922,-0.016632958460818064,0.03513877677800199,1.8330975612323888,438.8559305465651,-6.0270812929904,1.7570145520080278,4.818841964035716,-0.21564976189505197,4702.222850515875,736.7858736316487,-0.018006435141496725,-0.02684974113670431,399
852,0.2708502876744419,1.0644166980008165,0.7452477215161051,0.018009283225690065,0.02713310837699423,1.1929286692356427,608.2405069463176,-9.976841542412204,0.8004411485635006,4.967464943661264,-1.2433683538533096,3198.6766995044322,1850.7167613905274,-0.01794185568300935,,398
853,0.27093878690422907,1.5995016903322878,0.13685304532038167,0.01717533918409359,0.03651137743980614,0.944279214297438,473.3821378878144,-3.67422782738167,2.9053076332170127,1.6042580606170287,0.09024612539935604,4860.9291257624955,1083.473114117856,-0.01761516312044046,-0.02684974113670431,397
854,0.27094832564135335,1.0755100521396583,0.9895452256729997,-0.02380122458061176,-0.031448579675615165,1.5557653138266399,250.435669492825,-3.472022749132191,2.8934187463120518,0.6467176734762916,0.14633398748846016,4408.743022902037,3484.56189519484,-0.017579957495817713,,396
855,0.27099910308563024,1.0097043986442216,0.22314816877475718,-0.048887868734701294,-0.030193123846310996,1.4646180714545687,562.0570705183793,-9.089428013926502,1.7190336220636377,0.0919871553424138,0.399966796864528,2720.3654416652225,783.289855570939,-0.01739256867645086,-0.05147565138044434,395
856,0.27100621720737894,1.6399986695493523,0.46964913398116465,0.035110290590510275,0.021059234607911856,1.0576922315859176,798.9770851654682,-8.026183324494461,2.563688315700146,6.008819573026708,0.16756096785429436,4684.8977415786785,1299.9648650209372,-0.017366317562406766,-0.02684974113670431,394
857,0.27102910139585273,1.0129377950146814,0.5522675897816216,0.004555819106913758,0.027711008854878497,1.3061632594685144,360.66345197589936,-0.004605458404295604,0.6701016418985906,0.2597933572033722,0.7537745526576086,1518.8119910151277,4467.7233104164125,-0.017281879564680323,,393
858,0.2710361513060255,1.8850224034546725,0.1951167191528321,0.03352577569899407,0.016099919043370377,1.4947950629129239,736.1516543612444,-0.43391437295208424,0.6020139868378154,5.3096796920887055,-0.40484700619418273,3218.655956308183,1958.7660746240392,-0.01725586826754606,-0.18152021181509076,392
859,0.2710480515320998,1.6557071868111348,0.23182388292444733,-0.028134759099863516,0.01731218102362737,1.4119697689746884,644.7398400051288,-4.667155498293052,2.815423867478141,2.3508024204520646,-0.01909957957365621,30.419402978165408,1143.4487407065578,-0.01721196281521467,-0.4902399467185491,391
860,0.27106305958650395,1.0918892220715821,0.4380479137485508,-0.020274610313548724,0.0024543691061095375,1.297413290367399,518.1365593384926,-4.906822026837142,2.2954675599359953,4.76875499452961,0.2876670219712733,4146.814232693534,4478.170163734838,-0.017156593891394387,-0.18152021181509076,390
861,0.2710743886561804,1.7639684454696833,0.4265005934620627,-0.0336780506589382,0.04859619727451609,1.4142285548860012,539.3207289753914,-9.754027780762852,2.491478083357834,2.430314713481609,-0.547000588346075,1365.7366632629503,4821.978216691778,-0.017114799804946762,-0.02684974113670431,389
862,0.2711230820941418,1.6399004971436923,0.14620713581029968,0.03900183724581389,0.0430336587416715,1.48814130765703,719.2487280482416,-1.539640027475426,2.6689365680513624,5.980262272525473,1.2477489735491685,3601.906883157429,2029.8146950474638,-0.016935184662067716,-0.02684974113670431,388
863,0.27113400375241253,1.4652093187338948,0.19545574221524228,0.011936552570725232,0.019785573065182843,1.6062186880204916,751.8040155427851,-0.576214808438547,0.9936376909095048,2.19769803887409,0.09748156416958814,3413.782769226126,1377.0785236552374,-0.016894902447026745,-0.05147565138044434,387
864,0.27115186612656145,1.8866410229969248,0.12700046003506782,-0.03225118762629084,-0.01342173425088632,1.1864203313735762,262.5086202226055,-6.069566600721179,2.929627679810495,2.717926854834156,-0.8465121488922045,1051.4513083916386,3017.854270813823,-0.016829024373713086,-0.18152021181509076,386
865,0.27118083476785376,1.6313669604377827,0.8495226703234677,0.030671172828010445,0.0166404873974609,2.4012288643849797,603.404647825049,-2.084172039486649,0.589630813583914,2.7183995266377656,-0.5062908626602325,4630.046153551991,3763.633430311707,-0.016722194594599143,-0.02684974113670431,385
866,0.2711959045800301,1.6403386842091328,0.36218606180398305,-0.041024893376750395,0.040621113312799224,1.7499168967063157,736.8666558207126,-4.987350795901855,3.0144402407187663,3.240611775774884,-0.8655683990745537,2631.6225468195,1750.1446671971971,-0.016666625057413984,-0.05147565138044434,384
867,0.27128591471755054,1.6581405373874596,0.2366322011653993,-0.03487845614998233,-0.019570269813181513,1.7118259759920667,408.4033307438632,-2.742843847842762,1.793774545294085,5.052813776241405,0.17745289345288595,4062.0877599245664,4822.589471041483,-0.016334779324921618,-0.02684974113670431,383
868,0.2712920068873997,1.793569617101419,0.1348647926683814,0.021473581395000517,0.04199238331681022,1.7997939851613183,493.1115081729736,-1.703555355961912,0.8013131616162881,1.3836981302258458,0.552856429195226,2128.401288579546,575.0386350735116,-0.01631232293807844,-0.09310262642668454,382
869,0.2712949934340687,1.6027234354117923,0.7431574393054673,0.011732557864895132,0.04004490223403295,1.4597824789995393,240.19514584530526,-9.836261247285812,0.9917916881127148,2.371784661947268,-0.9129878476740205,4629.168864249786,3290.2121769074365,-0.016301314393216602,-0.4902399467185491,381
870,0.27132269853566815,1.1520246049084095,0.23326261770701848,-0.002671853390544654,0.010295529227511726,1.3399431257877545,582.9720216908146,-9.870891324157443,2.4505557245330256,0.24998667246443715,0.5564992713011745,3709.09830683904,4849.704745422028,-0.01619919792330421,-0.05147565138044434,380
871,0.2713850621068186,1.175220923840405,0.5055253843283841,0.04694197691920327,-0.04189996645633649,1.510830439222329,136.01623428827943,-5.800905918792193,1.5189808935553317,1.7478527209345118,-0.43668086504429326,630.7863201517466,3952.013399651841,-0.0159693741546081,-0.09310262642668454,379
872,0.2714065388292952,1.9432488352061654,0.14586601849093178,-0.022780932012179775,0.035025987253280114,1.6046373482901652,515.689607879577,-6.523774254023924,0.8439241964634399,5.149178268257073,-0.9971194200836573,4533.35415440158,2312.5944568462423,-0.015890239833267494,-0.02684974113670431,378
873,0.27143241613652214,1.533180630399794,0.23477160933282223,-0.0325390331651903,0.034860996025000354,1.6450618034786533,618.3740646165321,-6.9675912660383394,0.4929336921073352,1.4034373355439633,0.8715098405836447,4813.712167323808,2755.282366694827,-0.015794899191197587,-0.4902399467185491,377
874,0.2714342462513965,1.0289799164947162,0.8502291974637408,0.04105121927354322,-0.048749714552301475,2.4252941646061204,690.7263674727459,-9.071935973222446,3.0888059220511113,2.5858884833681866,-0.8115114274926406,4311.253661384699,2200.507495706789,-0.01578815678089304,-0.09310262642668454,376
875,0.271512074366959,1.33183377200843,0.48555499719618683,-0.030877558690960052,-0.020899084599170156,1.6277672336139415,727.8746731930204,-2.00208755248224,2.197742216800168,0.5313322308990316,1.0371534828151083,1313.599174247904,3634.5755064517602,-0.015501468711950843,-0.05147565138044434,375
876,0.2715349650917386,1.9045764057250705,0.8173737957337,0.027381069456173784,-0.01578315757430668,1.6610766431570083,563.885418001638,-1.72317998330216,2.432772275655584,1.667462375121632,0.9308711109535549,3054.452093916971,1711.056744053716,-0.015417163953328095,-0.09310262642668454,374
877,0.27156840953658345,1.2797881757242258,0.8200001320178648,-0.03953022338518047,-0.014169607417870444,0.5438358794663527,403.09192156335183,-4.341500931541729,2.927312004859174,2.562361504309332,-0.6681083223657684,4164.776270896428,3110.3722430561766,-0.015294003441160137,-0.05147565138044434,373
878,0.27160530305937275,1.5563760982195447,0.15188312449547625,-0.0017580633192817933,0.02811360990462183,0.9394086940769992,704.8567829353983,-5.854805999457398,2.2080024445707225,4.792325255016802,-0.24179139943681804,3975.3418170908294,4919.3365998201525,-0.0151581591541593,-0.02684974113670431,372
879,0.27161328147619923,1.0157785535069608,0.22116964233210099,0.00554536414414666,0.034203635885542545,1.4562772763583884,739.4562053054766,-8.830048460813513,1.9850384954364886,2.2838787343594795,-1.4595405503334717,517.1103632459399,1827.0700444823617,-0.015128784544978,-0.02684974113670431,371
880,0.271624571450717,1.580782314734336,0.2345165857561709,0.04946262582783711,0.018720800390531242,2.076895762176941,122.24061303547288,-6.392362487181412,1.9668860064732139,0.0316197745623798,0.3837746949433481,3408.305957631392,696.3526933338989,-0.015087219052222878,-0.02684974113670431,370
881,0.2716246595553053,1.9475359871032194,0.15124092786906332,-0.026773419964304775,0.015102231876504297,1.3250616365667633,554.8603513913222,-0.7705539420126603,2.8507214889237225,0.9746534980969813,1.0188128224994708,1191.4051382356306,3399.5344442607225,-0.015086894690619537,-0.09310262642668454,369
882,0.271636090252603,1.1404370329996485,0.649723480621883,-0.006971139742658439,0.0310055331203093,1.5347758491322199,789.9412388907767,-5.507607704581876,0.3343739060306463,2.2969057807680593,-0.6663159214760759,2016.693741159575,2366.1460222302944,-0.015044812882577151,-0.18152021181509076,368
883,0.27166766208274357,1.2544569969753534,0.7633234586399912,-0.014915719524111418,-0.046302482156155456,1.7092861469245713,380.4296883865244,-5.971172452758535,3.028620790717774,1.3419738882625971,0.3231268577359673,1376.0015788783758,3927.0520949284655,-0.014928591229234248,-0.02684974113670431,367
884,0.27166851315092644,1.6866839240172835,0.4107402089900437,0.023518671684168137,-0.013024583593792747,1.5676884064478223,415.1568705703119,-0.6378082736779085,1.8410965250689402,3.0063368699267694,-0.8662616647612535,1479.992815767223,4066.1605028868353,-0.014925458479334647,-0.05147565138044434,366
885,0.27169436176646994,1.234546249364531,0.2295738344316335,0.014157585747057576,0.004591109728823886,1.5712626653520532,483.32649718092307,-0.8756510028636959,0.311116120730465,1.7161578564122297,-0.30460011893652594,1471.6345300680855,2526.30062662228,-0.014830315374263159,-0.09310262642668454,365
886,0.271706779617706,1.2283040739224427,0.9300374124954602,0.027716751064432596,-0.025868407688859875,0.9736420445857599,606.5019356786379,-7.785427013232152,2.317428080177557,5.730714600456641,0.6890977601349011,3718.225117192039,1439.1976939419549,-0.014784611196304656,,364
887,0.27171032044643123,1.287175401084225,0.3098522749242542,-0.01288337438218088,-0.012016719361294226,1.358577754618055,626.7259695501431,-3.0284608358926874,0.9862305713209213,3.219273301347824,-0.5401456056750324,177.55200522566406,3670.040587887661,-0.01477157948006061,,363
888,0.2717396695500259,1.385658341198416,0.2542819499869784,-0.012970474258867123,0.014211471776902258,1.8218300477824079,636.1399784490861,-6.317699813983348,2.8164513532438167,2.0802180047451104,-0.7861808664777395,996.3193554797555,1880.8082339587736,-0.014663569160154717,-0.02684974113670431,362
889,0.2717484784307607,1.7023514667293744,0.2449858019561802,0.007554573564309648,-0.04330994750608909,1.5173934054435563,676.4444505638629,-9.850714269286351,2.6581597564474237,0.19450905011555353,-1.1619764463902558,2262.1305559967077,3926.6082658907403,-0.014631153068737,-0.05147565138044434,361
890,0.27175123106560567,1.3041208634617,0.4874821526499238,-0.025440882805496213,0.018508390114411993,0.6262626000805744,675.0257456094895,-9.65140647574609,1.3308338290312378,1.4882308116389724,0.22961170944572368,495.4965876792261,3115.5821807354246,-0.014621023772259233,,360
891,0.27176260050160367,1.3075034606223739,0.13066748712859846,0.04031344077506149,-0.04007574366791974,1.5897574543019681,231.28533511679984,-0.16920076037332354,3.0170021246825587,0.8464244271225315,0.8215731065627498,922.6860748195251,835.0795985177878,-0.014579186986047174,-0.02684974113670431,359
892,0.2718028791351656,1.4804744241833148,0.17023225783381907,0.007069610298154783,-0.03776188843302353,0.9809122161765483,778.3872132382271,-5.857839448954407,0.6733261319973097,2.411672297956926,-0.09658141801428671,2763.433101053866,2694.5691723900454,-0.014430985398022261,,358
893,0.27185543426314446,1.4786044017253195,0.6177178544484376,0.046237950706459044,0.012407740478143641,0.7985461559625217,796.8737724095836,-0.9334152419784055,3.061801099463765,2.719124016385651,-0.6120372715089452,11.072064682058102,391.64485313154535,-0.014237646578965538,-0.05147565138044434,357
894,0.2718697398462081,1.938795236560344,0.22461074410986928,0.03345686921335907,0.020170126032443992,1.8104341157321282,541.3480304944167,-8.613256502798917,1.8955102650663205,6.158405159376472,1.0743907768107803,3122.556387210934,980.6679977670312,-0.014185025939893476,-0.09310262642668454,356
895,0.27193483452188405,1.2180065189517402,0.27110366315831813,0.017979198865812087,0.004310234741545967,1.6730673618357466,384.71150284846254,-5.281978797387782,1.6384648814613918,4.922061361018457,1.0061588308451104,3105.2885490912977,4714.244087002555,-0.013945621274821247,-0.4902399467185491,355
896,0.2719410613641397,1.7525446865917422,0.2707959659003811,0.01889139878017679,-0.043877033257891475,1.5756144725578094,757.4180755385574,-4.687463476706841,0.8740626177210815,1.3406467381918747,-0.24161421899224927,3655.8627725878805,3534.1248684819075,-0.013922723248660382,-0.09310262642668454,354
897,0.27194721499358687,1.8188878893126974,0.9653708654617009,0.013917275785541333,0.01828561350604581,1.478382552076264,423.3183515877141,-7.397217797216453,2.909337206501795,4.581367729837704,-1.1619087903384202,1102.982377262427,4813.498203792087,-0.013900094963727978,,353
898,0.2719700502093533,1.396751524263696,0.5292594304413465,-0.01131814350753304,0.04066083877598374,1.1851226800951133,696.3712105715498,-7.315188949529028,2.4921489514876454,1.975435951045555,0.5284335854492014,3147.6551945811593,1228.4823666113132,-0.01381612919454503,,352
899,0.23126261096088646,1.2183290377490912,0.582824556209853,-0.04539373610966237,-0.04137669439906605,1.3585347188057135,399.80042620402577,-1.0844341173531662,1.4158361791437852,4.791829494295786,0.5162982139737823,4861.55486832707,4659.0642299442425,-0.013787416297580055,-0.4902399467185491,351
900,0.19054798816880267,1.8943438595262556,0.908796920726466,7.775208746117843e-06,-0.04053529019219702,1.3806043586238432,474.09325748690196,-3.4325742486760524,0.3017411150431142,4.30086856741996,-0.26716981250137817,2372.741300267273,4587.654373737054,-0.013784133043016521,-0.18152021181509076,500
901,0.19055256975807494,1.6822427085582081,0.5649829973321261,0.026284498311103507,-0.047347730836164774,1.4555291868149225,715.6780173813307,-7.7542289519820295,1.6915489724127568,2.6274770584600957,-0.16881039873730921,1546.2652029048097,2712.5294677009438,-0.013760089051516312,,499
902,0.19055933109455983,1.8024531859121442,0.20672612913155855,-0.017041782917410542,0.02508860098329348,1.1518537170192198,649.4761362181686,-5.464412783913621,0.47887154763123035,3.9498764084979165,0.8260518948153871,2547.4598875625634,591.5310107592097,-0.013724606892783292,-0.02684974113670431,498
903,0.19058593812696925,1.6016558806086092,0.7952716653291982,-0.030564061482724742,-0.032507301380701036,1.532348629506893,120.21477108785076,-1.2594513609646483,1.6983471910852594,1.2401902482825766,0.3640509113821828,1991.2120042598765,2062.9428195666706,-0.013584990664542333,-0.05147565138044434,497
904,0.19059461642816605,1.3948753113420798,0.9740444063112742,0.04267307496916814,-0.043864481815379934,1.121536910204661,348.87443976299505,-5.093818945362946,2.939535612364528,4.187014545722263,-0.9473154425968598,897.5244287497001,4229.827896632809,-0.013539456855951315,-0.02684974113670431,496
905,0.19059626888119155,1.3081427759885158,0.33145018859951675,0.04238572024222581,-0.0248579816568466,1.5040204552879393,423.19235836669293,-0.40866109413072327,0.2157114999848485,4.690439166575943,0.7582070499081732,405.2856224997916,4238.159583855453,-0.01353078690564577,-0.013787416297580055,495
906,0.19060055815257956,1.268428294543257,0.849694212615521,0.006918540309045768,0.02603758319902137,1.6943220977026134,794.5416387321717,-7.400090975737494,0.4761771297825758,0.9202469755828636,-0.2392054646827984,1331.5978152758682,426.699760099992,-0.013508282671233711,-0.05147565138044434,494
907,0.19060302416044705,1.3637915028235,0.20107666502037194,0.025716243648867217,-0.010764395303236307,1.9776621391771019,750.8881553608138,-8.840667770704727,1.6384495416174931,1.6817441375935318,0.09574339462109527,3951.0780950840535,2914.658176196206,-0.013495344661274293,-0.4902399467185491,493
908,0.19064233942820136,1.1017681398548733,0.2956764896335092,-0.028222447412456577,-0.01568041284718024,1.7665290202573471,613.7744257729425,-7.315224594223819,1.986781245582026,5.120317255660758,0.044214404782108974,4464.017131576879,740.704716423397,-0.013289098124768736,-0.09310262642668454,492
909,0.1906455094824654,1.4891111560860013,0.2025895193766192,-0.024766513380518086,0.02751552803877508,1.505590951980939,537.0248330187325,-2.757053321706933,1.5057941572788405,5.1068271473101365,0.2864502515985651,4268.060265170688,690.1640517794492,-0.013272469982693819,-0.09310262642668454,491
910,0.19064697235355813,1.8708110890389362,0.5301279717825099,0.034702660345558474,0.04190169931794389,1.8201167173418618,327.0759203034115,-9.10371295593855,0.06223384367309554,2.76070498693794,-0.8546232376629628,1370.2644548371638,1153.540552869915,-0.013264796759919859,-0.02684974113670431,490
911,0.19065711227014645,1.9923966739873868,0.21018159961656618,-0.027936635506881982,0.04985085077124095,1.6131056787039286,508.97442284785063,-2.094647711784294,1.8785850950465064,5.530327791175792,-0.10174538513015938,689.1052835057927,3908.6199671891486,-0.01321161129975322,-0.013787416297580055,489
912,0.1906670442659997,1.7835844427631593,0.41772454190954283,0.015115960388865396,0.035392041283860566,1.4337807611904128,496.4864215510273,-7.591343431306388,2.674983025024896,4.647005915009901,-0.7348106125081629,4029.9541316711156,1710.4377333366692,-0.013159519158764205,-0.05147565138044434,488
913,0.19067699211239805,1.2785672634240624,0.1804607109535908,0.026024272493446868,0.02111428765018289,1.7264737883769055,782.2825795633735,-4.838531391555509,0.8341729936764734,0.6400304531054091,0.7473275934476963,578.3094655807577,3350.4816902819366,-0.013107346603542229,-0.013787416297580055,487
914,0.19067762430009116,1.1262230730889689,0.1927559241568149,0.0066811654624714025,-0.0018800096622030374,1.4198573625364443,560.0794492795402,-5.794105023090722,0.3403726063749567,5.775812536402825,1.2378780585638467,3409.584724249092,2375.1606340573385,-0.013104031118894952,-0.09310262642668454,486
915,0.1906795967493689,1.398036707108492,0.20548660896223267,-0.03365180395368432,-0.00448778029724959,1.5154482602871127,321.7331938414261,-8.799242423540164,1.506542489343131,2.3395773241182787,0.039746889176274586,4974.872760364616,3456.613305168289,-0.013093686753231276,,485
916,0.1906858397390221,1.3983800608144912,0.6421525425531799,-0.0003539860092107443,-0.02306941623595014,1.253161721728052,468.03317346478764,-5.611987325162816,0.987620970809774,2.5230747314137054,-0.31498073716239544,1045.0724502407438,3569.5466940187334,-0.013060946556735176,-0.013787416297580055,484
917,0.1907128453401561,1.3574196934081777,0.2968583216508596,0.00016792908750997348,-0.021222350033388467,1.881544188823171,450.20970982205137,-8.279270343604153,2.7699880436901694,2.643743168136436,-0.8504887605643439,555.269537809944,1891.4901193676499,-0.012919333057602848,-0.09310262642668454,483
918,0.19071978406438753,1.7436216590137505,0.15165717230404482,0.04284057654127804,-0.04331060519425233,1.693279299326257,318.045781265905,-4.436414971642718,1.9755103142365802,5.103996687470309,1.2333400185609094,1312.5227906828466,112.8686183925762,-0.012882950620978897,-0.02684974113670431,482
919,0.19073314867378213,1.5479916686804767,0.42241956977313455,0.01670949579014549,0.04966132709121668,1.1874017254083487,745.414243405273,-5.6893111785584765,1.6431305289638036,4.924340815123005,0.00036927950573850676,3759.406372997893,2851.00209038597,-0.012812878492741583,-0.09310262642668454,481
920,0.19076482165011738,1.6155397912679565,0.2027912501893911,0.019747951970875477,0.04692298785064332,1.7366467363307587,690.1243050846651,-3.031899421288428,1.5616718397364433,4.068775162623213,-0.3857363380096959,1678.421328909226,431.1699465927645,-0.012646833172052762,-0.09310262642668454,480
921,0.1907707597887537,1.2313544819957767,0.7557943108410072,-0.04438514018630344,-0.01422681997902464,1.4628211669548525,702.6798297527057,-2.403062187671045,0.941835556375133,1.1098799818145124,-1.0551755328924144,3602.6732738387514,1376.6011790598563,-0.012615705597502594,,479
922,0.19077345860409942,1.031896938979579,0.5363247083006237,0.015389411094452035,0.027908957166764982,1.5225026795170933,707.2972012548186,-1.8522877223028398,0.5653497129552442,4.831660127495726,-0.5820482330467373,977.4231192952614,4382.624782323809,-0.012601558795106016,-0.4902399467185491,478
923,0.19077612675393865,1.2291309550606448,0.6139133320472562,0.028738924708497458,-0.04918823397028693,1.4932268432662574,442.0704727978158,-4.3651218987209655,1.5501090084382814,2.4047377923471798,-0.130038815566908,1061.3217269605314,3581.6143907548053,-0.012587572933493222,-0.013787416297580055,477
924,0.19081518214125004,1.951200973572373,0.24227110001966673,-0.017467232775795555,-0.04023648547780048,1.7264228597119773,590.1026988655359,-0.8481476209191648,2.738950709092635,6.262017279240745,0.826742310760288,1178.4900255388552,2807.201393679299,-0.01238287546503821,-0.18152021181509076,476
925,0.19081710048674289,1.1382399850054274,0.2000060929544103,0.0013686516650283495,0.027250029977000545,1.7817676182155844,317.2067885998589,-0.8369194453255788,2.893332288815979,1.1030231301386502,0.0093615402731696,342.470874939225,3210.978674862955,-0.012372822093904959,-0.02684974113670431,475
926,0.19083630933181342,1.8433829844883654,0.15801389799865895,-0.03896029630569367,-0.008241879369187024,1.884935618680344,759.9586175260271,-0.22318872306521031,2.889324774508295,3.3843522165101914,-1.0897194669924548,4275.906327697052,4787.084851111721,-0.012272160894013943,-0.013787416297580055,474
927,0.19085093948287188,1.368521354662314,0.8961002500341123,-0.04134795989953145,-0.034322661047031015,1.745762345270045,401.13603468088695,-7.407608501013306,1.1972916733217265,4.440661698103883,0.30797596929847876,2063.700391381967,1858.546560267422,-0.012195500480981246,-0.02684974113670431,473
928,0.1908595620934812,1.1609848387805193,0.26107044087239506,0.01337534145592018,-0.007039541055751104,2.5114761640557695,798.2854636754289,-4.288168936477973,1.2988219575405742,3.896340388172401,-0.6326848829270331,2650.5459285214097,3605.3002169700962,-0.012150321684167104,-0.02684974113670431,472
929,0.19088221161520688,1.485207568271219,0.1740920489784899,0.013301303081742948,0.002196798168531364,1.766998455486659,624.2899914376839,-8.381136797554193,0.5092376835617725,5.08223456161045,-0.012333536619672809,3609.0742629380134,2316.7698480954286,-0.012031657585449437,-0.4902399467185491,471
930,0.19088473785816065,1.9412312757017134,0.14031129111055032,-0.00934937009683444,0.011131404947905738,1.25941098483504,770.60372717997,-8.900201276612083,0.3066865775877381,1.2548570781741823,0.5048264234294642,4227.596321355775,198.7323750945316,-0.012018423108386517,-0.013787416297580055,470
931,0.1909029801224176,1.4826119765008963,0.14001607023281507,0.018416260935825494,0.012224158162971847,1.3189552730991334,411.29384149369645,-6.101617763252175,2.702834803951305,5.774517748010379,0.6636328523113719,1138.7272072792348,1113.1956238681153,-0.011922860766218554,-0.05147565138044434,469
932,0.19090551214818738,1.4763668391451144,0.6155203009020541,0.028829197136768174,-0.030366810267962528,1.3831886487414238,353.18738844573375,-8.546372319146501,0.45260713167721034,3.0804238417349583,-0.9666297691399033,2104.9271854009658,2000.4697957460905,-0.011909597437604086,-0.013787416297580055,468
933,0.19091461911727364,1.2381712941743963,0.15010157714747893,0.001827857401869457,0.04966046619106184,1.3336053712052363,667.8248790975916,-0.6769894547101498,0.5960247090330867,3.711929086652496,-0.8364825638110954,4039.3811354338204,37.181951510859435,-0.011861894509772587,-0.18152021181509076,467
934,0.19093378513749326,1.5077724074054941,0.21563616111770736,-0.03382562585259047,-0.003332425820499047,0.904707742079693,775.4583148847621,-7.417198425686973,2.608168476628901,3.341199089776818,-0.8335582090530619,3023.8541945681113,2036.2306552880766,-0.011761509016340738,-0.4902399467185491,466
935,0.19097811697800915,1.333583492335291,0.6108001716275571,-0.03533134380062382,0.0013058301513427949,1.5084351096984374,397.1937343230089,-1.4410549587518426,0.10484664144695494,4.297075665675527,-0.5588589860761525,940.8872388018581,3827.1367217218717,-0.011529351597457514,-0.18152021181509076,465
936,0.19097819297171006,1.1418006232166689,0.373833667835953,0.006289231924540579,-0.01881395129752118,1.3238007850138385,606.2452644212148,-9.806088396047558,1.5290196305298007,3.1873654340466158,-0.7756568302443156,4897.906305463948,3500.90734077251,-0.01152895367914291,-0.05147565138044434,464
937,0.19098473532138466,1.0289597461886038,0.2112628580546531,0.0375252107524828,-0.03247185086498639,1.4566713271244434,604.8914071787702,-0.3066437256246397,0.7057076641354267,0.6797396655215022,-0.6576981478730908,4392.769286452102,918.6316292456077,-0.011494697215070925,-0.013787416297580055,463
938,0.1909861384222357,1.63323931053192,0.5207135204251631,0.004362200180040679,-0.009171961104298356,0.20245087099100922,477.4696204167617,-0.9897090641415281,0.16134642139347632,4.8250057882956074,-0.06904612669530857,648.3409588470722,1822.6336868908866,-0.011487350577194078,-0.02684974113670431,462
939,0.19098831512011635,1.2037171656719492,0.14107006815812395,-0.03596841804387202,0.024029785836809266,1.5404443845040057,712.2839693369475,-0.3276615193857491,3.134174218111959,3.7071745725342837,1.2901739491130082,2733.6729746733085,4142.104209393763,-0.011475953490933263,-0.02684974113670431,461
940,0.19099660623078624,1.5768707528809986,0.7939124935244777,0.005539294100485799,-0.006884223993320162,2.589078866053431,776.6939431850087,-5.846898678335469,0.49958388310098745,2.164643501386749,0.014643667416511855,1292.333864989326,1072.9721671639572,-0.01143254282098577,-0.18152021181509076,460
941,0.19101290988677266,1.5464654194629017,0.26636318402198106,0.012785502621737041,-0.023037537920132703,1.387043274238195,438.0207867413844,-0.4227485856250159,0.03280318586810704,2.3763134301362996,-0.5285883852026638,1246.7894402385791,2586.980366101577,-0.011347185491957817,-0.18152021181509076,459
942,0.19103002044221254,1.971762768362397,0.1717295583904959,0.03035911777608214,0.04276970365362755,0.5636774942668717,499.4210820632079,-5.5182053424241815,2.3118204418668364,1.579056270372744,0.23449203723883277,2616.2423162108726,4123.419579994607,-0.01125761149857138,-0.09310262642668454,458
943,0.1910513790056695,1.7893111528778978,0.7791457271852504,0.016063418732217657,-0.02823471757702749,1.6252700168169607,422.62178116662477,-6.16176080290521,0.1965742005295542,4.062666473758393,-0.17763186608339654,676.9986249348425,2789.6329606353142,-0.011145810382279485,,457
944,0.19106259747313473,1.0798346006292263,0.15866948710613227,-0.025897253638326637,-0.015556766588201872,2.102766163835524,386.3690624660301,-6.402389765123282,1.8760082410865824,1.1869504376910127,0.9668446686787788,2985.4260474809835,1501.708336424345,-0.011087092470071502,-0.05147565138044434,456
945,0.19106482743057931,1.380816758391433,0.16541497142206252,0.011189609379948184,-0.026202996436690367,1.7756544067157674,597.6828198070875,-2.897675287372482,2.8540947373756147,4.355751106113,-0.5620421510578908,1971.2439790347512,2395.9132963385287,-0.011075421193397224,-0.18152021181509076,455
946,0.191066045663369,1.8056279293262334,0.7300911713687505,-0.042128039245848466,-0.04781241251255068,1.5948411482087808,398.9185724743454,-2.300783635458918,0.1672216659386246,2.2154194298092915,-0.16557282285526512,4193.6713566713215,2350.3917965688697,-0.011069045195659988,-0.013787416297580055,454
947,0.19106838288021424,1.1936611312130523,0.2239928940705447,-0.0480008714454897,-0.006599431047152276,1.6735659346999578,470.90089973042734,-3.5086909402990436,1.5747936701015723,2.7198329913329387,1.0330207260816222,4672.842085796087,11.365302303138167,-0.011056812762917353,-0.013787416297580055,453
948,0.19110252255664528,1.9673576912529789,0.1992150389883488,0.013732416871352144,-0.03017019632282767,1.9386176600567007,755.3161070616321,-6.131938280376226,1.5854048834278915,0.4244678964709456,0.8067178969570188,1972.3150812476497,2054.86877313796,-0.010878150933710265,-0.05147565138044434,452
949,0.1911226541390999,1.5642717414965792,0.24932000921252595,-0.04526755828154988,0.021267260649201668,1.884704777455725,712.6308158775053,-5.664824941680377,2.7085376208709633,3.2836708007032644,-0.9406141193770381,3817.7742899346417,1435.5841268716665,-0.010772812072290302,-0.013787416297580055,451
950,0.19112448104780916,1.8341233103082202,0.27087421615971297,0.008878325071836375,0.04723504823522317,1.4941278033616054,783.8450519299512,-0.8959736795010023,1.6246991484350186,3.9957174040036847,-0.9440471503641393,3172.110051350095,2598.8776718553227,-0.010763253289202336,-0.05147565138044434,450
951,0.19112853020594722,1.7072185652573815,0.5503916364518658,0.03830246103006443,-0.003076990148026901,1.539103943994333,617.786472901227,-6.161385646114184,2.210256516224182,0.17903425285548077,0.7765480688423347,2084.4505416167694,74.05474338564977,-0.010742067540361819,-0.05147565138044434,449
952,0.1911331885580596,1.113277478050288,0.8566223663092928,0.037010624508853625,-0.025452196050729674,2.0403021987227494,458.60107955522386,-0.39505436055396564,1.3508872710000481,3.076835641485968,-0.8035595683660558,1209.2796612847603,2880.692662116539,-0.010717694960639729,-0.02684974113670431,448
953,0.1911349169438418,1.115138587822254,0.13239498621579202,0.024215784467253445,-0.04544856898803388,1.5514760170346786,263.3520304096137,-9.067528419925345,1.531621471078168,2.368509565489184,-0.6158949589126841,792.1567626376589,1638.861963742711,-0.010708652167113697,-0.013787416297580055,447
954,0.19114272916537817,1.8962133938137231,0.336625473212382,-0.04543304058487969,0.028347198153162903,1.3602632497643417,401.78756190755706,-7.999492849065078,1.6480081298849527,1.5654822316013324,0.0562971331448536,3536.6550615294914,3722.109497369103,-0.010667780190302387,-0.09310262642668454,446
955,0.19114905123295078,1.3074382356067538,0.542803495564578,0.011687268054763385,-0.022878979356427784,0.8484457357301808,503.5209106013726,-5.416221519551625,1.4619950453025385,1.8164181130828687,0.3189927580696863,1334.9010292250503,2850.020474905265,-0.010634705623157215,-0.013787416297580055,445
956,0.19115468688284248,1.7183157952758976,0.20604644568976113,-0.039898421343088616,-0.017697038225277354,1.1806679548813328,220.32243722535085,-1.3959619857620735,2.583629644078811,2.8177100489161973,-0.6810432112352435,3186.7235975674107,1822.9839629914504,-0.010605223045157841,-0.013787416297580055,444
957,0.1911564513017696,1.0966385918711894,0.14252573187541628,0.018971354305843114,0.033734251754188434,1.5358989098671514,83.14475061062875,-5.763807348062327,3.043391901022052,1.8513468070930723,-0.5497595006757627,552.6326351948293,4213.071720381868,-0.010595992767739676,-0.02684974113670431,443
958,0.1911678128966565,1.5913409779363719,0.1784187608351232,0.035342970252510174,-0.028850291492579293,1.2436218548762945,756.8821014252467,-3.462264705393293,0.13649441614052832,5.161411784125262,0.19296076885348218,64.75546395543881,4082.313294240579,-0.010536558429190122,-0.02684974113670431,442
959,0.19118053581801428,1.692915130190072,0.1318104588498887,-0.022539261957202354,0.03529300644614568,0.8607953328058137,656.7073378743682,-4.468262808987654,0.6647322918420921,4.431237244566649,0.03352235340617747,1555.619292903447,3673.665011484839,-0.010470006964262122,-0.02684974113670431,441
960,0.1911981849624084,1.7980136157415765,0.16292255417317444,-0.048371181396527636,0.01599233860185214,1.1144489267819924,565.1128243696344,-3.418581576211945,2.181550432702565,3.173489820180115,-0.7986411169016878,4422.031920031921,2163.008977667339,-0.010377694586727557,-0.05147565138044434,440
961,0.1911990058640391,1.9980117828974142,0.7332952663036989,-0.011169674776545097,0.026802119990365074,1.4391747205092669,791.3530314576504,-2.758432201721628,2.3514684341544885,0.9304969039399856,-0.26765175742441166,1156.334359108938,1985.2501635025528,-0.010373401136618093,-0.013787416297580055,439
962,0.1912001325494876,1.5417609720858771,0.15500724472561378,0.04763410335332368,0.017131799976173485,1.6353937815427213,651.5273381346542,-7.9543534615583145,2.7378387828321795,0.044459882410458486,0.11405274895370039,2995.9935255845676,3833.194806049969,-0.010367508417027072,-0.013787416297580055,438
963,0.1912072738187869,1.459183934559987,0.3330775733073992,0.02590729317328483,0.048831687324698315,0.92098757999741,548.6301137977141,-4.37262517573691,0.4797782648686928,4.423507439639165,-0.009957180280811627,4469.833679198017,1919.41418467724,-0.010330159405560188,-0.18152021181509076,437
964,0.19122281200481842,1.2654399483717482,0.15463961138984655,0.015892567955675865,0.013983886348840244,1.4922598215984384,696.0784484898916,-8.159951544484354,2.4620519067732776,4.6352117928553005,0.23141739841786266,513.2915256371487,2876.891949286401,-0.010248899135488779,-0.05147565138044434,436
965,0.19123588395332622,1.9982565472683291,0.9068438933255885,0.007874201581886224,-0.031536104258926875,1.158674572425407,325.59677494217055,-5.998153962663441,0.9565872968198007,1.1530169138534971,-0.024170780493345458,3575.0447677443185,3276.379863013481,-0.0101805416963619,-0.013787416297580055,435
966,0.19124313433144094,1.3759169429274065,0.2864089471784329,-0.006558099723593246,-0.03809393937039576,1.4032137787194388,784.186969193702,-2.8163566998214655,1.6869534210416623,3.888631737789505,-0.8295907010220549,4508.97568437302,2454.4050221212688,-0.010142629142846056,,434
967,0.19124396301753022,1.9774308180876021,0.13331249295726755,0.021471882959904168,0.03357787431244884,1.4873991915694007,305.34824701001077,-7.015840445853949,0.040991249668610494,4.181827655895488,-0.6460371877277051,390.5747131135873,1251.064600106967,-0.010138295997520887,,433
968,0.1912692230252459,1.410188532603811,0.36274968952422915,0.02854572861642759,-0.04258073259110452,1.0696210897508678,615.634775850047,-7.942892832291234,0.3634743820609756,4.840850908769114,-0.1606290432125566,1355.7875597373043,3286.208570196365,-0.010006222078605895,-0.013787416297580055,432
969,0.19126987030580198,1.1017127131342552,0.5403671608522161,-0.042909543743789746,-0.04309766927914562,1.5338492415435203,624.092824101519,-9.793572495014086,2.0578249388556595,5.426273659011422,1.1142411599800095,2734.3640918116157,1439.3355437674613,-0.010002837951000815,-0.4902399467185491,431
970,0.1912743523098516,1.5384513274422211,0.20223853073048342,0.049805892999817004,-0.00751888195232944,1.2106754464092793,624.9831298562324,-3.7977965511956104,2.943300333245899,5.519757789417889,-0.11736924316227776,3146.2163563449617,919.5647440931501,-0.009979405344911332,-0.18152021181509076,430
971,0.19128000528980155,1.8308682874598834,0.19586555059075406,0.01652073610446125,0.02761095551804267,0.7747242210043215,378.7239122408921,-5.72088482799751,2.2409096702938958,1.3582537324009905,0.16658595800898812,2517.3401303648866,3039.5582388405173,-0.00994985147983798,-0.02684974113670431,429
972,0.19128801834387196,1.9931690081482805,0.14394266758411467,-0.021222361670578678,-0.008132365033859593,1.8104062175408302,544.3392861669593,-5.992748266656895,2.398423834326018,3.3120736156495605,-0.6790761221793132,1794.7779013038016,3503.31955095621,-0.00990796060769502,-0.013787416297580055,428
973,0.19131593489612683,1.9792771512154625,0.243557423986341,0.043401329537994415,-0.015112185385466029,1.4671766057689943,372.3287198593321,-6.746334543172615,1.8490198820249562,3.3981492094894503,-0.22724612235736494,2025.1435804613498,4631.575036030604,-0.009762031366336982,-0.02684974113670431,427
974,0.19133632980695592,1.4033621601873798,0.20280517995370442,-0.02125416872240743,0.02214091607284242,1.8720143464080279,788.4712822565434,-0.6287200002959655,1.7588224950304725,5.372870290546301,0.5057619069776312,697.0080952935182,2935.952549756008,-0.00965543374375862,-0.09310262642668454,426
975,0.19134848418809644,1.561684498671182,0.9892350486412778,-0.04796764046844003,0.028644842093476352,1.5669695687778427,692.3878678138201,-0.9730660146300221,2.742468345223744,2.369262045328642,0.3724592876857875,2712.363737032456,4750.881493529613,-0.009591912116074377,-0.09310262642668454,425
976,0.1913558742014931,1.7056542007499458,0.8036506461481181,0.02266606802291366,-0.04043560480024823,1.7167392489724043,744.3759703055831,-0.2972340838049753,1.5113138410358073,4.596972030720554,1.2079841111461203,1891.0582077745007,3790.9846780499806,-0.009553292156591089,-0.05147565138044434,424
977,0.19136009499950127,1.110182805386038,0.7502659727883291,0.04077879010628575,0.00032814906632940705,1.3851930585264707,366.1153986339365,-8.125010320461836,0.7205423224437106,1.242140556985879,-0.19236867569076005,1827.4187519088537,1945.8274996194946,-0.009531235078486282,,423
978,0.19136163029827216,1.0464857418927012,0.18847213059590792,0.024781657885184792,0.010129219610464384,1.1708493445738535,439.614169402499,-1.757776338776052,1.079880497210578,6.211252988218115,0.8143186083023826,3645.921903633249,4034.4477706526955,-0.009523212023287961,-0.02684974113670431,422
979,0.1913619263049593,1.859436655190746,0.19676938559326568,0.033168758305781386,-0.0018767840132358458,1.534632877374814,420.30930294029235,-0.37749366172926613,2.8262666698582355,1.69657597027454,-1.2907862220549766,0.5432185422821263,2378.373765646829,-0.009521665179984005,-0.4902399467185491,421
980,0.19138712740886904,1.2588684751383268,0.6885479531056153,0.008733680287018137,-0.030826866734055134,0.9227560908017065,760.316231364212,-9.637626781869209,1.0869367338994267,0.9575438086832104,-0.12582619289309005,4126.937701021611,2448.195593521502,-0.009389980444521856,-0.18152021181509076,420
981,0.19138872104678561,1.0146226603987705,0.3211526026012366,-0.00995942567005663,0.012247078776130144,1.4802966285197994,387.1387805530798,-7.662850137631087,0.922778680374112,4.001137355861383,0.947786774556085,982.3155065158644,4414.441043630944,-0.009381653702327221,-0.05147565138044434,419
982,0.1913970416514766,1.8444219879787043,0.5930911794201996,0.02047683588105232,-0.03897754020079038,1.56621944349536,519.4867871721309,-5.574585568511769,2.0178489239647,3.7747894549531513,-0.5992038528271233,973.8529705360231,3973.919822079364,-0.009338179751559525,-0.013787416297580055,418
983,0.19140862818281232,1.2810492694608118,0.44826082881048246,0.04594882716748506,-0.04595628742291617,1.7894154442567705,434.18482014171764,-3.8658447664868745,1.3787021934475976,4.627847203576023,0.20522496333406007,1151.056359200954,4147.367141856509,-0.009277644956725502,-0.013787416297580055,417
984,0.19141153703898156,1.358543741914873,0.5810547747023407,0.03788828029814019,0.001191783338144456,1.5572143991463685,576.2069942079775,-7.358076333159643,1.9178356438856932,1.605422737644479,-0.29075373686857403,2384.519619260131,1791.2125405370075,-0.00926244797163603,-0.013787416297580055,416
985,0.1914171332626321,1.3844516458176792,0.2746448176996129,0.045182641316343516,-0.03631813935989819,1.4213087863015854,396.6373107331602,-1.5184145193857965,0.6242206031608482,3.928397575043835,0.873146405240773,1846.5357742375243,2450.1621734050636,-0.00923321179319063,,415
986,0.1914240779633809,1.9656703002163536,0.8361299528040291,-0.037137527452921204,-0.01813375826516128,1.4904163323782516,664.5211413778194,-0.2713951714421743,1.945622867250819,1.2569272050297193,-0.20971448170821214,447.1617485649193,2321.762778073202,-0.009196931995965385,,414
987,0.1914266777771319,1.6819004059861464,0.22004743559665174,0.04871744904194349,-0.028612428788947798,1.3844897656580781,391.8002731669391,-1.9065839865516305,1.2155917226139443,2.428688294588102,-0.7654393062278361,2052.415337809892,4689.617320515016,-0.009183350652872582,-0.013787416297580055,413
988,0.19142830984087905,1.233369929065342,0.20166800675501972,-0.03142267743329029,0.04176673938867815,1.1842811528335546,311.4778687291009,-2.294186012308136,2.1068797987568395,4.6860491249190765,0.04952125943962408,2928.4508170690565,1305.7012638606689,-0.009174824898717258,-0.02684974113670431,412
989,0.19142889746042588,1.7074800664790892,0.176532770212586,-0.004935802652024858,-0.03571297514204867,1.5763159679133603,781.4400152339283,-7.574244042690815,0.18949202601225767,2.6207349641105098,-0.37888744894784404,4955.583718167604,4697.8754185755015,-0.009171755244875703,-0.05147565138044434,411
990,0.19146977542064508,1.5380748041292394,0.6907652087715561,0.04023988538457645,-0.019044688367804822,1.5891719626391145,525.3488217011296,-3.8848859674244403,1.2720759956954815,5.759445204542552,0.8980293970851507,3060.3175804406383,714.3874681201373,-0.008958236822059915,-0.013787416297580055,410
991,0.19147441625144251,1.4919181468439233,0.21795996517655689,-0.011956652108394243,-0.04499905548490303,1.4367007833757468,641.7549787478533,-6.667005668053649,1.2642234412791025,2.7239644016296967,-1.0621897396779216,2472.0855024352973,4458.371571376032,-0.008933999186834282,-0.18152021181509076,409
992,0.19147836796830742,1.9215541409755659,0.15052343868635265,0.023172492143697317,0.00846268785564099,1.7436792999958963,252.5796416628712,-0.7293472309725497,3.0990528843175604,1.5500996520176158,0.046502852856139816,977.8386168745327,3543.275939592146,-0.008913361045432389,-0.013787416297580055,408
993,0.19148027523809832,1.552643501749467,0.5494744349313168,-0.04474029686668318,0.03952498867106065,1.8658079902767946,753.5492623149894,-3.8675659094781816,2.9694091952341255,2.612192939198221,-0.3085554278834912,4059.4911826863167,4517.072780569356,-0.008903400336572373,-0.4902399467185491,407
994,0.19151137230784998,1.3701315028673422,0.2522555807044074,-0.019499934704098748,-0.004200720403406218,0.9166204729583929,752.989782705586,-2.4146964112282823,2.6252413649809374,1.3119616249834414,0.26454868194735315,1823.6758448865967,3106.221701212673,-0.008741010007517773,-0.013787416297580055,406
995,0.19151663872243646,1.9804352838958628,0.3065797401537792,-0.04899576020939451,0.02130422850310891,1.760023647695721,585.6871780734778,-6.623916068192698,1.2970269658541471,4.932857448195336,0.563481223210119,609.965004774634,3702.7937414828793,-0.008713511159220269,-0.18152021181509076,405
996,0.1915172715408132,1.8653857874819668,0.18027078996049498,-0.04535163579392047,0.03733404890412645,1.6929399963033678,707.7850602401262,-8.46115429592337,2.5771169176533206,2.5284307811301536,-1.0551981774958203,2579.646931500342,4933.40326896887,-0.00871020691717965,-0.09310262642668454,404
997,0.19152405762880037,1.3600229036938565,0.17864576023305093,0.02321258879251653,0.0136628347989652,1.9311067221853502,774.5910063462934,-9.461301700150083,2.0492508228441095,1.5631922222131711,-0.07250913474150142,804.1812758286106,3922.6749767879337,-0.008674774249855681,-0.05147565138044434,403
998,0.1915261601723513,1.9698881086211244,0.3270032580531216,0.008702588659532814,-0.018001863644211302,1.9974983522823575,688.1370631768566,-9.158370962110094,1.4958011241662204,6.158357027844716,0.995913902177084,2839.656832129677,2838.221820596458,-0.008663796349563165,,402
999,0.19152710854238655,1.8610968724134624,0.6165012461568578,-0.049061574615891355,-0.0018243029910520788,1.7601553020962366,617.8932684154898,-0.21683486882109493,1.2296873449402765,2.395854682810115,-0.7616285676802443,2696.1165294680573,3353.9281332835985,-0.008658844714292019,-0.02684974113670431,401
1000,0.19152864085186397,1.3533571129461426,0.1466508480720358,0.04621380264796038,-0.04821873059310647,2.381345875840474,682.1463174677123,-7.436597447954657,2.912980237212566,2.686749584042118,-0.6812773465426009,2502.5823429385514,372.0106907414113,-0.008650844262775258,-0.09310262642668454,400
1001,0.19154477744349005,1.122265222760118,0.643392492895316,0.03261764354113791,0.03687882319648373,1.3082727524553084,765.0589269298819,-3.467414680844994,2.914534980901045,1.2543093404095498,0.40661943010082824,4812.564766792448,782.6866577727137,-0.00856659622639484,-0.013787416297580055,399
1002,0.19155390789554194,1.0499387766264334,0.7569010030314757,-0.035192957580805824,0.02802886164850196,2.027161606743344,434.60941015761836,-1.5231306712780461,0.7137996430062786,3.0982258726286216,-0.6171223136196354,4650.65191454828,4598.708430453821,-0.008518929907511547,-0.013787416297580055,398
1003,0.1915597597188118,1.412522478021268,0.4554811697583453,0.04063445723102271,-0.030622963627147812,1.3864960995926512,721.8958814070319,-5.740159556840152,2.751589883916567,0.49476353811757856,-0.48116950135675746,1439.4334031869457,2897.0230407941203,-0.008488381149981516,-0.02684974113670431,397
1004,0.1915645648865703,1.2238471145260161,0.2850770627421399,-0.042276133865613685,-0.006374245384616503,1.6718979914619656,120.96155853821293,-0.006503666154924087,0.5989379453282907,4.289488057832349,0.6119730661841595,2467.051215965758,63.45955934297898,-0.008463297032591743,-0.02684974113670431,396
1005,0.1915683642519391,1.9702355386554489,0.19311741471690916,0.04367817215570155,-0.044798688756207704,1.6352352394326994,299.77625497515544,-3.5631266158239474,1.3596617296168672,4.422309340470367,-0.8618227762653667,3522.9205373164446,2660.985065433303,-0.0084434638881568,-0.013787416297580055,395
1006,0.1915688550820154,1.3043325125158607,0.2791574650049029,0.04373743206173457,-0.012944118558367723,1.5625257540112667,129.25309743085182,-7.616169572127448,1.2182847281826112,1.0154712086183562,0.2353890654886189,789.258164395983,4491.899282540655,-0.0084409017248199,-0.02684974113670431,394
1007,0.19157170670946003,1.697226034063634,0.360252279707778,0.0005696249301709311,0.01706973657094972,1.435985633839249,445.0880857290541,-8.354800947418513,0.7183403503443943,6.057553389044332,0.6401444442337889,1896.95893655099,3234.230014061213,-0.00842601618286519,-0.013787416297580055,393
1008,0.19157536482585633,1.8486597020397557,0.14980370719783176,-0.03262836547486388,0.019717793624374272,0.9256775088915149,779.9132004620272,-3.2043144852813255,1.7075376341376558,4.656308559744406,0.11392393294177432,78.12643030253308,610.6698777135366,-0.008406921079854857,,392
1009,0.1915876011956879,1.5837726756075308,0.4469113318186497,0.02088746029900222,0.023450382776122637,1.840815531072373,701.6118774460919,-5.850252753186748,0.4796227195049365,4.883376565668087,-0.09754813613355319,4786.55279784733,3944.287270426784,-0.008343050764025061,-0.18152021181509076,391
1010,0.19159378180489042,1.2489761601712945,0.1428288096095634,0.0038103707232196565,0.04534398961859995,1.4694002447462242,588.8331278927637,-9.775317661563811,0.12809456399702335,1.8140210728893114,1.067717045558108,4855.5249460086125,3266.744836792668,-0.008310791319928595,-0.18152021181509076,390
1011,0.19161458156632324,1.8221928892011778,0.17538358032249804,0.0052908599106987145,-0.045682472716121476,1.3213923595896175,778.069875883146,-8.816764765675561,1.6752421247770466,4.666812684821251,-0.33486941502258755,3162.778966157301,3047.976154076253,-0.008202235435197575,-0.013787416297580055,389
1012,0.19162255138318635,1.58886796208245,0.30376308391155676,-0.013292498881000696,0.04587066612162039,2.0202622780267716,763.5166812244875,-8.823511651035384,1.5993771656296032,6.189044767828016,0.5785013177413987,4039.6076513636463,1455.4682558264785,-0.008160643344156268,-0.013787416297580055,388
1013,0.19162639904619427,1.2561327055558513,0.16223843368493954,0.020634344059915644,0.04631433776065379,1.431838898156654,162.49102211892392,-3.680695156203077,1.5334702332223669,3.1576962598994154,0.3656975449589636,4134.033724361424,3441.57102897792,-0.008140564160627695,-0.013787416297580055,387
1014,0.1916309010768064,1.492020446717526,0.1532128304322468,-0.013351631219074435,-0.021329890348611547,1.6935667948568904,461.0475978853621,-3.445531442775878,2.6030112196403943,2.8509662529195765,-0.5594194980296289,4150.313718474499,1781.8915970596804,-0.008117070645414219,-0.013787416297580055,386
1015,0.19164451659458015,1.6711538209307948,0.5868391980308325,0.03139489529290729,0.007650776166716274,1.4187742104397216,680.6779106985423,-5.185348643050574,0.5264500357140842,5.83993571100691,0.8931551182865451,2202.676727959929,2634.5421851549527,-0.008046022427068256,-0.09310262642668454,385
1016,0.19164915760172793,1.451359973007297,0.13519381678373404,-0.045469265309208626,0.049665858556658365,1.4948809316922143,539.8660427857573,-7.024897643905697,1.359701941228065,0.09870522154659,-0.35831893972791096,183.27271487359096,3174.292091914472,-0.008021805971283448,-0.18152021181509076,384
1017,0.19164942271513397,1.5507452954312961,0.254939293138273,-0.04353353883865493,-0.009941629654272074,1.6014200578661764,570.8656978326192,-0.1742490760555829,2.147065168600341,0.8967995578615586,-0.7341407994176002,3961.373889565139,1052.8812065381155,-0.008020422645498387,-0.013787416297580055,383
1018,0.1916494838660818,1.3981585681061854,0.24465503781493841,-0.019275532301349034,0.024028280986706417,1.7418674901545461,638.8123954663484,-9.652889057023103,2.833452666408535,2.1192138041863218,-0.9458459783969271,4679.495821854868,4604.374140461445,-0.008020103568415501,-0.013787416297580055,382
1019,0.19166461054393788,1.0005147328174127,0.7188874789107316,-0.028889682604017503,0.01860623293949763,1.651545298776161,468.8407275455614,-6.705077328258643,0.44199513298508647,5.366609825564268,-0.32686360504856504,3359.96480030351,1323.7507407268572,-0.00794117780970658,-0.013787416297580055,381
1020,0.19166465559277382,1.3324262092320853,0.2771802514047726,-0.0301375851199744,-0.024739838468795433,1.3706519663336236,767.908238049967,-2.8346653154708155,0.26353733561484727,3.566396148282373,-0.2833647716178226,3357.2217081254307,1980.7428892307123,-0.00794094276986762,-0.02684974113670431,380
1021,0.19166472534158757,1.0609953160909096,0.2895512674858337,-0.011665244696547472,-0.04013080506864927,1.9182190067351277,747.1965009418144,-4.53262131488127,1.541122029282087,2.648832131849085,-0.009989143052007904,988.1611391781946,8.460176536287634,-0.007940578859256253,-0.18152021181509076,379
1022,0.1916667827230246,1.3579765235594423,0.49564500370495024,0.04977556114227444,0.01801383747596097,1.1755479336502468,193.3292449979292,-0.5323370027528789,1.971989540470587,2.913276867254024,-0.7780030493395009,4009.6587494475857,889.6021043480173,-0.007929844644137155,,378
1023,0.19167598304400024,1.9902370027376115,0.7475971935357982,0.027469837343763872,0.019294919680825518,1.6611501756664098,706.6252592115605,-7.875153092729036,1.4654367657196743,2.565454874912673,-0.6735592779061497,1465.1361910280466,1184.8828288866039,-0.007881844150564424,-0.09310262642668454,377
1024,0.19168235238460699,1.9450855314840183,0.8206284246923577,-0.03381733734306708,-0.019610887661428482,1.4863599975849886,702.9271955193955,-6.9900120703490165,1.8961571416320848,2.6534208794609406,-0.5715434466097424,549.4562999953159,3619.794247973753,-0.007848614975512352,-0.05147565138044434,376
1025,0.19168235564949693,1.7676919512750582,0.8528699603252443,-0.008692574543501981,-0.04713796839305596,2.370109616391725,689.4109127206419,-3.0981932096900766,2.9052517888432816,1.6588549367769077,1.1507173665528205,95.01044710118414,1827.986231216938,-0.007848597942686164,-0.05147565138044434,375
1026,0.1916852427565536,1.6911948069711702,0.13351459377338434,0.045999284942835415,0.03416092129273766,1.8050625610577846,80.3641667426144,-0.2407647131670344,0.4593736739327932,6.109677448121074,0.7631537052040288,2659.1410870961863,4177.935301384203,-0.007833536121774079,-0.09310262642668454,374
1027,0.1916969082000755,1.1990242861735034,0.7422329273688251,-0.031514234391493694,-0.0405696850527286,2.82982944891591,705.1853744187874,-3.327672401484598,2.5785473114151425,5.855102041581215,0.753667505540721,1117.426216276439,2427.151795621115,-0.007772680688112092,-0.02684974113670431,373
1028,0.191699106244754,1.5843783710526151,0.46817754694582236,0.036026065761881755,0.006243246045978604,1.5272554949233474,388.8913489707633,-5.266894708000995,2.033432160749765,3.6168206126933398,0.18020416959143604,1755.4429637133196,4957.852143401128,-0.007761214503799992,-0.02684974113670431,372
1029,0.19172544225649948,1.418976678907657,0.21969010222645705,0.01629646659600327,0.03857245053712687,1.9033503436700803,660.5616813773528,-5.057531416485428,1.0047628482058457,1.740532120396858,0.12152038912373463,4374.7868775467,2367.287517300925,-0.007623841913138803,-0.09310262642668454,371
1030,0.191729646232379,1.5550314855465612,0.545043885035981,-0.011228526520804733,-0.02593761342985721,1.4631026234721303,795.0175255934715,-4.4811628200165545,1.203565135388099,0.6913676031277122,-0.08750005599902762,204.58433409886658,3696.126031739993,-0.007601915090383167,-0.4902399467185491,370
1031,0.19174599250393168,1.929276989857732,0.5710132160209169,0.0035206654158150483,-0.018612852927881722,1.7138254773054804,652.8902407842393,-5.835463584338013,1.5722356181300072,3.0448482937270196,-0.8351453175411752,3785.4576727493572,4082.3817420350333,-0.007516661843935764,-0.02684974113670431,369
1032,0.191757588677722,1.4791717038330832,0.40097127778456604,-0.008646646446278185,0.025441463101994556,1.338174754480612,768.100408236979,-9.614415863503211,1.2941379790543899,0.27027173520473013,0.6223138425815194,4843.412570647856,3614.3503736340012,-0.007456186926047053,-0.05147565138044434,368
1033,0.19176575744236043,1.3485552469380098,0.9257005795788602,-0.017920432926977183,-0.0244633530888996,1.6587812587005828,549.1100189296925,-1.7441688282292223,0.4048983866976651,1.6377935251504738,0.006701625926717129,4048.941415052937,2256.724758511327,-0.007413588399901035,,367
1034,0.19179973968458885,1.3331917947317309,0.5895916843027107,0.04012624772398714,0.033087775756762895,1.693501928396441,233.8121303685786,-7.026875753409934,1.3172003107179222,5.997372259546245,1.2626957649461168,4877.42795216632,237.7678977364488,-0.007236397059356123,-0.05147565138044434,366
1035,0.19181565475436615,1.5853826069594377,0.35548379801863583,-0.005074449328191991,0.025283163672143665,1.5070532183159362,227.3791777968331,-0.08023567531453601,2.596064560039051,3.8384004154771207,-0.08401038483097026,1385.4700635266724,2040.4684114340923,-0.007153422965991751,-0.4902399467185491,365
1036,0.19182225013496568,1.1607822283603153,0.5308174961943342,0.0015768193978121705,-0.007513652037842574,1.477032973254039,574.5255269141568,-8.793610212925513,2.7836121316507514,1.1759385715124393,0.4327914853496754,3262.4212889808814,2357.9544050612267,-0.007119039603381668,-0.013787416297580055,364
1037,0.19183138306098058,1.5335798693326206,0.7240890849136163,0.021849528044142044,-0.01148290623416233,1.466515857613693,382.539678839549,-4.303432298408556,0.08398458056293909,6.067942539544802,0.40828013885975534,3980.3369841459225,2160.423486655323,-0.007071429336064819,,363
1038,0.19185224560662137,1.157000874435808,0.169720028196991,-0.04218460491552652,-0.0491795109839347,1.296829175159987,710.9321481686882,-1.858690138287781,1.2608301818298258,5.735865457876938,1.1524704246994895,3139.9535725639385,3859.113753884243,-0.006962680647761517,-0.05147565138044434,362
1039,0.19186050684740505,1.8848598777657473,0.22473238655407396,-0.011685739231616178,-0.023157522388840543,0.6049501722260414,788.391158014681,-6.845763731000547,1.148356442912561,5.979757891890777,0.6432326507654402,567.3872916316564,518.695887240495,-0.006919621141721904,-0.02684974113670431,361
1040,0.19187740870287434,1.8246571711281823,0.2136029118904168,-0.02088164036829643,-0.01035742036551681,1.6886479606154887,722.8210079317396,-5.808040078185192,1.5136155921447303,5.781725123998034,0.2478727620468638,2300.7605668228766,3341.0007780021497,-0.006831530521551301,-0.18152021181509076,360
1041,0.19188694034776704,1.361861605260173,0.2066927484918431,-0.04539288738886749,0.000301524289348821,1.6272569138400304,280.80815510089565,-5.916195083099845,0.7419065893901862,5.697030504094847,0.9392800052444634,4275.820000347346,3628.7122953182065,-0.006781856053824999,-0.09310262642668454,359
1042,0.19188784109323093,1.5528814930314818,0.1406377941820083,0.0020616991488253537,0.04936173059143067,1.6534501487035203,546.2088787353698,-5.410725599950113,0.9148118149623626,5.01305103885813,-0.3499724681863388,3884.049854510945,3536.828909465455,-0.006777161918047135,-0.02684974113670431,358
1043,0.19188850842226896,1.0585060312456294,0.19239634158469804,0.015606033172345463,-0.042612351828360664,1.460488601155607,683.7709837456017,-1.0016108226929772,0.515904819327841,3.6968357571786927,0.5804714485950092,32.84715681400551,273.19839355804515,-0.0067736842204867255,-0.013787416297580055,357
1044,0.1919017814620734,1.9592449537587722,0.3945899838441736,0.03826114164033524,0.0389008306477432,1.709374155581772,691.5576639444793,-5.635754136512593,1.9695145037136241,3.6054535487883514,-0.6642570702121902,866.8131632625682,1406.5053366854322,-0.0067045160306590185,-0.4902399467185491,356
1045,0.19190929310623417,1.2460370489029422,0.32165587131341833,0.019830772099783792,0.002768119303972614,1.4383622208210607,720.2001739386715,-1.1129978399866265,2.445080083487393,1.2745004267306324,-0.4187609464024586,2406.09109231448,1775.1662946767726,-0.0066653736261505225,-0.05147565138044434,355
1046,0.19192824493892033,1.5292114755821635,0.9972590618431761,-0.010569739120823948,0.047128085663160235,1.4086599083536528,689.1599053293077,-1.2725403136663034,0.5583383800410093,1.4483198649386786,-0.1469507800496855,3217.6747511427197,168.832627149874,-0.006566624385565797,-0.05147565138044434,354
1047,0.19194278834561487,1.4881989348272076,0.144854596412014,0.046123431550610966,0.027602199513502526,2.9971880737739927,638.399308285499,-3.1774603647045296,0.33474322210701324,1.4659721279584246,0.025008220705441613,2074.5805439302344,2208.019986862698,-0.006490852027465145,-0.02684974113670431,353
1048,0.1919760387569605,1.4746284155409328,0.1629372955941277,0.0043979423526518124,0.049578157932338274,1.4895400196349329,700.1789830041415,-5.6453342705987595,0.9824814346121796,4.853912054403349,-1.228808802080867,3606.031057551446,3037.649674252554,-0.0063176361855938655,-0.013787416297580055,352
1049,0.1632397633558547,1.8734421211446712,0.5326346924649239,-0.010135584110808803,0.028309080753906077,1.820817742580354,788.7229467964256,-7.563545983244011,0.20097969375754382,2.7557267766412927,-0.5009487781680856,3566.606048183685,2006.8416623394971,-0.0063013866026451655,-0.02684974113670431,351
1050,0.1345179803093203,1.7045004736410432,0.2646286434317877,0.023847701870620023,-0.010265146710223818,1.5028381124150845,659.1246523183407,-2.989108800970597,0.04156400845849363,1.4473308846878208,-0.1890897764849943,2040.6951703483548,3705.3053099724943,-0.006170451961249276,-0.02684974113670431,500
1051,0.1345189084773151,1.8073509806871995,0.7494422512662177,0.032969704338638925,-0.01693061044151042,1.6196399689558636,692.1788732554969,-4.409852623539897,3.1310633109240835,2.4510036429234243,-0.5170432025835084,175.00007989482924,2170.983220560612,-0.0061635520300912724,-0.0063013866026451655,499
1052,0.13452297633107702,1.101222821516761,0.13251473411333395,-0.03964699154103787,-0.04638521118175009,1.024666760275488,152.64833280868862,-0.9217463201722866,1.5091387537215935,1.4011285686171229,0.16802321093068648,210.32223674985258,434.64525435197515,-0.006133312472697914,-0.02684974113670431,498
1053,0.13452508369847158,1.579213772881572,0.1385464387312641,-0.012454091822752889,-0.024684887262622107,2.8473665299585154,775.0063766508911,-5.066364681630694,1.4097573052001098,2.4094905718233273,0.20554257948630011,4880.906110544979,4302.088382783853,-0.006117647112444946,-0.05147565138044434,497
1054,0.13453381187165936,1.2763255243512468,0.3606513902344755,0.0004662748367512126,0.0340580681861764,1.338718238038796,787.6141616630529,-2.6635578529474984,1.6736744244731616,1.5401870022478867,-0.3301742109086216,447.0333516711568,3754.9099518900875,-0.006052767836276266,-0.0063013866026451655,496
1055,0.13453953781431804,1.5612262918016768,0.2451463646889922,-0.024222268577511318,0.0006021020373358398,2.143743628468241,506.85906427438704,-7.963172227441936,1.3084365948944503,1.3691281197398366,0.20367297709400048,569.9473986219461,252.38748989432167,-0.006010207377134398,-0.0063013866026451655,495
1056,0.13454082932814945,1.8353067000678964,0.13881190658935869,-0.04044917341728684,-0.004347646452330238,1.4630505410014205,549.0841282593959,-4.951108006449841,0.9882629021288568,0.7178505050247456,-0.22799879423318686,2030.0453275651294,113.25542109978898,-0.006000607911838127,-0.0063013866026451655,494
1057,0.13454612647203787,1.179522722604214,0.41656547883870354,-0.029610674531688044,-0.017845152997102293,0.8759235385115486,671.8283649798714,-5.927784096431363,0.20443016737785374,6.074068159805572,0.6014217065609667,408.08316867778376,658.7222078826575,-0.0059612366693581505,-0.05147565138044434,493
1058,0.13455286974890143,1.0767349668429032,0.8840150057176466,0.021391202778822532,-0.0073051523072164,1.451960368168461,723.9689151019456,-1.3279687412198733,0.5574705589834591,1.8509050830591092,0.9718342839063329,3131.350279448708,4835.337017005354,-0.0059111192258619015,,492
1059,0.1345585214764739,1.8051868560150905,0.9026264772964594,0.046022922778561966,-0.009685714313126943,1.584167099430605,495.46345324185717,-4.87491479387505,2.3682192207579473,0.6837772862946696,-0.8414243229818124,4074.091393177444,4212.123612984751,-0.0058691163396524665,-0.013787416297580055,491
1060,0.13456366855756804,1.2370777977148717,0.33992606935303404,-0.049859723494436466,-0.003366311489998548,1.7062061234347854,771.2477946485895,-3.301124026597138,0.5997432303936585,3.935180317091531,-1.044762877751086,3134.756966972778,2052.0017390141165,-0.005830865453810452,-0.0063013866026451655,490
1061,0.13456632600592452,1.001897656108807,0.5082394424909024,-0.02470754166922866,-0.028888647250659916,0.2690703901843328,549.2985972242251,-1.146238371438681,1.232262870988626,0.4721905291200179,-0.21350105892040921,684.3993347912458,1577.1222171791776,-0.005811117016862322,,489
1062,0.13457927728956276,1.5150802161603085,0.7375019784044315,-0.047767053760899916,0.004737746424425785,1.381866928715649,780.1786570316488,-3.3677940090644265,2.8281753357049273,0.8204453820405739,0.7329016496621664,68.74659724623426,1798.6653706944721,-0.00571487703750195,-0.0063013866026451655,488
1063,0.13458372063376595,1.7643197773090684,0.3887942829554404,-0.004893370001456197,0.025762618402291368,1.6294573320443064,241.52112394440726,-4.313257133302968,0.7214374063726592,4.841696825242168,-0.39845448599973504,1777.3139510131941,953.1374301249418,-0.005681861026858062,,487
1064,0.1345880196361795,1.339550428574462,0.6695042271859323,0.040024507943104554,-0.04703285325812414,1.7359781066200133,564.5649417697496,-6.258448392020525,0.7274372951900072,2.672909728152091,-0.9469562043888606,4450.695413256481,2656.3068955935687,-0.005649918576987663,-0.0063013866026451655,486
1065,0.1345926705970132,1.0144465735819752,0.7460406616216573,0.026151334026415632,-0.024691575626187026,1.631739427387817,695.0236067297026,-4.520226606164666,3.0293562902672635,0.3352564013112559,0.45759512762725363,2403.792461821569,1302.6310105769435,-0.005615362154491894,,485
1066,0.13459504476960538,1.1462834613010224,0.9967635795262398,-0.036836175636427784,-0.0019414467673643367,1.2460555797985677,582.7766356295122,-4.857521026540824,2.6372472930129534,2.6500705831853284,-0.8594448195202172,2935.3085926689373,3558.623785368475,-0.005597722622939531,-0.05147565138044434,484
1067,0.13459513132855358,1.8403699544071515,0.18490190439469417,0.04585810449585772,0.02548527078161175,0.9708439009292529,713.6874281078977,-8.408182366571477,2.6308945404493405,2.120167829032326,-0.036551202773407884,845.5082057189094,1090.1308703653472,-0.00559707951664537,-0.18152021181509076,483
1068,0.1345967640525784,1.3638606758638574,0.13820284261954408,0.012461797657847502,0.0346022214545906,1.5603344460125321,294.26230018462445,-2.573288535759144,1.5133759190807237,2.0684938077069073,-0.4136397051628324,3118.141177257153,2460.11392063848,-0.005584948958085855,-0.013787416297580055,482
1069,0.1345991867170022,1.4251934127966512,0.14456082807907214,0.03985087297967461,0.010438462109184869,1.415581775168109,296.7469473177299,-2.564756029488142,1.5188642887376462,2.7126070606474615,-0.6752636926240468,2804.1086531529204,4107.521347751239,-0.005566949694549234,-0.0063013866026451655,481
1070,0.13459929853194438,1.506193780672673,0.9719488417741412,-0.027055490690278707,0.008542116559612789,1.4732268961519768,411.87390856454226,-8.961725649261663,2.5120960808537243,0.37406365863349683,0.8605414712096693,221.42248862020318,4092.7568328597276,-0.005566118969627253,,480
1071,0.13460149484411393,1.258115754181898,0.261798997636718,0.041859284742301564,-0.011401027516028655,1.6613618108063923,464.138433574222,-3.054417320533666,2.044228926750125,3.820433820667549,0.0992026625901648,2973.8531719683288,4256.275715655217,-0.005549801691097196,-0.09310262642668454,479
1072,0.13460176530073262,1.1618239274648539,0.2767722645126551,-0.014433469208916395,-0.022209512971097287,1.5877659953892347,663.1045992767836,-3.5010290357547937,1.5929784534840539,3.1231577723561066,-0.8312650523141022,3251.892499362935,985.0020779322058,-0.005547792379556785,-0.02684974113670431,478
1073,0.1346042453789359,1.3353002656561492,0.9866149867087356,0.013570327350089693,-0.012386778561697353,1.7964191128689773,390.17059753170344,-1.8954208514973268,2.2821532678743734,5.765984004746059,0.8365527103690472,4063.087142774645,1938.0335048445277,-0.005529367247036558,-0.0063013866026451655,477
1074,0.13460803917188666,1.7041871365229981,0.21195062310858032,0.002911569599217268,-0.04453742867831647,0.9471546400574484,728.5137937186336,-3.8963154104319058,2.5391727696836806,1.234586696339166,0.07349115024473718,3567.708652421632,3760.1984185100314,-0.005501182849999127,-0.0063013866026451655,476
1075,0.13461879261857704,1.8410185933417111,0.13824275374059666,0.0035080828481113477,-0.02027984393997542,0.885972019331337,748.6236474593597,-2.5309972773980505,2.4631465866459306,1.6763005228855192,0.5420332551635255,4030.670520640958,4262.425198693251,-0.005421298934860916,,475
1076,0.134622678101539,1.7205265750375338,0.5443637840957055,0.03877671640003784,0.032544212920407836,1.4797001508132508,500.7112726645198,-5.999020764968166,0.022661686386129684,4.68287681086951,-0.11529429736962826,4819.762809884461,3113.5908604975693,-0.00539243649437313,,474
1077,0.13463907707431566,1.778179768746279,0.19685446538720697,-0.03622555206138787,-0.009566492170365495,1.2942998338647103,698.054249512427,-0.5913455556948694,0.4472747866922396,5.3378417537405785,0.37594095122112137,1120.2195319055706,1203.5305199182772,-0.005270629572402277,-0.013787416297580055,473
1078,0.13465518675224905,1.2567775703919049,0.4650456269127361,-0.002559830763491074,0.03160230796682122,0.9536222341067253,356.9135747462883,-0.05531085554512455,2.530655246493172,1.4633811074579606,0.08302737147512132,2483.0079279961565,2831.2384208840035,-0.00515098589553073,-0.05147565138044434,472
1079,0.13465957329080308,1.2446365470518903,0.3403162599297144,-0.004916038002957513,-0.014459999479442725,1.93080395911972,784.8541692529947,-1.7154733600056749,0.8592536931223905,5.760438229035129,0.9343265667751078,3854.35317154964,3906.2549893870937,-0.00511841034297468,-0.0063013866026451655,471
1080,0.13466515364813833,1.108708092721228,0.23176032342692846,-0.02580873413868795,-0.006936817515070618,1.6260637127993625,776.6464979882953,-7.181906887186296,2.268935884459536,1.2765460284576018,-0.37397183768546916,2302.9886961188017,1597.7308057333537,-0.005076970721669157,-0.05147565138044434,470
1081,0.1346681799964864,1.6833652668480525,0.1674040542583231,-0.005604654237035146,0.025627032446028396,0.8845189911455345,557.5180162863733,-6.007838439923389,1.2943297707723829,4.548875575057775,0.27660152845567426,3222.1394646720246,3743.3134224286237,-0.005054497837923735,-0.013787416297580055,469
1082,0.13467106971242995,1.1845331345047332,0.2197373384080806,0.04563200547905597,0.03882785871609559,1.3599082519944292,580.47262931424,-2.3424423968435453,2.008800928422858,5.035087656494783,0.6754030157257898,3527.6886990375483,3234.808354652343,-0.005033040022674455,-0.09310262642668454,468
1083,0.13467354944503745,1.3269298746813365,0.3494348981191206,-0.03948759991772348,0.01352701578697945,1.916670180866924,742.5815018951272,-9.613291612066082,2.6294889075309835,1.6415021587793444,0.1375469287844875,4915.011843577963,1417.7170683525542,-0.005014626938260566,-0.0063013866026451655,467
1084,0.1346801626995429,1.6488660703629692,0.3780474565188491,-0.012900972500960233,0.03300488772105041,1.280826559586824,737.3850944950688,-3.6601932811790996,2.9391984433743876,2.4902573972739828,-0.7187755540681244,2799.6966527175546,183.11254421659356,-0.004965522328147063,-0.0063013866026451655,466
1085,0.13468294315156606,1.1706472137382897,0.6854216192961342,-0.0481496205921577,-0.014927562538546671,2.4055915009863056,563.6542627847346,-5.258093979909737,1.522773585290216,2.755311598743502,-0.7955013456212625,2765.1952721718385,294.24877413602314,-0.00494487768925877,-0.0063013866026451655,465
1086,0.1346883575659519,1.5890213489504905,0.19220360370175776,-0.04480491705379103,0.023697654303086294,1.7208129252710842,129.5112659807976,-4.444790360021981,2.2505787280354568,4.594919703533442,-0.2782001230367372,2703.800812832352,2805.401698098852,-0.0049046773087737805,-0.02684974113670431,464
1087,0.13470378928652224,1.3011838639208926,0.23164644754113448,-0.0432306068456087,0.012627977845129782,1.5575258792682023,256.9573037184069,-9.234983523067593,1.536759993194164,1.6797703860126545,-0.7166022695908193,4287.633452155217,1038.6766560262695,-0.004790110341916769,-0.18152021181509076,463
1088,0.13471416241725787,1.5131512413254653,0.2500396471958028,-0.025191499114898708,-0.013078494920573183,1.7098928411221601,790.9065290675835,-3.43520272584634,3.0951935804656694,2.4015073094960435,-0.3536747254046665,764.9447362168238,1099.4082683800143,-0.004713106336278704,,462
1089,0.13471639676944888,1.4698933434173664,0.18072111996827817,-0.03726840153487435,0.03300678061465522,1.9375811025628673,134.97181527472662,-2.173012722085551,0.9140124416246501,2.999835934257687,-0.7308438436731569,1565.3183450584183,776.9308049730992,-0.004696520599234033,-0.0063013866026451655,461
1090,0.134719938417442,1.743556902849847,0.8243009032191031,-0.011921756251167112,0.04478358664476929,1.972627119693805,675.6963294315035,-2.5538358766616196,2.6225907317483625,4.806046881358204,-0.4510476781549375,1578.6599973502978,4178.618173838737,-0.004670231286828808,-0.05147565138044434,460
1091,0.13472085174558557,1.5201832569587919,0.3409037862171838,0.010699961857536341,-0.04644409681626791,1.656031019262076,487.26322000167795,-6.293361547721652,2.39682469877262,0.3645208112419228,0.8374902134269945,4055.3449913771433,3843.7283209316706,-0.004663451852052259,,459
1092,0.134728318614365,1.8162052419773413,0.3194859660032412,0.04160117070737376,-0.02419586553151042,1.914667173093783,498.41160562480576,-2.3709046239140408,2.679810045509636,1.8062005020003185,0.49522388041302323,3700.1708906576414,2369.228819179805,-0.004608028643469958,-0.013787416297580055,458
1093,0.13474058619731355,1.0025542423954785,0.8885032291519065,0.04192991361290813,0.021224537348513987,1.4234578163543652,749.6518447323115,-1.5546091373046251,1.698772454205526,5.69513407091815,-0.07078893163298716,3509.3269579348444,4363.630757865001,-0.004516978561303823,-0.013787416297580055,457
1094,0.13474849935397643,1.110476488270011,0.536252171234708,0.023052385631747902,0.028570571111039996,1.2184315795301623,505.26809417659933,-4.66092858369292,1.1231304625428096,4.429672935684137,-0.05368765917469922,1650.9877155415547,2612.0893166859028,-0.004458251458166763,-0.09310262642668454,456
1095,0.13475173244324265,1.4336258613681918,0.8711544684598113,-0.04238456388122017,0.02333329831191082,1.477318969933439,580.2457550727585,-4.739854748931821,1.866019200102913,5.447369768991573,0.42367785815141445,387.79048019741685,4564.548014648528,-0.004434258237462147,-0.09310262642668454,455
1096,0.1347530873812842,1.1481110082134853,0.2017287888018935,-0.00776601787617668,-0.02579320892113036,1.8880355911264712,558.170891499946,-9.275802142509871,1.5760046420396145,1.3652506290715571,-0.026987351784062228,3774.3773023278136,3972.5652070716565,-0.004424203218459368,-0.013787416297580055,454
1097,0.1347579411809928,1.3133761146871343,0.12546465638028984,-0.03799783203842603,0.0006988145799666937,2.2562662383625476,483.3365096949942,-2.635427966004385,0.9498504342593714,6.127799190273683,0.8193216600823736,2401.8728611536403,398.86417656526703,-0.004388183915375836,-0.4902399467185491,453
1098,0.13476656299373274,1.6969309306354492,0.14118710841958843,-0.03535311576385892,-0.02535856511869997,1.6614960355507613,620.9415867219678,-6.11833707598909,1.5348873128167935,1.6433288257629237,-0.5196649932316992,4800.847665477757,2717.0455786196903,-0.004324205964530151,-0.09310262642668454,452
1099,0.13476708782749358,1.5550586259241006,0.3886930217599184,0.024150863709681076,0.04190858863552668,0.9657335976767557,503.57196379253287,-9.458470853389686,0.8927345017858345,1.2210039660523462,-0.10184724566378377,1494.4637871257985,4153.816737299679,-0.004320311580659306,-0.0063013866026451655,451
1100,0.13476825336064574,1.1691034938267246,0.7897500025550438,0.02740100875474309,-0.003180187646223168,2.5586695742517884,442.39008895072294,-4.343752770749825,2.119949107838197,6.1692273649117375,0.8150408337199816,2608.9218490305943,2431.395783797375,-0.004311663118023827,-0.05147565138044434,450
1101,0.13477301191341237,1.2610217192135755,0.5885424733413103,-0.02067586258055755,0.011249016479257185,2.1408859132955635,768.4537387097382,-2.794252009918089,0.07800263927526897,3.3816474307360815,-0.09314368188680311,4511.653837481328,2949.884807922577,-0.004276354589164699,-0.02684974113670431,449
1102,0.13477404334349088,1.183157608623306,0.40676389304032495,0.0001298882691455735,0.004478314048103595,1.416172129084146,499.81449346195586,-0.2695682938878161,0.5363105888491774,1.7128097310976458,-0.021891600699721084,142.19440875961956,1118.1435997356218,-0.004268701527815513,-0.09310262642668454,448
1103,0.13477428274545528,1.9239410909704509,0.40939709837186533,0.010615759475869435,-0.004207440259150037,1.9472200124661205,406.8555697865425,-3.9152762892149537,1.9530122481413892,1.6028736737466565,0.04206467735031135,2221.5044949632384,3771.8522655960137,-0.004266925208426933,-0.0063013866026451655,447
1104,0.13478241169183244,1.221087542272104,0.3386187573341565,-0.03275645066333084,-0.03283346535526807,1.267729281150298,476.04200307720714,-0.3959867810243499,0.6598179998101725,6.126915818231594,0.8533841662150402,975.998060827342,1932.0607015020632,-0.004206611763784646,-0.0063013866026451655,446
1105,0.13478464741235574,1.8885731823082457,0.44909869741417724,-0.002178029661042742,0.030345342692392106,1.588385897974962,133.6257325378667,-6.496835686962119,1.6742956150850763,4.604979226839803,-0.025334308433827762,4100.448912742327,1524.680287348385,-0.004190024273192674,-0.02684974113670431,445
1106,0.13478591558468828,1.5915925890993292,0.17585397065394748,-0.026067780329715465,0.0015112136447318252,1.4732940427870482,201.54188714079717,-3.5526408127235882,3.0617840238477365,4.452014392339156,-1.2775461781392965,759.082435882322,2588.35411664762,-0.004180615439259086,-0.02684974113670431,444
1107,0.1347859678604369,1.6503724234885064,0.14084716414157486,0.04749116466763696,-0.02014753682723091,1.6773350327013719,228.2012536223343,-0.7070319316415393,1.849778305735491,4.414500625951839,-0.19654013315562938,2610.4630543397184,2207.515153644955,-0.004180227596492449,-0.09310262642668454,443
1108,0.13478819310541643,1.3218639703555037,0.34153449893590876,-0.036306741428126746,0.010639696667970142,1.4546692957526681,640.3419555254068,-2.344579530874574,0.4271533270135981,4.639046454390914,0.021614009967058395,309.1726683612301,166.95706128250177,-0.004163718262197953,-0.05147565138044434,442
1109,0.13481813183866284,1.785975155042663,0.5491082270781804,0.03119199986546151,0.03134578059006106,1.9903502776349837,493.25719471338044,-5.211636341425001,0.6991510349098282,2.8983012345605643,-0.8155715367419739,1980.9425288427801,135.2872137127956,-0.003941626044040063,-0.02684974113670431,441
1110,0.13482379643801068,1.117998996753141,0.8831532729882523,0.03449926202484761,0.01770346153362625,1.3296224291957222,607.0825043568417,-8.984428142305264,0.2885525253722213,2.709800982530557,-1.0697836291298866,2982.6296104043436,585.6113544685679,-0.003899610327926139,-0.013787416297580055,440
1111,0.1348334450019122,1.2291611287942508,0.2328520467456578,-0.001816053269224729,-0.017604583692250046,0.37137414575892813,687.729644514748,-2.672047844853166,1.5155951754350476,1.4956517455553877,0.12382594769618756,829.8950364434245,1193.9119163359496,-0.003828048638324582,-0.013787416297580055,439
1112,0.13483581995772045,1.1887909738729054,0.20123920572778634,-0.040213250173054334,0.03172590998880935,1.468227809889696,548.2242617678239,-0.6378877069915839,1.5240919967699302,1.0126195302264156,0.38084297352077856,1108.152504189308,475.3183303204884,-0.0038104347971026735,-0.013787416297580055,438
1113,0.1348446544821338,1.5849076438133045,0.5684247018698492,0.044724255880999535,0.029796370189412252,1.5650004228476477,701.8139103669464,-9.762429530555819,2.431153876990095,5.390257737530439,1.2186354218289333,1456.0946571254901,970.9576952962123,-0.0037449163391087958,-0.013787416297580055,437
1114,0.13484662579650225,1.6590754420602853,0.1316536586735778,0.015104638357233106,-0.012931247493861908,1.3498101114654326,789.6378147559778,-1.0780666963752887,1.4109534543334075,1.4925236377375817,0.29863060850454576,2480.3967420719728,603.0712424144506,-0.003730297295001338,-0.013787416297580055,436
1115,0.13484806008808797,1.8912190328769523,0.1446117947793417,0.011744596671593872,-0.0018839356316314375,1.559792086793119,415.0750629607313,-7.706482403079935,0.3577047012598936,4.1405653497762165,-0.29569437039177965,2983.223649384544,2524.95711862474,-0.003719660885305948,-0.0063013866026451655,435
1116,0.1348502668937354,1.2220074664278047,0.1723396645810678,-0.014162140538473525,-0.018253176373516204,0.9295713407628423,593.5747500816003,-2.075966785985505,0.3642806738027746,1.5005499126577007,0.16820803609281884,2794.206901241411,290.5077440632337,-0.0037032958920263656,-0.0063013866026451655,434
1117,0.13485377946239377,1.2660320184979965,0.41278437456892936,-0.005159772362124307,0.016078567236034333,2.0033715006745747,742.7220273426628,-1.1126454655386406,0.010372452561365986,4.4112398457454285,-0.37170525580999225,1386.3020371108832,1701.5694657148986,-0.003677248313538335,-0.4902399467185491,433
1118,0.1348607122698066,1.5355024317197783,0.1582120955607073,-0.04749004963127411,-0.04049311330889334,1.4282317556533761,436.1961540187996,-3.3048438580937423,2.934494421122074,1.5396868448957406,0.1317377300388044,2510.8711732199436,164.26214484193423,-0.0036258398232174105,-0.013787416297580055,432
1119,0.13486107795922744,1.3586610359055908,0.7709917083179771,-0.040659969958677405,-0.04648744765064364,1.449262328231516,330.3433482613604,-7.106048266771358,0.8435199349576553,2.9227640392698264,-0.8213740154632952,1525.100589798839,258.91552355278844,-0.0036231282186550227,,431
1120,0.13486851336302907,1.0425599612994978,0.6223481133401887,0.010095286114602373,0.0005511314491823903,1.946437394395221,743.88540438823,-0.9849535270544247,2.746746306800623,1.0376446296070048,0.3003219574580407,2829.126869755188,3610.8845462175486,-0.00356799593776198,-0.0063013866026451655,430
1121,0.13488173449312116,1.392536492241447,0.6445393593200224,-0.04123842327753642,0.04912535584925819,1.9330918279783045,302.2671160541145,-0.5696953516404655,3.1324079407420906,2.9102602983577097,-0.7021467060555023,420.7106619108825,3732.363973736652,-0.003469970966916808,,429
1122,0.13488640012198094,1.2961001343859795,0.32099536530609796,-0.027987442735063785,-0.04756114543794301,1.633122317092901,528.0865958440123,-5.54295707393325,1.8720123087434106,2.61402502961998,-1.1312967789618178,325.6595388075291,804.4936015953846,-0.0034353810486205238,-0.013787416297580055,428
1123,0.13488833627442787,1.482768919367249,0.8675557734169573,0.022857974097469362,-0.04081780322593519,1.4917383002965077,643.9551372184429,-8.409816504775884,1.0700932908298346,5.644440888386755,1.0453857335068255,733.5128855308337,301.51947546749443,-0.003421027203018686,-0.0063013866026451655,427
1124,0.13489543228081505,1.6316278096369552,0.47272480928880534,-0.006636834576349102,0.010417165298298482,2.0182738648030756,667.2148103162615,-8.222149546751123,2.4542318092425868,1.4728397695824686,0.19055601283526385,4947.184643695271,124.83129621923288,-0.0033684220635376034,-0.0063013866026451655,426
1125,0.13489751225366262,1.1724123337664516,0.8758686135470704,-0.040959872965853523,-0.03567426224964483,0.8909132500243931,794.0115488432984,-4.014749426660805,0.3372125276242724,2.953623858881018,-0.8424738367434977,373.83280479819734,3441.1174427208216,-0.003353003032871694,-0.0063013866026451655,425
1126,0.13490119412806054,1.336428665573492,0.1653852727365563,0.014229586624800708,0.03411878424691136,2.2253520427692304,690.5658821965894,-0.3780562014526154,0.13241872145116096,1.5234774425211395,-0.20020573961336002,3294.232225098362,387.068782624533,-0.0033257095409613517,-0.02684974113670431,424
1127,0.13490165603533016,1.8174580577309665,0.31500082867645984,-0.004409516050989302,-0.030898355388363993,1.089041193490857,717.7553232486406,-0.4369730307411021,0.7745931350348088,6.01997247416392,0.8520070486073099,2754.170295377611,716.4438328182787,-0.0033222855054302796,-0.0063013866026451655,423
1128,0.1349019158761529,1.5799326747411753,0.7062652366583265,0.015956509849930158,-0.020186902344179712,0.8072055938123023,742.8959430375941,-9.434798208966209,1.6624219711611052,6.023854896490542,0.9186333741998993,2203.203729100385,4646.823129299823,-0.003320359357338388,-0.09310262642668454,422
1129,0.1349026008385323,1.122732015245559,0.8350366574073368,0.038832954740970996,-0.048350428370716084,1.7373393209749912,655.6140994408478,-2.846504184569845,1.7322503712350947,4.396591882715178,-1.2379441099656818,4300.769151687007,1615.4767917369272,-0.0033152818857912977,,421
1130,0.13490273593456856,1.8552853825810947,0.1372300852728296,-0.02015551998635118,0.03684407918210467,1.9990453371847534,355.23200134811736,-7.653837874517304,1.1963063285353095,4.6006107405625,-0.10734155623918142,3409.032371093795,2833.138944248506,-0.0033142804524215847,-0.02684974113670431,420
1131,0.134913200548675,1.0110592068648863,0.29928818826397197,-0.0424414648784165,0.0179999263473874,2.3438039639762107,405.6463921676754,-4.511344850944238,1.0125508858376107,4.594884623167781,0.2251478130988509,943.3918584693962,1571.639574829335,-0.0032367119126283234,-0.05147565138044434,419
1132,0.1349324522231808,1.1430272687942251,0.9773106954586106,0.003805048471316356,-0.007065055241215616,1.452231610143115,671.9517159319396,-4.171213533287402,1.8719988439649051,3.2204087435669466,-0.18690546198249458,2445.045042156121,845.0030521745064,-0.0030940253483120695,-0.4902399467185491,418
1133,0.13493336453441487,1.9251816672514623,0.8351110404536115,-0.048651301985126176,-0.047407039980867906,1.8513028680153703,340.48651250290084,-2.2473610995332916,0.17009205704950725,2.0150660523571604,-1.1357226450784332,2697.3261516246525,289.7052510028153,-0.0030872641271461054,,417
1134,0.13493345891317218,1.10271932665506,0.8696698703583234,0.04443655180460358,-0.04843282946131616,1.7425630088793032,509.73615932678644,-1.2320503819660207,1.5092920435949233,4.706012953012675,0.8907082012559181,3964.0913833313703,3168.659606146299,-0.003086564680227777,-0.013787416297580055,416
1135,0.13494046435858337,1.7665061627204224,0.3943447650965969,0.0015127014788534976,-0.027416068470859395,0.9094098564151769,523.4883109700467,-1.6289226139347945,1.2776237963061732,5.9060048981229585,0.7451540802707493,4948.938657342852,4165.617895848243,-0.003034648249520674,-0.02684974113670431,415
1136,0.13494179481815163,1.2546293792846965,0.9553235554830598,-0.012055864338108156,-0.027499809036079712,0.8121950791657953,708.198510185746,-7.310179942641475,0.7454680348869176,1.5336118625009463,-1.3100147037418608,1399.962040127048,3441.661928669326,-0.003024788693897884,-0.09310262642668454,414
1137,0.13494594226228643,1.5405864638765072,0.7173583343791395,-0.014666215107668096,-0.0462313271011605,1.7315600325847833,664.6262798421179,-1.1947828772506184,2.8074163396264042,1.4586445580869178,-0.03965885025389295,89.5661315045085,488.746080296314,-0.0029940541064879516,-0.013787416297580055,413
1138,0.13494656428693094,1.3155985409660733,0.6464293733066464,-0.007467805267982845,-0.017760672150668545,1.41292388060261,746.5062174130662,-9.851869299921505,0.9163295545341285,0.9736640452686287,0.06841532529377509,4270.357276653843,2680.2815804973707,-0.0029894446813889565,-0.05147565138044434,412
1139,0.13495766041765248,1.0082436538883437,0.6263063906859905,0.024538530921798404,0.024615940835138937,1.9318826064420453,791.0140091041419,-4.029540473475006,1.4858667246250916,0.10375765497685929,0.6711132793519503,1374.8559165142801,3187.231760684852,-0.0029072219541150263,-0.02684974113670431,411
1140,0.13495884765164767,1.3618485737651103,0.5433994209921764,-0.004453083636990377,0.03017960812098295,1.1404278584963823,698.8311788389725,-5.86168792904137,2.4200206134610034,4.650647327058898,-0.29896691118144486,4299.518059246201,3980.6560604031715,-0.0028984249079629498,-0.18152021181509076,410
1141,0.1349648272333785,1.9399462629468482,0.17123139777087384,-0.005781326110946926,-0.04126737514010283,1.3335088075175394,621.5508659527454,-3.595063417183841,1.1666842715207635,4.30923820078552,-0.29294532087927133,1712.428517349543,4956.2629470197935,-0.0028541191852712103,-0.02684974113670431,409
1142,0.13496991016077353,1.1516043546218695,0.15089984032663295,0.006777405689140285,0.016233811603663207,1.6721661503214362,526.6387752942588,-9.498342573340219,1.8596610347072602,4.863179404813638,0.222835029914152,1780.5114287865895,3319.0785701228147,-0.002816458768253557,-0.02684974113670431,408
1143,0.13497201377676804,1.2910690686729043,0.12621935349024777,-0.02776352721686515,0.014465367035295544,1.5896536953505793,433.56568600864466,-3.7400410675485207,0.7942474440018485,1.680715021523046,0.5611530612420335,4417.396987881931,1372.7596193004695,-0.002800873075205529,-0.02684974113670431,407
1144,0.13497305099721657,1.1051260057395584,0.1423119455433199,-0.0208143694404488,-0.019013581032069644,1.4544427967309628,574.5767555889172,-8.486876653229453,1.348462870132846,2.2444868730942744,-0.33825326788418797,3300.850350825386,3189.5749274115365,-0.002793188397139986,-0.013787416297580055,406
1145,0.13497353523207206,1.9405932254592928,0.1655725997608629,0.03886996083098889,0.04656526205214841,2.165165948797537,495.39297092840945,-9.707541753123015,0.5506479192345434,4.447924564398737,-0.10613920160944569,3878.5209154443555,609.7451604361723,-0.0027896007625600773,-0.09310262642668454,405
1146,0.13497538496974465,1.478712316858994,0.7297144033641328,0.04555650955199396,-0.008132025012136238,1.8891205519431706,792.6579285397386,-5.746273484848425,0.7440612977084236,2.8605317332406255,-0.6260049423148392,4781.748062801678,4154.613265150061,-0.0027758964093812654,,404
1147,0.13497680306360432,1.1637625184585632,0.5698259714505073,-0.04987105167477528,-0.018556649715024073,1.3614332562407512,645.1424748353157,-2.860751882737246,2.985293382252719,1.2680284315862107,0.2830488860281716,804.8147929577673,2727.7751039678715,-0.0027653901499282924,-0.0063013866026451655,403
1148,0.13497848316090286,1.1312909791202865,0.347511026837892,-0.040547672283786126,0.03822822952991989,1.6629575191121613,307.0283565029437,-9.33170565585425,1.9056387900373248,2.7147865867707246,-1.0676130727646593,3891.0603102438454,970.3796028887847,-0.002752942923420188,-0.0063013866026451655,402
1149,0.1349791850182117,1.6078208346363403,0.21172503378466703,0.04131793247628476,-0.030362356991302446,2.434533611977645,726.182033326192,-5.647934169026448,0.49225183271970463,2.9667817161478065,-0.7616894302594216,3819.5281649713556,2325.8598462414852,-0.002747743165136428,-0.4902399467185491,401
1150,0.13498145913280807,1.0827151166757363,0.18975850084868778,-0.01002364905252049,0.025386495008131043,1.313838990488015,675.6620661700974,-8.040428203735143,0.9612728458035283,2.6641375841304766,-0.11515391172093245,3383.692733932995,547.0132352773514,-0.002730895416069218,-0.0063013866026451655,400
1151,0.13498743445781697,1.8092759761545827,0.20537621615576532,0.04508938367253194,-0.026129456543114733,2.2704429037822047,491.37338702709644,-5.05724563126661,1.8893458463501855,2.839731188913489,-0.7930440453933439,102.07364576945588,3737.8045413921395,-0.0026866286493783423,-0.05147565138044434,399
1152,0.13498972211574262,1.4835861163824808,0.1779366958883492,-0.017176984502001603,-0.04391186805404441,1.5274294858572033,747.182980677698,-6.822234772211203,2.979200955327328,5.289422303526635,-0.672606977933142,1618.2224650834914,1799.2306618976993,-0.002669681601325441,-0.013787416297580055,398
1153,0.13499350714605254,1.1336916407086934,0.17587725272891352,0.04638014842234225,0.010419272707288301,0.8520199463520042,455.06292008604595,-5.533786884402897,1.2476916404579632,6.0319361409275745,0.6841650614201826,3742.727197460896,4013.0854503181063,-0.0026416425981624727,-0.0063013866026451655,397
1154,0.13499370192846846,1.2464107013466932,0.1595329531260374,0.026883617765796633,-0.036006414303456365,0.9211949079202628,737.8990524700099,-8.38704116736714,3.0212880305245826,4.597977156033567,-0.2647962085521175,4158.481606055905,1071.711988951367,-0.0026401996970564154,-0.05147565138044434,396
1155,0.13499603395724805,1.5090608383058766,0.2149522058157591,-0.013923131859005311,0.012078439742606941,1.6281345862767176,392.06550016756324,-5.382475966267474,3.064248934014557,1.84752002275818,-0.7242215841526146,4850.735046568557,901.3531815759386,-0.0026229247531302847,-0.0063013866026451655,395
1156,0.13499844556922336,1.1115508950392003,0.6948692124466825,-0.005077418652930949,-0.03492559746643193,1.4051423360435622,544.9179085391053,-6.956694363964207,2.378423704399464,3.132600392980165,-0.9036286367834082,3309.420560575638,4613.306444036821,-0.002605060595509557,-0.05147565138044434,394
1157,0.1350040842149831,1.398975301335676,0.31902790493149286,-0.0442818863510587,0.005625275222969073,1.7142361385522773,540.5608964705386,-9.90259509851591,2.7376086808910314,0.03141080865504445,0.5856720964642633,3307.0370419948495,4181.301229448543,-0.002563293240431465,-0.05147565138044434,393
1158,0.13501085762020132,1.3316247722593857,0.23933834415033306,-0.04309508684975108,-0.011429195691840997,1.7185213623853477,151.56824911455797,-5.513147150209714,0.07821480793723243,2.8297195418325387,-0.776843781554642,3607.8322359421354,4595.809724447611,-0.002513122644865582,-0.0063013866026451655,392
1159,0.13501625499242043,1.425518120781673,0.21660865845814953,-0.011199991060991983,0.03104398245460452,2.058843996093658,532.817841630572,-8.316660523827277,2.9207898088791,2.9763733657986595,-0.7294507107400479,4514.328974749009,3476.626115035086,-0.002473146124274941,-0.0063013866026451655,391
1160,0.13501981158195356,1.3351623380636861,0.4898312997566641,0.033272837528458395,-0.03862749545505365,1.1368342769952595,683.0285262562904,-6.726819802462846,1.0038373670940366,4.704434337090783,-0.4315729765269623,2990.3475470991966,2864.9979031318444,-0.002446804535333233,-0.013787416297580055,390
1161,0.13502197646524142,1.0154469315109962,0.30720388527855746,0.028640189573431105,-0.0031623165369824655,1.2888939489737223,587.4801182327656,-8.81624385943851,2.817607268223045,1.5154463138015912,0.17665347179667812,3002.4133872463167,3556.754998227532,-0.0024307708443317933,-0.013787416297580055,389
1162,0.1350298791778264,1.1286071966650126,0.17985392207005937,0.046112653430038085,-0.02446911401337299,1.6956966111033822,766.2410440362056,-1.2292640358981268,2.8065000914174325,6.068293916175311,0.9363840288165403,3098.4572132329345,1774.882728395474,-0.0023722434732331562,-0.0063013866026451655,388
1163,0.13504417722781062,1.1293605122023618,0.3178249715519821,0.013689336821392858,0.013109970959629704,1.4224475572198176,189.18998068032178,-8.770089074413464,1.9688757719104417,5.99645325963553,0.7878310001646618,3235.9375270616597,752.1925300681121,-0.0022663610335284957,-0.02684974113670431,387
1164,0.1350446040090654,1.0729816450724057,0.7547773037830704,-0.00663386133076376,-0.014010800764524083,1.1593121757098963,637.2680147042275,-4.34579156362955,0.4322762670326462,4.45512137481694,-0.008143075454318124,2662.1925888982,396.52116086973524,-0.0022632007301030418,-0.013787416297580055,386
1165,0.13504502004831537,1.7403518921079888,0.6602670889425162,-0.042100188401105035,0.03927771251710592,1.6071994623351245,452.7172989890845,-5.3579684107570325,0.07012146892415372,4.288780709850488,-0.4352687111390818,300.51552418334944,714.3699006151506,-0.002260119980502772,-0.0063013866026451655,385
1166,0.13505084934185269,1.6315667218560173,0.915992340918703,-0.015876410589454673,-0.015217551010673907,1.3862269328074461,503.7111389604096,-5.421432592790071,0.4085074961034777,5.122050143245864,-0.2029553460479659,2330.6559775860524,303.70007102046554,-0.0022169553548639746,-0.05147565138044434,384
1167,0.13505198772835234,1.7826453911902875,0.7054625415201066,-0.022010233392330315,-0.03642739676231579,1.5494733214062886,785.713598409606,-5.054411059439529,0.29919781959836705,4.0743565871171485,-0.5415132088441003,3246.628835714693,2239.763734122003,-0.0022085260728098924,-0.05147565138044434,383
1168,0.13505305166832093,1.0833531720580554,0.191236051003428,-0.014316545396633493,0.020042822116970015,1.3930184335272733,677.689862352525,-6.059555580391876,0.9604037814735438,2.036924697437838,-1.21522307869149,2783.062217972358,3140.9499041123386,-0.0022006481008080107,-0.0063013866026451655,382
1169,0.13505309202866048,1.880696377659857,0.3845724321908714,0.01346378359806845,0.02696903307088692,1.6493976974578863,582.1219473179642,-1.9883176919341206,0.8640433144584522,5.765779689549355,0.07433303330979696,2649.134177506273,1351.6403096942313,-0.0022003492528225865,-0.02684974113670431,381
1170,0.13505717208409312,1.9453883916372556,0.9186355999094961,-0.02912884589287417,0.030844778771849227,1.3676640155148538,721.9504697294158,-5.414220875601222,0.12727625646559698,2.7635372873749806,-0.8347386697465237,218.0230738087312,4989.798516879701,-0.002170138957491621,-0.02684974113670431,380
1171,0.13505778642652344,1.2827918797234954,0.3022312990586215,-0.027662989800216097,-0.03918826503612642,0.7550874985237226,291.38991823028545,-2.0272431273719387,1.7765595962194074,1.3595965139696937,0.07637350291844103,606.8817373545064,1661.5761159055387,-0.002165590209551628,-0.0063013866026451655,379
1172,0.13506522349303365,1.8666618014195362,0.29294429208137585,-0.042664179710896054,0.010075306749534028,1.7147967351667754,781.2835496085123,-8.029226625960767,2.5896045154640723,0.3502478036763379,0.6158378442010254,507.27804577160066,1195.309767797015,-0.002110525914859286,-0.013787416297580055,378
1173,0.13506834089613187,1.5447559941487023,0.13723743131975025,-0.03157041588054119,-0.037147651575816454,1.7544084624805416,584.3238083343372,-6.722343838692163,2.4042010032782386,2.3703608905537745,-1.0460211547651384,4851.300050862192,2529.3461749720186,-0.002087445457540863,-0.0063013866026451655,377
1174,0.13506979222575474,1.1152353290357473,0.2144002623892734,0.007368958841338511,-0.04205331866202991,1.6073095366221029,635.9101618256075,-6.555503534751521,1.6421488631310763,5.593264402623721,0.49335207951833066,3159.423660971849,3091.6113579369494,-0.002076700364919365,-0.18152021181509076,376
1175,0.13507830433870144,1.2606211229057553,0.7324770031061283,-0.027376186976861228,-0.03284103975733788,1.079046737694119,731.2156743270688,-8.735508517453193,2.832125250473046,3.131490897767762,0.23608515337238983,3922.6224754078467,1769.1150764196618,-0.002013682242198722,-0.0063013866026451655,375
1176,0.13507936374661383,1.253828428807593,0.30213622597701906,-0.04392515799957262,-0.026602933628409584,2.129808192706612,705.892123929818,-8.334261229915832,1.8515153208517925,3.954593702698115,-0.08120692523584863,1866.1883252673726,1767.3959641860995,-0.0020058393560886192,-0.0063013866026451655,374
1177,0.1350817158103952,1.1487347861392052,0.821050784254511,-0.0055164074511801905,0.010540828389213979,2.0367602224381405,478.80286296141804,-6.725124366435304,0.8540826905283496,2.0423137733464043,-1.2149870347864853,3973.28329531703,3096.2580292921425,-0.001988427049425673,-0.013787416297580055,373
1178,0.1350826681444688,1.6917751634125648,0.9822005497362918,0.017247682302292927,-0.005534427215180756,1.4981971070717706,746.5183816093643,-9.542465099422484,0.09588573310934052,4.180361606245998,-0.6194751524946176,257.66784295840114,618.6815121478314,-0.001981377015199828,-0.0063013866026451655,372
1179,0.13508570644073245,1.6187283786945783,0.37493662176294174,-0.04832407310819119,0.007096347995717987,1.70359275271982,776.8537258314016,-0.2178979895876923,2.4562677134414854,2.201932574064438,-1.016316825330116,816.6267010620097,562.481786423429,-0.001958885143156239,-0.02684974113670431,371
1180,0.1350924069465392,1.1966633738064456,0.1470240222905391,0.0166514449262096,0.011941661005624207,1.7137730588625968,736.6794221806305,-0.20477330995302434,0.5382784674173471,3.763680216648839,-1.1081451926151884,4256.964860702449,902.1162714183789,-0.0019092844873181136,-0.013787416297580055,370
1181,0.13509388183394463,1.3782702208205937,0.5093072557297225,-0.023584761210783182,-0.010498318615921935,2.2856329472454338,448.85650994320906,-3.6821248432885207,0.269895348478505,2.81270117833824,-0.706773083243892,347.93590997440646,2814.8471947647777,-0.0018983669280622471,-0.013787416297580055,369
1182,0.13509695627639998,1.8034599955958917,0.6215668620730243,-0.029921788516971606,-0.03627688527901637,0.7546526849149103,525.2019489498114,-5.63454356704576,1.200116979944486,6.246681045010931,0.7304496405105506,3813.321285425053,1980.156632616525,-0.0018756093654823253,-0.0063013866026451655,368
1183,0.13511022173860981,1.1451635760891028,0.9311033641082228,-0.010689310066398032,0.03788331852730879,1.5202750424577411,509.55835344136176,-0.7430611163151964,0.6855468827905452,4.680357725627856,-0.3023128786750081,699.5361584371605,2739.6238785327087,-0.0017774220240448532,-0.02684974113670431,367
1184,0.135112394733778,1.875650457603172,0.8281355131829233,-0.03677057745037914,-0.04015191318550076,1.7050149702377273,500.19334983476915,-0.9549021254234428,0.5287129893533034,3.1112779153657453,-0.7297700327512274,3272.217000759698,1350.3984827657596,-0.0017613390240902556,-0.0063013866026451655,366
1185,0.1351133123295087,1.3647246480032087,0.25863645495161747,-0.007901057004140757,-0.03032693180047194,1.7009612762240431,641.8165224537172,-8.322087271726076,1.2308669935313874,6.167766703575388,0.5016483859686044,3091.110177791922,3333.3567110462773,-0.0017545476959508687,-0.0063013866026451655,365
1186,0.13511469062708742,1.964286525281675,0.20639054382367727,-0.04841972378953308,-0.03774482513597181,1.535388022271462,645.4819649085839,-1.9916702289520714,1.4887654646013395,2.6705752102446643,0.07556157727584262,186.54837160892419,2300.329508010201,-0.0017443466985591185,-0.09310262642668454,364
1187,0.13511627452105962,1.9529364730917036,0.35870338551849107,-0.007148666697615116,-0.02470049186607294,2.520053697629233,713.8440217196326,-2.5261162773712478,2.0628215352858743,6.07837673886648,0.7572303449139338,2765.609340654038,508.6372604674796,-0.0017326241783699636,-0.013787416297580055,363
1188,0.13512636508473444,1.1666549468736842,0.7906368929708651,-0.012120774246995198,-0.044003698837843115,1.1991650838659311,772.7232974447072,-5.041729111424698,2.9281952841568413,1.319693145600409,0.04378791172184347,887.6777474222106,4823.624506119077,-0.0016579463725258695,-0.0063013866026451655,362
1189,0.1351284434076582,1.8514629020628028,0.20510294370158821,0.030760747136003207,0.007173042608590308,1.5144048284552087,428.8077865958743,-7.9103842499590655,1.6569662607630384,4.41938188271481,-0.9255817235909297,15.204388356508929,4149.328528587997,-0.001642565902962717,-0.05147565138044434,361
1190,0.13513417892373106,1.2929945738966386,0.42795539891717344,-0.03835407400960338,-0.013117032587695907,1.527406839929271,467.5877007171656,-9.821713698855646,0.6969640594022664,2.75120306434132,-0.6928247653268376,3037.970427692104,647.1593026122131,-0.0016001218829542934,-0.0063013866026451655,360
1191,0.13513712207936932,1.2280446280865136,0.5855148195990013,0.002222532943822901,-0.025700239761029017,1.571393650582117,547.587445574277,-0.20679268905767456,0.41499866179460987,2.44242973268311,-0.7169129139397855,3031.8422915685246,2518.848962075237,-0.0015783426143378548,-0.013787416297580055,359
1192,0.13513780038187131,1.931359562472854,0.13657766042187874,-0.025024754997781434,0.0009755805503160151,1.6404274873145102,689.6698245257146,-0.1685427292706959,0.09304310765653717,4.048964135323598,-0.7438450340493776,1833.204111007968,152.25493735268594,-0.001573323262207924,-0.02684974113670431,358
1193,0.13513892885247764,1.282779622592709,0.21628358639348633,0.022852795558315934,-0.040294917044449624,1.940608519441992,737.5989803728237,-7.142101787114163,1.1176743850155466,6.022840657723087,0.8557573585329477,738.0908932675892,4340.377123645537,-0.0015649727792868108,-0.4902399467185491,357
1194,0.1351392754798165,1.7401392065107901,0.17550388948060314,-0.018762720429177388,0.0353722983056388,1.562632819180334,522.0167029823546,-3.8704031727054757,2.151247300324505,4.28909222486886,0.053595725715369136,2911.8425648739203,3859.235834614029,-0.0015624078122643279,-0.013787416297580055,356
1195,0.1351399332729318,1.1096608074985466,0.7921914988596448,0.031407527837946606,0.01944082105169219,2.5010058492377563,704.025957923431,-1.2001789370605682,0.08545451003012483,0.25587345171488085,0.9389443233710517,1432.5819327026065,1650.1023956235413,-0.0015575403041569735,-0.02684974113670431,355
1196,0.13514326732029294,1.3807848895389827,0.4273271597035571,-0.027759672106751017,0.047305537253994605,1.4621186785123372,325.91336208578156,-4.5403196834249275,1.6320765448336785,2.888885336719177,-0.565663433112995,4612.570917061071,614.8433125634442,-0.0015328695340245703,-0.09310262642668454,354
1197,0.1351496294737011,1.6617630279678561,0.5762894052680274,-0.010336386040927553,0.027356269395797467,1.3761374342733887,444.1135846836237,-2.3492683246855792,2.975916095516806,4.310768899433914,1.03448067477078,2039.674913422027,3624.210947404467,-0.0014857935399209543,-0.0063013866026451655,353
1198,0.1351497125515285,1.6705051212109454,0.16150051401265764,-0.038978203121567974,-0.025484077643271954,1.552397306665993,741.4089373195764,-1.7990302502968387,0.05901979357968761,4.05968254718781,-0.7699971090561527,3106.624305981826,3335.3020159641706,-0.0014851788301469646,-0.09310262642668454,352
1199,0.11491787042122098,1.5462481559262193,0.7711702514186329,0.02038234016452522,0.011588424672867416,1.607423339099574,766.6443939759199,-9.924596940357336,0.2690665121886074,3.6951823257544754,-0.3725360648689558,855.0281597169392,730.1550225765722,-0.0014838668781715506,-0.05147565138044434,351
1200,0.09468871823973177,1.2393250966183313,0.18680791261272295,-0.010934056143933986,0.012873080841640397,1.5082084865674634,359.64580147030097,-3.454944876038711,2.532480402623452,1.6591511773539707,0.18265430752111156,1342.2342740785748,4738.523672314185,-0.0014535855275185448,-0.02684974113670431,500
1201,0.09468899313243127,1.9169433473355433,0.4029578019102468,-0.018281415652077745,-0.03831736077390773,1.396882920317696,477.73214777679215,-0.07499638802168068,0.2160974299655447,4.234571500386843,-0.3955944823583712,2405.0898080166335,3181.4349649925016,-0.0014506824117808612,-0.0014838668781715506,499
1202,0.09469150170887246,1.0989644371213547,0.9382701929892294,-0.030899635818521787,0.0327754440151973,1.8449155637339096,498.04130108105625,-6.675951283661633,0.9279477638434803,6.16536124133061,0.786224920946446,1327.8216042324132,1805.022349763648,-0.0014241899639632007,-0.013787416297580055,498
1203,0.0946933607609232,1.386464824044585,0.1635053779269293,-0.006980051379486581,-0.0020356344776045554,1.5823118207296694,649.4860113813187,-6.198394535804591,2.415898747959872,2.8015430752949775,-0.6205209525173511,233.05224024455862,2757.9488406901514,-0.001404557433406126,-0.0014838668781715506,497
1204,0.0946972190882133,1.790924597331779,0.6737957680846832,-0.03972217048839416,0.04039378533240345,1.8856775923511016,605.1708675502188,-7.183547618589896,0.9276352946273971,4.294718796369717,-0.4048205982007897,1488.637315707613,900.5434325121226,-0.0013638127744375061,-0.05147565138044434,496
1205,0.09469852046876433,1.0205778733399284,0.7264070849291232,-0.006849984767974581,-0.008454286102519906,1.4356500532283092,469.3969752375979,-4.065365094207484,0.15840514096692485,4.884783883165299,-0.000532527173542463,3928.2768520805944,3170.245501732141,-0.0013500703264856745,-0.02684974113670431,495
1206,0.09470030023332159,1.558337551251803,0.14497521815331824,0.02643871903283304,0.006022755665437122,1.6345130764314089,790.6745319987908,-9.105435680458491,2.6631783770444164,4.307266113622757,0.6684062079494413,3300.630870448987,4722.924276911188,-0.0013312764972031393,-0.09310262642668454,494
1207,0.09470464072430958,1.659479085712848,0.2124200137167368,0.014474351398060874,-0.030755395909063045,1.6149464561111695,757.5148044209938,-9.994053281858934,3.055852004409436,2.9897793316333185,-0.7760242583197176,3825.2149480084236,4652.462083253482,-0.0012854435746923556,-0.0014838668781715506,493
1208,0.09470717446850287,1.3486142930302145,0.9382199068023176,0.006969429982968998,-0.008882914805762625,1.5262729545183849,711.4791914619369,-4.877336555724429,2.4008799210178826,5.861060135438329,0.683352896523737,2950.005040294096,3804.776262114364,-0.001258689761118014,-0.02684974113670431,492
1209,0.0947083016350965,1.39962451172951,0.13286762980984265,-0.029954085609315423,-0.029123738610236906,1.5773202593282847,631.9765958499756,-3.1006230623546776,0.37957925147819477,2.731167694908098,-0.7581492153325804,3845.14506776494,1682.9425809345826,-0.0012467882352680277,-0.0014838668781715506,491
1210,0.0947097612895122,1.4404003448361138,0.2860334481995471,-0.03270982891293481,-0.014548301123134912,1.5621493283188357,655.4054066162591,-4.921414329543232,0.115381166344378,5.804505289892311,0.18577560798157505,398.04447488152476,2720.8903087370504,-0.001231376247777369,-0.0063013866026451655,490
1211,0.09471009044747067,1.680404339788071,0.9889414828686929,-0.011449202074415354,-0.04184444833036696,1.7843922301331383,642.6909315049586,-0.5727466453014607,2.936678001666627,1.567074892604997,0.04876024304156058,807.9907694772137,1110.2059874238103,-0.0012279008151756697,,489
1212,0.09471053419920182,1.732347379007277,0.6798464155174664,0.027225383323669156,0.004370545971959434,0.7000632590874091,653.3002077320673,-2.170019544680447,2.622678146285029,1.2184039661387585,0.1521629000691771,2735.4088266693793,2502.8519922827168,-0.0012232154570166118,-0.013787416297580055,488
1213,0.09471142069070955,1.8511810894260925,0.9208386903392545,0.035513425561194745,-0.03401203463085169,1.6790307234565127,450.5143180096322,-2.92269014300111,0.3626239841389466,1.3590889559059254,0.14997534485003877,3984.6964226876653,3047.642150337545,-0.00121385549124932,-0.0063013866026451655,487
1214,0.09471189136138607,1.2508110517951179,0.3946871187042379,0.010903309420361367,0.006650016487917494,1.6029838657556474,698.3057543512793,-3.744268858957801,1.543578692230632,1.7251018395896294,-0.9829104360286532,794.2598266932935,3801.910828088211,-0.0012088859796425505,-0.0014838668781715506,486
1215,0.09471376675790028,1.3351321538829333,0.9507934515271271,-0.00011292140401658272,0.03873866362234681,1.6190553717983132,487.9672235780892,-0.8642217564151364,2.5517803980483302,2.0083802883146245,0.7488283459555367,547.0213900849602,4921.108149995981,-0.0011890851086343301,-0.0014838668781715506,485
1216,0.09471391921809512,1.9751674833213073,0.7907952873608481,-0.014619656234696585,0.03085672272249368,1.5822835650083338,640.2781209952797,-8.114279004376487,0.8288196243682614,4.773753969111947,-0.3255792643683335,1251.828813488732,2926.0840723597557,-0.0011874754157396145,-0.0014838668781715506,484
1217,0.09471482674624072,1.433142206329327,0.5548908558909571,-0.02035056372637061,-0.01466695838262392,1.9339962222073508,388.82004658253794,-0.4560241672118441,1.9263767248692054,4.584584125822096,-0.08484951931723822,1415.1592146202959,151.67450617458613,-0.0011778936794440524,-0.0063013866026451655,483
1218,0.09472023116933258,1.5294373191861181,0.9983310843034912,-0.019584277739573414,-0.046434314846404666,1.4782285271540758,509.97637898473965,-5.488366859468013,0.6086978913685162,4.7390808713511685,-0.15333027585713496,2313.2146354619713,1918.7358416742481,-0.0011208353592671231,-0.02684974113670431,482
1219,0.09472420773177082,1.5972062019752609,0.7631443517093238,0.00949847184681275,-0.006795448995103555,1.779704770090184,577.5324188224693,-7.762200287130075,2.7264066678271663,4.571313538996942,-0.022163631946890767,4640.429835642349,2291.786436394153,-0.0010788540536476408,-0.0063013866026451655,481
1220,0.09472595202586533,1.5292289255227138,0.35788422720024954,0.027603714610687648,0.016138478943754107,1.6718541412561794,746.022315964295,-3.4846865951217767,0.3729260635517922,4.783146823652376,0.023249857329469492,1856.7798158203695,3671.021518042714,-0.0010604397741459841,-0.0063013866026451655,480
1221,0.09472660717436089,1.8246941360973248,0.3230802831886097,-0.03812080222736156,-0.028690730771774656,0.479735347681548,592.8814416072382,-5.815865475553093,1.1225892296348103,5.9832255429006995,0.7981377375910671,2377.066983214393,72.05360881069714,-0.001053523546742697,-0.013787416297580055,479
1222,0.09472743089629375,1.9513526360288096,0.22751861140637628,-0.02458994926862519,-0.011156630736207318,1.173514387506106,692.5405525529087,-1.7536416251880202,0.26713638645598925,4.610248733327319,-0.12996089096393676,2747.178661375453,3480.0281265625576,-0.0010448278025491967,-0.0063013866026451655,478
1223,0.09472774849875695,1.8556763002871686,0.2706672291233512,0.011592613428902276,0.03220923781993177,0.9876377508110054,704.2079532351532,-6.527947781279647,2.732671554918636,5.951712607680687,0.7861529314291791,3165.7506135902213,4765.774939192968,-0.0010414750045979648,-0.0014838668781715506,477
1224,0.09472819984657574,1.2238945354865003,0.29947019769636124,0.026983682911560433,-0.01719622360847128,1.4493543983450676,414.31637411030897,-9.541598110264653,2.598797935890053,3.2802448080520894,-0.8915865432249409,4549.6941199824205,523.7495096123671,-0.0010367103315695875,-0.0014838668781715506,476
1225,0.09472892450822995,1.8154053810256123,0.37915117563179135,0.02191846429977084,0.0037028436581471804,1.5307530047648252,560.6269906715172,-0.19973859466127283,2.412590311908065,4.795302420568803,-0.5461564129391273,690.0718775618501,2985.1363780038314,-0.0010290604566565798,-0.0014838668781715506,475
1226,0.09473036163590948,1.6263653611004822,0.84047739854429,0.009949592459473576,-0.026765610470106362,1.5207899876417512,349.0826350918049,-9.464926606050735,2.5133151708316963,1.554018983303249,0.14800862819349767,4893.272414341292,67.17318785325924,-0.0010138896227654599,-0.0014838668781715506,474
1227,0.09473170730987542,1.06637972298719,0.2254991636927018,-0.044585600985558874,-0.027801443342676407,1.9289181537112359,757.5861248019017,-6.782479646197229,0.2862041103042362,6.051632812476006,0.8851602526368388,3103.440720424673,1154.9492657038154,-0.0009996844156062708,-0.09310262642668454,473
1228,0.09473365430214899,1.6962263208229895,0.3740423906009478,0.04646644223141494,-0.005913464415381236,1.6257785516166992,549.3955150993662,-8.838027730709548,1.4690940679660265,0.001460823419882602,-0.9860480964391696,2936.480458286431,2665.0068056151135,-0.0009791319278078386,-0.0063013866026451655,472
1229,0.09473525401868504,1.6207559631502153,0.1530639665163013,7.66061110909693e-05,0.02636085538264749,1.7129173253067314,651.6641182857442,-4.764508575039381,2.7766224163944977,5.927474869921495,0.6463520672646702,3606.4463683351078,1177.2213554293103,-0.0009622456053594228,-0.0063013866026451655,471
1230,0.09473728916584521,1.1929521671993235,0.8468935779461896,-0.025436702292249792,-0.029773979842854622,2.013795744835348,379.66815009622593,-9.974909029326685,2.1421349001064964,1.1673120142254934,-0.38441732330404393,2260.012857689548,385.3708401704116,-0.0009407633670010518,-0.0063013866026451655,470
1231,0.09473905364244142,1.391534755962806,0.1500795136381631,-0.02604256467125961,-0.021019375487174027,1.4770043378529625,461.7682140148285,-0.7159178924020173,2.27740893464089,4.298028032377144,0.057856540420031924,3075.352662140228,4583.066275395401,-0.0009221385975991554,-0.0063013866026451655,469
1232,0.09473953403537626,1.832820860977301,0.4053445274922816,0.03652372433165303,0.007083321894449525,1.7147840791003082,612.7206696845225,-3.1315083484942416,0.6495026830364582,6.192430835344071,0.7607088333354017,37.247083167792766,1237.5153527189693,-0.0009170679146164092,-0.013787416297580055,468
1233,0.0947416067770373,1.906320519139447,0.2069409043920148,0.033047519939531464,-0.02934434378688245,1.8787957267349222,709.7977864124963,-2.177159121830616,2.3073720609081496,5.852566165628526,0.7245491799988718,4108.091149843252,3345.6390580549955,-0.0008951898358784437,-0.0063013866026451655,467
1234,0.09474422044878855,1.3732855118215777,0.7213463760021783,-0.011416625026929497,-0.005184809877533921,1.3052127086921632,489.2019850603828,-1.6057964836862582,1.8185649383559708,5.643223818731638,0.5032106261323505,2124.3991200023065,1855.975510893691,-0.0008676028464846136,-0.05147565138044434,466
1235,0.09474483815262288,1.8516358770513799,0.24294412204742888,0.010045209722624546,0.04859064737455524,1.6483490779470604,324.5925129829374,-1.1441144056150514,1.9616527162057444,5.836363112559538,0.64672531239831,4932.910907120361,4610.384292217592,-0.0008610831683562711,-0.0063013866026451655,465
1236,0.09474516263189846,1.978661466575492,0.577182034314738,-0.010368014082929242,0.031402442250197095,2.3752608670914643,624.2878491064496,-5.709453123398275,2.5735425998395507,6.0470656377774015,0.7375891074212226,2416.149072935075,87.77790451023392,-0.0008576584042346248,-0.0014838668781715506,464
1237,0.09474595104398248,1.4453573073932033,0.1297378596938072,-0.018116144560960504,0.026229471833438607,1.8832141862372607,578.1387978174616,-4.352793868424199,0.009933060985978237,5.840422932883221,0.8015965705158249,4907.83317971088,2815.6352923282593,-0.0008493370422057913,-0.02684974113670431,463
1238,0.09474766015890954,1.1119110180424316,0.8763581092941907,-0.00394306298413757,0.04725192095398948,1.5616064559904328,606.056278167319,-0.6378859981970152,2.219547677720921,0.9752553142541232,-0.532547335801044,3859.6266843971034,4578.400198104527,-0.0008312982818178972,-0.0014838668781715506,462
1239,0.09474932121381059,1.1827586284034963,0.2703276433516296,0.01450789408760512,-0.0032146912992311347,1.701855058544164,773.0573413086591,-8.330381513835366,2.6797244386681447,5.297100639461372,1.1000585486786083,4229.572719247191,534.1224539669464,-0.0008137670800258054,-0.0014838668781715506,461
1240,0.09475367967216451,1.800694291046403,0.26454616197915903,-0.014141260358226307,0.049483516095822806,0.7128006254906392,445.4664414496644,-8.182322758181524,2.937435405877941,4.552186092592122,-0.12214870172066886,3586.851362728974,2818.4409927498846,-0.0007677682479730719,-0.0014838668781715506,460
1241,0.09475515724062936,1.503215574469127,0.15468427968844584,0.010247295243151454,-0.002718223653150124,1.6035589962575383,294.10329764443316,-1.724779554408351,1.4018516105003367,0.9412046672806507,0.48282774402079554,2844.6135483370576,2474.307456591966,-0.000752174585107742,-0.02684974113670431,459
1242,0.09475518724857655,1.4401680987930736,0.3092001671062748,-0.04376461516700791,0.011599810605974002,2.2029313830786728,379.3468676561365,-2.1958119333865525,1.5549823742957702,6.003798478487185,0.709240620063561,406.78831126176954,1342.4713016195963,-0.0007518578957965536,-0.0014838668781715506,458
1243,0.09475745524995868,1.7979581675376306,0.16965848341826165,0.04332628873388901,-0.025769745977260904,1.1433672585414247,635.793375109602,-6.0094304315342555,1.0443909206545343,2.780433183047067,-0.7279843647979893,2560.5970976236813,232.18676563730781,-0.0007279228025392815,-0.013787416297580055,457
1244,0.0947609384894494,1.4055990243616323,0.1323913073429797,0.04850486947678861,0.01418299832769639,1.7197180006180055,776.310613059947,-8.954083018110763,1.2173255087852037,6.252165154229898,0.3164394031998878,3149.597938800744,2422.78289326467,-0.0006911639484862954,-0.0014838668781715506,456
1245,0.09476150576339927,1.8621929244211204,0.15546080597322762,0.045889909655395605,5.349536966153118e-05,1.61354236546828,422.91343863175575,-6.022662045545614,0.36431057686864493,3.259173081381544,-0.4964154677221028,865.8246511676793,3784.1409049250155,-0.0006851775973164425,-0.0063013866026451655,455
1246,0.09476236276654358,1.8331175225877587,0.7792095382850895,0.025139482072983766,-0.01329922956896361,1.1420198137656414,777.7017912864521,-3.66849890762247,2.213127821336044,2.7628183803167023,-0.7122146662332479,87.6909999875157,2504.5998888451295,-0.0006761338483519913,-0.0014838668781715506,454
1247,0.09476367427931506,1.8267471884494568,0.18470215876798782,-0.020014359894872942,0.037165135796020446,1.5128183756071867,784.2611376329803,-2.2915264227590173,0.6217659845879793,5.154983018991366,0.8546667541261027,206.20053040949253,4690.586613952573,-0.0006622939264795298,-0.0063013866026451655,453
1248,0.09476579491963621,1.7469547224141586,0.7883121271926578,0.0012320305682054836,0.0010312755027341676,0.94763977320374,667.8548302433547,-1.4680180912564882,0.5620510574078772,4.774549377956951,-0.04236127086957522,3330.111030790204,2442.2322602618437,-0.000639915978310264,-0.0014838668781715506,452
1249,0.09476666928735379,1.3383824389811905,0.2840617573027269,-0.04412918331557554,-0.018711587049455615,1.580505389469792,483.26924831589497,-0.4723739230709611,2.985435076169919,2.6216081049217936,-0.28851762032921163,1179.5448954579706,1889.8140573861037,-0.0006306894037021045,-0.02684974113670431,451
1250,0.09476797151647622,1.3544513308993973,0.49186838156156865,-0.046368638360969744,0.046041897344521264,2.8531902370100797,652.8436365833444,-6.323767615236176,1.7046601403253527,1.4248963390752976,0.10864385628138609,731.5657260268357,2049.7503253873906,-0.0006169480725647533,-0.0063013866026451655,450
1251,0.0947690992946463,1.1518983560348506,0.7779921423970557,0.041941723764277135,-0.026959272542173136,1.5161497098048622,745.1451528569675,-8.284628517801659,2.3901366526088372,5.542539303182763,0.6737232123138256,3087.617028974568,1757.5686549249317,-0.0006050477285472269,-0.05147565138044434,449
1252,0.09476975293619586,1.9258952490936245,0.22306709272878716,-0.02965267255039849,0.0166375178454916,1.6091995216757198,735.0578622597617,-8.768221889112992,0.3152671795175655,1.4091590814462838,0.8487916863580821,2468.2775479908214,3633.1931890321503,-0.0005981505511154068,-0.09310262642668454,448
1253,0.09477119091197651,1.2733596159788139,0.500331206245939,-0.04322292188548536,-0.016403455175476103,0.3726801909111311,628.5194188029413,-0.6689620638863644,0.8565995757425252,1.4589476378210855,0.1210080567827487,389.223427718145,1643.9569397798289,-0.0005829773041350177,-0.0063013866026451655,447
1254,0.09477157936486234,1.8446527616559332,0.2575434237247529,0.03507269576516964,0.019626596242727345,1.5593518364590089,786.45229690071,-1.426387309019414,2.0475175342235223,3.0220975667024197,-0.5317945687760269,2184.4407078504823,2022.667510281761,-0.0005788784626104488,-0.013787416297580055,446
1255,0.09477180982312174,1.695196465991331,0.19519576717665207,-0.002403948687085552,0.021966115473767322,2.672012991234973,472.68451645869175,-3.4188250417688892,1.7241396166004213,4.542060614365032,-0.13050569903178152,2368.6186278628306,2794.8290998445473,-0.0005764467422113839,-0.0014838668781715506,445
1256,0.09477191350461599,1.8166196247152024,0.3862747480006941,0.021524259021564896,0.02969208134679608,1.5258127470443181,572.6137943615305,-3.422017013707597,0.650014430259917,3.0187365534152244,-0.6816875870090284,1352.3249547873488,361.0946114752929,-0.0005753527308553544,-0.0063013866026451655,444
1257,0.09477448695528935,1.7749460467455165,0.156416494327736,0.02819832208330704,-0.049822269675088196,1.6126682115148134,663.3416628801448,-4.095488068284439,0.5065810846586786,4.979357222823432,-0.4705223094645101,4652.532433104966,665.2988354784402,-0.0005481989503580264,-0.18152021181509076,443
1258,0.09477448716398129,1.172945391009602,0.477325893089336,0.014827994356268802,0.04934416245589208,1.2618915673677915,622.4647466200504,-0.10879937871352635,1.8753286691918634,4.669018983950674,-0.08649541680651067,3185.6562065921903,432.61733051221273,-0.0005481967484441846,-0.4902399467185491,442
1259,0.09477522717800922,1.2174011860448402,0.3636162330271628,-0.021338087645646826,0.03148840887776822,1.5951738053356428,733.0168851088399,-8.640496464567821,1.818945936728386,1.397374731342754,-0.12744886250282914,2600.1693296175094,1074.5294368976865,-0.0005403886224378412,-0.013787416297580055,441
1260,0.0947788545302298,1.1532585895799343,0.3227875526862855,-0.027989844852654076,0.009429398342349566,1.8445247783125118,729.0660046052805,-4.468918581739328,2.2026717562220455,0.7583582297944159,0.17772800498655925,1970.1756223741625,3725.824827605114,-0.0005021161442786762,-0.013787416297580055,440
1261,0.09477997422152828,1.686643591251633,0.3273680772365713,0.0001384555293909743,0.004418255833243405,0.5468985436307934,661.2851725146304,-1.4217564606927022,0.002386055647962737,2.478259357223608,1.2366965356551876,491.48471013812355,1334.9094679442715,-0.0004903024893225805,-0.02684974113670431,439
1262,0.09478225284314763,1.7199179499721466,0.7790514663759035,0.0009567709357307923,0.021557644649144857,1.661037545384576,697.8006067887316,-2.052517411855753,3.1087039352915005,2.7940579301973325,-0.5234703143557623,1134.1544344965291,2960.0901941642605,-0.0004662616067684594,-0.05147565138044434,438
1263,0.09478458566202203,1.3891629451085625,0.17633238471613488,-0.03809159821224604,-0.04771548449593569,1.2920201759434544,660.3134765061077,-6.964252905492,1.5825402168016847,2.9317487169197283,-0.7298512802561585,4075.7070380915393,2716.763254327199,-0.00044164950800612665,-0.05147565138044434,437
1264,0.0947852088315741,1.213732123676733,0.42169688632630925,0.022320220698474027,0.03605098514237613,0.6801896718735262,488.5072239129271,-9.5555427161111,1.643252301725769,0.8423316781766846,-0.5151096611193148,20.107164222002233,3783.7059670167364,-0.0004350749421762057,-0.0014838668781715506,436
1265,0.09479278999065137,1.2452507868646576,0.6998100627663599,-0.03121071212974251,-0.04486433364332254,2.1592212442580685,693.1320245651654,-2.249083562303498,0.05864215422597499,4.7698574527832625,-0.026565114096151546,961.9808512161642,4587.084248103144,-0.00035509562887383467,-0.013787416297580055,435
1266,0.09479326567972905,1.9668595937249136,0.16668422084625606,0.023353015600996667,0.03072770007736236,1.5556901393762894,327.87419287504287,-4.312254891429435,0.33832842983197625,3.7850066965384506,-0.8375657688474137,437.24284517049426,2702.73829192484,-0.0003500774424822343,-0.013787416297580055,434
1267,0.09479355673261662,1.3699220785049349,0.36580676843433635,-0.020149294821454288,0.04402462696213088,1.582490587881881,400.9228392046752,-1.4574815533288261,1.770506280994279,3.1278587811110845,0.5043015375564521,3920.2371115665164,1118.5359143368273,-0.00034700705094608034,-0.05147565138044434,433
1268,0.09479437212940402,1.4828679098621536,0.40499563603219924,-0.04345959337493205,-0.03216542581291895,1.426376948151151,584.596260890205,-5.41932949687445,0.7652413761313224,6.251010469605851,0.8336181999209021,2540.9756137929935,494.95777787472156,-0.00033840527133440455,-0.0063013866026451655,432
1269,0.09479663049134007,1.524080947332718,0.9459377144609439,0.018372597313495827,-0.014862402542411907,1.5690153208957285,675.3583493620489,-3.9072067983139442,0.8467397876936413,5.493084315073792,1.1217069897368088,4025.38252169997,1116.6378529528465,-0.0003145817575261132,-0.0063013866026451655,431
1270,0.09479683762093831,1.9664345152279135,0.38227050607819113,-0.03345305787074768,0.04772934141858908,1.3663095745919227,264.0111041588916,-5.594898244133401,0.6274949363433113,4.508445401388674,-0.09788972630103224,1783.8188491056053,251.22237414413087,-0.0003123967709289262,-0.0014838668781715506,430
1271,0.09479779859616896,1.221265796962775,0.22527318376079572,-0.009386807392718908,-0.0019400376634372794,1.8078902644755337,388.1980559672361,-4.919557003907202,0.20134182879763238,2.488427681206632,-0.16866665998453814,3042.5939923637593,4309.462278691089,-0.0003022596147130713,-0.0014838668781715506,429
1272,0.09479798007556439,1.3115955658697673,0.4687509190874414,-0.0024748863318708736,-0.03321801138624678,1.5769575325206864,322.27643011765247,-7.169425026362346,0.9588111488837021,3.064150099559009,-0.784857495781117,4130.21822357305,3606.645424120707,-0.0003003452324196658,,428
1273,0.09479923366577848,1.808932446745811,0.1888987870195917,0.03241988276564781,0.009229328546080454,1.446731667851319,672.5901541260496,-2.2789397134521705,3.1273176703243433,6.052216653492465,0.826795698146173,4423.433100285036,2539.8856540572265,-0.00028712151255567937,-0.013787416297580055,427
1274,0.09480140206959037,1.3292156596563198,0.20015296052364706,-0.009161898726620078,0.020337184370024824,1.6966323822139353,759.0122393337901,-8.515683875654222,3.048338451306133,4.459858160859333,-0.31022892396587465,2957.6423881186242,1534.6734516670047,-0.00026424813133021387,,426
1275,0.09480242688645935,1.0353150575623744,0.6927595823144512,0.021478720002498168,-0.02599609105370992,1.5723958362360364,616.659797364383,-9.906753403328297,2.8651243413348446,0.12274271472106507,-0.11796402660342196,1919.4725155800982,2519.8456034017495,-0.00025343804515101637,-0.0014838668781715506,425
1276,0.09480382131462015,1.1786465846947716,0.6216743068590972,0.01889411131211328,0.043651091772764786,1.6203079316061342,771.2536467224885,-9.365047144951923,2.7553178748967806,4.3760082807451655,0.5624510291482347,4150.241214310618,2819.7373434234596,-0.0002387293720049321,-0.0063013866026451655,424
1277,0.09480918682194993,1.369325130651751,0.9308585411778655,0.014930067471367815,0.022575219737847155,1.55753847671209,421.0776882833048,-0.17706673124911435,2.4358522677626424,2.0492383493543547,1.094308269545653,65.15027834907615,2829.8368682797004,-0.00018213507622151677,-0.0014838668781715506,423
1278,0.0948103841058944,1.4732954085782461,0.6766161459564227,-0.02611248481804244,0.0075918102146494484,1.723651170628632,563.5906965796291,-8.5591187709546,2.0075162362604293,5.934060283540969,0.7399681656360948,25.39557414350361,2491.90793756377,-0.00016950680230272544,-0.18152021181509076,422
1279,0.09481199386786193,1.000402769879308,0.41543102960677836,0.036168178925483435,-0.04726336391098523,1.5834302141955257,375.03586097908,-8.23955187097084,0.700321927009465,1.750090596600023,0.7498223678624732,3899.233518722369,3928.969482911303,-0.00015252819477805217,-0.0014838668781715506,421
1280,0.09481415286297588,1.4812649857783495,0.7177174514821201,-0.029800211545753057,0.044488248756730714,1.4905225748594595,577.4077388953959,-1.161058277608732,0.1445246178726857,1.4243508310152868,0.09391380781233843,2988.1529083033106,1426.702701318025,-0.00012975712496813717,-0.0063013866026451655,420
1281,0.09481517030708025,1.7933651463328983,0.36194314652636544,-0.04241927014307003,0.0424723810146894,1.5001458305875557,763.571260009841,-0.26469462519875814,1.6034694158793803,1.386043844150962,0.15672885305118442,4647.3378678599975,4733.440283189351,-0.00011902625190242714,-0.02684974113670431,419
1282,0.09481610450352862,1.7412084866575817,0.25741691967787933,-0.02315122372558223,-0.026465999112374152,1.589442921923798,654.5243721449085,-0.10510380311440315,2.258913535020145,5.40460912222145,1.0801456826391118,1931.6643855211091,4911.497864846545,-0.00010917348416967409,,418
1283,0.0948162465242053,1.0787070710478601,0.3277447990395027,-0.03974928097510571,-0.006852353437484367,1.6498649578113571,693.9641661708682,-3.029766071588133,2.353390987777216,4.15688431921451,-0.03903723489654154,2699.072447098978,2418.226564504803,-0.00010767563132457747,-0.0014838668781715506,417
1284,0.09481663518276255,1.010721757533643,0.9797379203730388,0.006780268104090058,0.0230231447624893,1.7467393308154737,564.2321648398964,-1.4651230006150733,2.703352407626611,2.1319992243984425,0.6978213977780959,2789.320062303487,4007.1239727326583,-0.00010357656838983625,-0.0014838668781715506,416
1285,0.09481668278600616,1.160704297955218,0.6729808191281466,-0.004224522720176401,0.006131596135269533,1.6028295968065946,500.61180277925286,-0.7881662033967791,0.03333767849517631,5.929815798079297,0.4992015445210693,1892.8450302694787,1314.0602621990884,-0.00010307451265280823,-0.0063013866026451655,415
1286,0.09482071021179915,1.7642182407735487,0.2311109294092099,-0.01574904185685528,0.04042004651602353,1.3061910372407672,771.6843079733846,-6.308296096303952,1.6811480324226316,4.091985044693337,-0.7732772835998707,663.3861531736721,4652.083912236592,-6.059949511280985e-05,-0.013787416297580055,414
1287,0.09482203164121181,1.0408555165019435,0.9643679423707614,-0.03983636630267761,0.01427106822871123,1.317212050014099,792.9580846489619,-7.025344162162665,2.355700769262796,1.4381327190083033,0.079651989111687,1959.827386088952,4088.6970176512054,-4.66635079886009e-05,-0.02684974113670431,413
1288,0.09482203875334373,1.6104409789010643,0.14600359473137,0.01914899757269931,0.007766240649733705,1.5793255935287838,654.2888150507914,-6.489922631087768,1.7304683220901385,5.64433814713834,-0.5233231071196286,662.466397707695,4720.363168146116,-4.658850291710745e-05,-0.05147565138044434,412
1289,0.09482276122973926,1.3057048378832679,0.18590782049330296,0.027659826616868954,-0.020767814495602877,1.7581639540154108,740.1310210254019,-3.600728458652995,2.0806208412681793,4.66914950378477,-0.23564160654995248,345.84750347959914,555.6966106373732,-3.8969244211511066e-05,-0.0063013866026451655,411
1290,0.09482366486255646,1.5252060285202378,0.20281688653871552,-0.007472659069965443,-0.03356493572119751,1.6308374380979163,742.8640175416881,-8.390320849360087,0.4874364936767337,1.4186424218513125,0.1514615570694542,3921.4772632145214,1145.9721417934525,-2.9439585979897113e-05,-0.09310262642668454,410
1291,0.09482380587150997,1.5231099835333661,0.13331570798382694,0.03091817348510001,-0.045225153015875465,1.6166275166431934,757.178271109166,-4.929972010935316,0.11482068288237049,4.507036259521145,-0.1451834529231715,30.182420356169647,1135.0554239349517,-2.7952521992778794e-05,-0.0014838668781715506,409
1292,0.09482388264501548,1.1770382126003651,0.4804290315549145,0.04984536394022114,-0.028455882808578064,1.5681519501741779,659.9488391646906,-5.7689486799003085,1.7665519079336902,5.064254416199779,0.8669022001412142,2296.1070874307125,4772.200710381774,-2.7142878580888216e-05,-0.05147565138044434,408
1293,0.09482483384798611,1.3900203469580943,0.5027518940059605,0.0371822424367874,-0.032846291386448546,1.545009745630241,585.1886765352469,-7.367262420963012,2.062227957641523,4.626225156060091,-0.11616336583062138,1359.684195931562,236.55326388232422,-1.7111669507868605e-05,,407
1294,0.0948256003251641,1.2510037448594733,0.26741882912020537,-0.033016182868681736,-0.013913327837021905,1.5663499157275464,546.5345910348993,-0.1039314180550311,2.8271421989675276,0.2627067393193152,0.24511513784633226,412.61165999191735,1785.618628496253,-9.02861724531627e-06,-0.0063013866026451655,406
1295,0.0948281803250946,1.0090892183970108,0.18216436531683908,0.03326674862125686,0.03621916937442334,1.5709989098396597,381.49952179309923,-0.7843879478905798,1.5870475710081147,5.830460575766253,0.26771218111708833,3447.9147015262065,1805.0648402073768,1.817885439682487e-05,-0.0063013866026451655,405
1296,0.09483384025731123,1.2678079731220713,0.8082076941367831,-0.010247121656792039,-0.01678429222646219,1.6052020305035795,477.73731513627234,-7.059531567561449,0.5481428408727813,2.5195829426704544,-1.056658425378673,1932.1552697773764,957.9762521589269,7.786325721058699e-05,-0.013787416297580055,404
1297,0.09483659086472078,1.021970524973907,0.15900656970696037,0.006638699552251342,0.04718590236151986,1.458576304195516,298.93329060852057,-7.364530036581232,1.2245922333100372,4.592265736176839,-0.8839090218616874,967.3038304967683,1008.9043033771742,0.00010686732912871741,-0.0063013866026451655,403
1298,0.09484071402519557,1.0604408870294426,0.1729222975674493,-0.010389974448144355,-0.04873389425366323,1.1825706985327298,347.5486757792313,-9.988894765514193,0.28700591154782046,1.2546002942186578,0.07952189290041992,3477.167733289033,1097.4902450882128,0.0001503428569698713,-0.05147565138044434,402
1299,0.09485434816790293,1.6128371840907125,0.19742427610128543,0.043701293400510384,-0.024809878117569257,2.056311860693562,688.4781618609969,-2.041417757306689,0.7641142578311851,4.396315149783456,0.10607161119135343,3092.6266639580967,4710.81316753578,0.00029409085519724147,-0.0014838668781715506,401
1300,0.09485697533981359,1.9879110301788732,0.49968905655916096,-0.011390514613729781,0.03720517507300268,1.5032597470675855,604.5415057342607,-4.875630396620633,2.3630969566398665,1.970501000785778,-1.2074711949031114,4052.0239960483186,2135.246848502943,0.0003217873770638424,-0.013787416297580055,400
1301,0.09486003516789886,1.5237960100348702,0.9002570248047229,-0.04973420333185649,-0.03625410406082948,2.0747657197649447,511.00104956167866,-4.009630892432007,0.13847356555885196,6.134542149985431,0.7833854909421362,517.3420419090219,4701.92202433851,0.00035404413759075604,-0.013787416297580055,399
1302,0.09487432346169881,1.8343832200148213,0.2343376675053914,-0.02602828989991836,-0.0459781483951415,1.5218107696668006,620.3014951063794,-3.903804358366677,1.6694121940080984,3.5919031700750175,-0.2170571803909251,4981.516795032092,145.60605749285511,0.0005046578053347073,-0.0014838668781715506,398
1303,0.09487568977422806,1.5961973214542169,0.47209458581031216,0.02686702715011818,0.006359448206705824,2.1006347320419017,775.4489056710222,-2.6348892675937883,0.7506746731426654,2.170353563256012,0.1255606812821195,2314.9373382000313,1119.181632308465,0.0005190589904035536,-0.05147565138044434,397
1304,0.09487965016986023,1.1586929665581545,0.6530893425661439,0.030956700305482247,0.03217799488623501,1.4952620197770468,784.3052182356794,-5.442734845181805,0.007695180639814225,1.4825585599104951,-0.23689157448141307,3366.430738016833,4179.750087626625,0.0005608011162129148,-0.09310262642668454,396
1305,0.09488099620598976,1.4985707297358974,0.33328084168649486,0.03535870248641936,-0.012080250313509398,2.104828261785714,394.98240227450486,-8.405475720594275,1.406660504507531,3.908699956735178,-0.9040268429663426,393.48631559926054,4603.849146431435,0.0005749877892816113,-0.0014838668781715506,395
1306,0.09488106955892231,1.6883722505263936,0.8234456489744604,-0.04851944082370878,-0.04874215775680177,2.0292353064502135,643.7551234037795,-5.433791557414593,0.18654444030431994,5.954070966879153,1.0027700960872301,124.62191725933886,4039.6835402330034,0.0005757608935160405,-0.0014838668781715506,394
1307,0.09488887265916088,1.217637103037189,0.6565194380807406,0.004776063922125844,0.04766859042532785,1.5167746249502385,778.1907655944198,-6.533524512490563,1.0691704597750769,0.5471950652190801,0.3510226167053464,2666.0629007908574,1592.5760445913058,0.0006579983664924717,-0.013787416297580055,393
1308,0.09489860458278483,1.2967026130364767,0.502595126275331,-0.04649806426890954,-0.048612357041152944,1.400261315862665,680.364580239479,-0.9744441844110907,0.7000430158739106,4.126342048850757,-0.0937444657636061,1166.3914509995834,3009.3046506518667,0.0007605543809940281,-0.0063013866026451655,392
1309,0.09491117132234943,1.1700580131642204,0.3831349552295592,0.03581840090576323,0.04249665386333348,1.9307117444357507,774.7831562286026,-6.722561224924279,0.8889728319938004,2.6610576093455296,-0.7687382459478416,3062.4729264003013,2110.3579068933177,0.0008929684204553162,,391
1310,0.09491783028371452,1.7208734785114213,0.30111884642784553,-0.045918861447190144,-0.03089805845969857,1.3030745939292043,766.5848243199482,-0.5829274330769428,1.1217573939391101,1.4549160838962307,-0.059534282463498865,936.9823693958596,1303.0308546041097,0.0009631258917688311,-0.0014838668781715506,390
1311,0.09496296467209328,1.8097033113514915,0.17024213538710894,0.038609192816743146,-0.024619279119921074,1.0896850144408408,777.1007215312857,-0.11965760442570951,0.43304596252340394,5.617086453547,0.7521177815550146,1748.5921444213118,4018.654913303391,0.0014385229875449497,-0.0014838668781715506,389
1312,0.09496299141878019,1.2381057137067981,0.1862907530904703,0.017146218226391764,0.03337712464333672,1.3705062829962444,342.02743278560143,-1.1386000790815012,2.087565101438738,5.770645669261919,-0.3432441665232118,2739.668991428525,1434.3138453305803,0.0014388046413669198,-0.05147565138044434,388
1313,0.09497447385393336,1.8805246273294833,0.2845854133437743,0.00963712122542728,0.011869981823080774,0.9458061401228505,678.004488520544,-0.7540706929528876,0.9274260767029968,2.7536493697286293,-0.6113663187492376,971.4278142535877,3337.698725637534,0.0015597121742744122,-0.013787416297580055,387
1314,0.09497623993817014,1.040290990886629,0.23616853912664448,0.0160910393485483,0.009356536574384462,2.4112196728224156,367.477726883163,-2.2549392488151385,2.8396129725508494,1.5638473016301453,-0.06008735508202316,3453.805436343988,1814.6742510692734,0.0015783073582382873,-0.09310262642668454,386
1315,0.09499271371114708,1.2664129744815689,0.1551265019524688,-0.018268470971667738,0.003951735901410552,1.734361421762149,535.6913828850633,-2.887687473609275,2.875340886697908,1.1975050430206173,1.1081293858856964,1108.4848980743225,2643.221464803397,0.0017517438351188214,-0.0014838668781715506,385
1316,0.09499576722408877,1.4236493429651342,0.20661787371659004,0.007279029946959548,-0.037593010802090356,1.6861267194689087,651.0560343545702,-3.083169175128205,0.7906170241994714,5.253471065406591,1.2338371623643192,1954.256033019447,886.9047125369158,0.0017838880254533052,-0.013787416297580055,384
1317,0.09499697634842921,1.6148088833395233,0.649615258262378,-0.009264416763252091,-0.038325294946180755,1.5531594191238296,307.1468878002842,-6.85010902850443,2.171478136948551,2.6354114996879194,-0.9385788109275486,17.452907612508504,121.69326115789025,0.0017966161361906673,,383
1318,0.09500139977649068,1.5203014047932233,0.5793037384247451,-0.04163484388437174,-0.002015735684550329,1.7351243349333887,249.80053467966104,-4.515164264724243,1.5897789627584653,2.861754528010069,-0.4855553379276464,1303.4789718701138,4672.825863618793,0.0018431789348077876,-0.05147565138044434,382
1319,0.09503966307529571,1.7653148213753007,0.19002600741640407,0.0343743868811928,0.01395310689290443,1.9123419546985563,416.10121687909924,-1.509974111089513,2.8925735884092045,2.53757332422522,0.19142993279142892,3837.017394798047,1496.3471019855035,0.002245863478320592,-0.013787416297580055,381
1320,0.09504685924023831,1.3200781319159722,0.1471518415357793,-0.021711423904058842,0.023144099645576406,2.010800001865724,284.1978551704263,-0.8466565842522065,2.414453880484585,4.689145889765059,0.6492339705468542,989.1100967065502,694.0421034346678,0.002321578103984867,-0.0063013866026451655,380
1321,0.09506912951543216,1.319079180929587,0.16799707009223225,-0.041486143375610844,0.04601225022838235,1.3836796735602146,794.618182356872,-2.47646517448508,0.8841053396684609,4.707848573922608,-0.7137705146009896,145.8917183747908,1832.89364766764,0.002555859033660063,-0.013787416297580055,379
1322,0.09507866599812113,1.2577015093603559,0.4043624703960203,-0.001519911542612491,-0.026327736196698388,2.3264165108394077,759.380322378777,-3.716403058786166,2.770276597812203,3.4135699929326204,-0.22258039432239457,1508.3796773168813,2485.9191646800705,0.002656165036894448,-0.05147565138044434,378
1323,0.09508746670683617,1.749253182333812,0.17396630889031522,0.039131716615778585,0.014791153096234367,1.7766231971707993,674.2049404382349,-9.960409843248513,2.699260437020558,5.985891074005543,0.4964098643867501,2805.321096520589,4980.490172641604,0.002748723144886861,-0.0014838668781715506,377
1324,0.09512403354259677,1.320248573827187,0.25644069761729044,-0.00797908427926227,-0.03529811129374261,1.366366261702405,263.42977142969124,-2.691182104271961,1.8555589425249688,1.4469263045833518,0.16848887363419854,686.0431982891482,147.50756100127978,0.0031332092161134775,-0.0014838668781715506,376
1325,0.09512539594994443,1.6682748413144473,0.20653618494928522,0.04293747996364428,0.024983138733986686,2.92552879941701,674.4746984254962,-7.333957948909528,0.5310310130842515,0.8469877316191153,1.1250183528605824,928.5460365168221,3879.489934386143,0.003147531543936155,-0.0063013866026451655,375
1326,0.09512914058766284,1.8976904088478086,0.4823932794893721,0.0186194634681935,0.04048739414116012,1.5370969042129397,754.1992327389963,-4.846592266519307,2.2306164673430584,2.4372261083821654,-0.5251461308060054,3625.323608168327,2380.6329604118478,0.0031868960477880875,-0.0063013866026451655,374
1327,0.09513000011422745,1.509988291337761,0.5894797939413297,-0.03717647368192447,-0.03706786109660687,1.185554274855142,797.7741069017211,-2.838787285368147,1.4788489222876664,4.5279957672968285,0.7451958390598312,1451.7437692086116,415.506644930284,0.003195931372581007,-0.18152021181509076,373
1328,0.09515877636810638,1.3146490286031591,0.9356667690538535,0.023059225147809295,0.0442682254071625,1.8666360348108344,667.8708530692236,-2.305913540070818,1.283419040056777,1.737444856137782,-0.7609954342964939,171.27583043064186,4086.1719693478553,0.003498379626573074,-0.0014838668781715506,372
1329,0.09516335993220719,1.286883484363571,0.2014120587206351,0.040305501710266006,-0.03600938935865321,1.788552881420201,735.296868953509,-2.6662594480176525,1.565603585505921,4.145870255672054,-0.8320501048540843,3294.8097994792865,4492.348901036852,0.003546546005795577,-0.0014838668781715506,371
1330,0.09516815462763364,1.1037189611880671,0.2600518576488697,0.009699858678752536,-0.007009774844330312,1.454506049288635,516.6506613767175,-9.433386482492105,1.915041054149978,1.270860352913933,-0.6059559658098421,2455.418872117829,1196.6175960974215,0.0035969285757962953,-0.05147565138044434,370
1331,0.09517020870724299,1.3900219587862779,0.4546778526923477,0.04669695107126767,-0.012014892055564138,1.854329780208941,557.7162154051633,-1.8398675674586498,2.7386130323807465,1.954980629015711,0.17518870037769713,738.0139743456156,1930.8892190180302,0.003618512029345919,-0.0014838668781715506,369
1332,0.09518428520969315,1.392543519243286,0.4538274132779281,0.029921965781527105,-0.011242195620320333,1.1691541162452106,660.6536105197582,-6.858957501531672,0.8610846635131882,3.5043616910412094,-0.46539907160616245,1602.2607069554742,3474.6059496338617,0.003766409798236614,-0.0063013866026451655,368
1333,0.09520816511525555,1.6409271517440838,0.46582643430382537,-0.04096430334715525,0.03946664990620533,1.2334951406782477,772.7327275967948,-0.3610350625571563,2.400180782283953,4.8876041312297716,0.3083753184306884,1056.7826150342926,619.4352124813448,0.004017259090306688,-0.02684974113670431,367
1334,0.09521342473290766,1.2700616249364802,0.42807871163172356,-0.023488043046480854,-0.014557791349490153,0.8055489381922616,789.8751631381135,-2.380468245450999,2.901735467917282,4.207883981912319,0.10505726087564012,1727.8243433558664,2437.928057114436,0.004072500910887518,-0.02684974113670431,366
1335,0.09522400381955368,1.9415122856295273,0.17198989043448276,-0.010456093912556787,-0.029411824206529182,0.3771718883841847,704.1928305530006,-5.221653449942381,0.06647135409773286,5.649856431650061,0.8237716480826027,2244.4633802147387,3833.522601373692,0.004183603930212235,-0.18152021181509076,365
1336,0.09524247167020163,1.3066334299450333,0.1908356289838075,0.04801127638352101,-0.009962831210814543,1.792256796890233,702.1693295042946,-7.330787339218416,2.3168128949088116,5.653209996298497,0.6756203485789065,596.5142378733486,4484.8837621456105,0.004377526253361521,-0.0014838668781715506,364
1337,0.09524850853672248,1.4853212279804195,0.7021311264475278,-0.04851347101849043,0.009833808716678853,2.579759150023473,219.50213901175852,-2.977127745983293,2.401211510890082,4.3042513802953755,0.03034548587979819,3736.336677971325,1023.8760597694506,0.004440908430473067,-0.0014838668781715506,363
1338,0.09526645261700513,1.9252965296588282,0.5043350592199682,-0.04936315960117337,0.01426712368044832,1.717871234641971,792.9930214665166,-0.6565616717111681,1.1998847539213222,0.09706250860659027,0.0888892298463358,4091.312980493868,4536.638001690977,0.004629282931156647,-0.4902399467185491,362
1339,0.09526887329616379,1.5576385801585317,0.3245388279329768,0.04743908849946203,0.0250704934451391,1.5820783983099653,620.825836419534,-1.2337092148717796,1.2565533993324738,0.05070861617821709,-0.6229517462933903,1604.2464442755108,1295.9523689155924,0.004654692173778931,-0.02684974113670431,361
1340,0.09527718847595308,1.2885299027824335,0.16372020547456687,-0.019759497181869184,-0.043413978903595635,1.199767838564851,462.01321488686256,-0.8632332239035951,1.054232016289619,6.133986455701991,-0.8104563518802117,2845.1574491497176,1118.0531845696896,0.00474196954616668,-0.0063013866026451655,360
1341,0.09528475418879198,1.4689075368291702,0.29656571362672557,-0.04385294616253111,0.0434601648078717,1.1319773272067362,628.0033596351076,-4.407912980355502,1.1437085897448847,6.056420193307962,0.14801292895243937,2286.9279533329136,2218.7804847023604,0.0048213737832619175,-0.02684974113670431,359
1342,0.09529634704145226,1.0972517298793412,0.4905275838906327,-0.03498297632586287,-0.03151122834355652,1.589515034307445,397.4947301796418,-2.2705873980457985,2.0153976217387437,4.998253750761418,-0.5472264215746542,1573.2501362962432,840.4882176601354,0.004943031729415501,-0.02684974113670431,358
1343,0.09531329378185122,1.2270346912683436,0.17573478632744247,-0.035744739428200833,-0.003968869258905052,2.038472732801692,773.3547642638396,-2.70315637887477,3.020513597224432,4.331590796231679,0.5319617870842823,4676.3258365525535,3404.3379624431695,0.005120847923498838,-0.0014838668781715506,357
1344,0.09531484689027327,1.3425132583121029,0.2141942242613822,0.03837773377604806,0.007136716374792488,1.3572908484541524,754.3137808652759,-1.1752602201310722,2.063210580053212,4.995410452027613,-0.4870177310664919,4296.873411160033,4500.014506366318,0.00513714256308009,-0.013787416297580055,356
1345,0.09531567470144786,1.4402974385321123,0.5820303747794332,0.032018711403784816,0.04191467696543779,1.965696064098626,374.62452810084875,-5.63643654734817,2.0560589544979395,3.68191091425383,-0.8115399365072016,2921.8459487581513,758.5120198997702,0.005145827543543119,-0.013787416297580055,355
1346,0.09531892316171262,1.324296571059204,0.18816682896936818,0.013758032875557536,0.02909141203795231,1.4029279211362788,709.8998084349181,-6.1682801952811275,1.8083170735208556,2.512445354732659,-0.3843327944344206,4442.355338599446,1119.6502253608792,0.005179908033632982,-0.02684974113670431,354
1347,0.0953208154403713,1.051879295559138,0.7297845039654325,0.035159173934177876,0.0318753519880086,1.275839642075073,336.16271583506443,-0.47451429944102586,0.03948433689304462,5.442928446206714,-1.2126545154193158,2625.083760286159,3144.288032453867,0.0051997599141649364,,353
1348,0.09532487054589532,1.3124544196930645,0.17647529221859715,0.00888059493355189,0.039107243675062985,1.0279818415925996,563.084118844706,-5.0049208670679395,0.21912951925172114,4.7963000987647035,-0.19674777184330278,4254.050340588839,1226.0246358814718,0.005242300667197015,-0.02684974113670431,352
1349,0.0810632617793416,1.4211839967959403,0.14564826040321932,0.04118594707237239,0.0037035644290039165,2.3104792654658404,718.7459794397313,-4.447718338242621,0.49374547329114954,3.0072818309949265,-0.6350221949063163,1100.8498033554688,2409.4146843171775,0.005348167233517009,-0.013787416297580055,351
1350,0.06679880020449089,1.8024893989440325,0.7445554299690366,-5.5774985963274754e-05,0.016212137722025118,0.4780446339917824,705.2623234442531,-3.046936388701507,1.5281588780273065,6.2734818123298695,0.8044543122165758,993.3780095494058,4944.513722435928,0.005456549943083769,-0.0014838668781715506,500
1351,0.06680877856211208,1.0550157307420007,0.345832383674376,-0.04293920229144991,0.02169069940892901,2.1078584313557838,469.18362044292445,-6.517571229659706,2.0667366077214817,4.782966308874432,-0.6746337984254844,1711.134099334456,1031.9603246528468,0.005605918081287131,-0.013787416297580055,499
1352,0.06681311943606684,1.5991008872623922,0.45259178022960794,-0.04780566103262744,-0.04530647016407983,1.0826213989738078,761.8908896582552,-1.1731239228655208,1.588183510977456,0.04646035278993366,0.9388102493292445,1412.2324054854146,1784.685791640485,0.005670890574860976,-0.0014838668781715506,498
1353,0.06681454778669892,1.5590637106642837,0.4883938287123257,0.008530515600435202,0.017872826308797097,2.0423470767020704,774.1520060713889,-8.430950229600322,2.795971315677484,4.382082535231648,0.7641015206075592,3494.7786001474124,4558.259052085054,0.005692268642157994,0.005348167233517009,497
1354,0.0668187220462045,1.6818403625650598,0.4305945720922899,0.015521659391159792,0.044240951942304055,1.5278403302533297,255.80985125497628,-1.3346768427844307,2.853468522563746,0.2725737672419386,0.5760416657849916,1083.9522668723591,2222.831944533533,0.0057547419994945295,-0.09310262642668454,496
1355,0.06681979957110445,1.535587105548116,0.16839315265797214,-0.04691955968682902,0.00879363417555301,1.3769381693053038,95.78693698552202,-3.142349650305765,2.8917686025157714,4.571886012340381,-0.20448576458823908,3539.417843680348,3218.8839764141126,0.005770867962035242,-0.0063013866026451655,495
1356,0.06682126741925408,1.1777904897372278,0.2576547971183991,-0.007881538946666718,0.007261684394919754,1.5810536000508324,640.2758591105622,-9.816261830727967,1.5968331541264125,5.81161907139711,1.4782953153853886,2997.838365672352,331.9950353107683,0.005792834984276688,-0.0014838668781715506,494
1357,0.06682799876238989,1.3247831566654835,0.8265208262926912,0.0011362901079763014,-0.025387912912424187,2.467810215950907,346.1111463170284,-5.261479317824744,0.5330149431912913,1.2997953497337036,-0.07314178348960018,1273.6479360233777,4503.252468555632,0.005893566448585519,-0.0014838668781715506,493
1358,0.06683175696954888,1.087200037267892,0.45856731619636404,-0.03818307851380141,-0.011919224018166724,1.6803245830477274,542.594020520772,-8.881413436741466,0.11975303857942253,4.664350462210119,-0.6482127665933688,4242.397671644969,967.9022101230653,0.005949801882226949,-0.013787416297580055,492
1359,0.06683262589959528,1.0451397847653694,0.1572917413260086,-0.035089061068389826,-0.018415547681504774,1.0010231426727172,706.172979667169,-3.6190370379472583,0.9070649125908441,1.744356745679541,-0.3634508681787131,3831.581288245571,479.5694602722264,0.005962803551437128,-0.0014838668781715506,491
1360,0.0668354847822542,1.0985132297745774,0.4897590534953424,-0.03276616728940685,-0.03845618149758932,1.9675948688341114,105.85804241806503,-2.083906018834976,1.8380389248109834,0.9776642370226379,-1.0452259488048485,2739.130210276037,2330.4204864478484,0.0060055793883879716,-0.05147565138044434,490
1361,0.06684300132463633,1.0085807593850034,0.18991012225296433,-0.020052176536542125,-0.04675620453354309,1.371497944943785,683.3293426349599,-2.5295199638163446,3.0023729488610047,3.4334342312236483,-0.5442742433380854,293.7799461013458,1276.6816701179914,0.006118036412892519,-0.0063013866026451655,489
1362,0.06685146563364158,1.5003491078742155,0.14092400091244764,0.030369008642931152,-0.000351360593696472,1.5335188833434341,760.595082608164,-8.918078442704052,2.3032861231090878,3.1738945478720573,0.4606196180222227,4164.16740751393,4720.427042731867,0.006244658093080724,-0.0014838668781715506,488
1363,0.06685849063697061,1.1603502965328731,0.1872491753457204,-0.01642659883402399,-0.027150764865888518,0.381712316791842,402.14175856174825,-9.387858104408904,0.5625460958018805,6.202448859317108,0.38573007826423533,3942.315079580426,261.57073075584987,0.006349736331540623,0.005348167233517009,487
1364,0.06685948946404192,1.2362887170234482,0.40161610548184656,0.026975740616549584,0.04405580257306472,1.1760020745162862,641.0737315207161,-9.46918315606203,1.5039592990966366,3.564008407053665,-0.1958643515643894,3645.187755239344,1102.0586252568398,0.00636467563990796,-0.0014838668781715506,486
1365,0.06687046605138133,1.724207056077699,0.4720431334147272,-0.02047218931446588,0.04158571413248385,1.6776642150562189,696.1174008334716,-5.663811302916804,1.0507184154179394,1.7861597981731954,0.014515751688667871,2933.1157895740816,4507.968401603688,0.006528836127654166,-0.0014838668781715506,485
1366,0.06687854650579374,1.2463233056221203,0.25000502766531774,-0.008464750741862202,0.01947442084602826,1.4697115852541864,265.2292099607723,-2.785210533588923,1.4078333597770818,3.004596627272067,0.03718611623399873,3326.7030107327955,1497.2329635119488,0.006649666244770536,-0.0014838668781715506,484
1367,0.06688248250420609,1.4987359214090217,0.8392728403711074,0.006624852348682622,-0.013559654557240614,0.9938901702210624,633.9301835691942,-3.3656953638261085,0.7045353730180856,2.644941292944503,-0.8766382248072618,1629.4278232749798,4983.0148660613,0.006708517442950479,-0.013787416297580055,483
1368,0.06689177568581813,1.5043590708970545,0.19057344548754415,0.0014601160977671065,-0.016259395897422677,1.1666059509009432,210.41951032912047,-0.41958398073659864,0.7861638146948979,6.001223491078781,0.9004549715942513,1450.305119247477,1461.5809727487813,0.0068474557073520265,0.005348167233517009,482
1369,0.06689807487277143,1.5592726598147637,0.19532326981392628,-0.029416322428069915,-0.03571792459243369,1.2600162424703791,476.1095523427191,-2.9867574196988165,3.0173619983387567,3.420491230861347,-0.9829717568450922,1199.9752284485016,2117.8111124391794,0.0069416211008391515,-0.0063013866026451655,481
1370,0.0668991597737212,1.9941964886237298,0.8458715006766704,-0.03280644428267419,-0.0058851416810885016,1.4283115734955194,737.162742589677,-0.940966223953098,0.7505214120810344,1.174143219665868,0.21004388981455258,596.4283937314095,791.2687522192658,0.006957838191636163,-0.013787416297580055,480
1371,0.06690229912366456,1.043924032309561,0.887266925197954,-0.022510202312320378,-0.005234179965572778,1.5902074990750992,718.8597111405296,-3.7901589146509878,0.07452432805015796,3.0763440181910804,-1.4334604325661702,390.9220748566094,3640.739746964057,0.0070047636880624115,-0.18152021181509076,479
1372,0.06690241141915489,1.3767373884183223,0.968649016543952,-0.01795264554960587,0.03620522962834954,1.8026806149155545,329.6122928018381,-4.074888446901452,0.03152100999129365,1.1142593727501795,1.2727961132156005,1396.8640233808044,3289.7131301666313,0.007006442186296896,-0.0063013866026451655,478
1373,0.06691127280094256,1.4361467864740889,0.8706537390826457,-0.002709839949678307,-0.038298931477139045,2.205063111279425,616.9618911028824,-7.7293103891633095,0.38790953284644436,3.589425052638877,-1.2432029996551024,3796.545596082512,1422.6290527358572,0.007138885767924319,0.005348167233517009,477
1374,0.06692123564910557,1.9523568360524444,0.8730485987579703,0.024812298633627175,-0.017267124271939237,1.6055651641387951,750.9260411961847,-1.583558785006316,2.449262379574862,0.7847967703149343,0.16053852994603074,3393.905495527633,1887.9005091204267,0.007287771091830361,0.005348167233517009,476
1375,0.06692130883774795,1.2597574462256034,0.1823588815880301,-0.010580412886814005,-0.038487780731130135,1.026449539541912,588.5100498393939,-1.147891871254859,3.0223301900717074,2.1697999814804265,-0.3695278132692364,4535.582297335964,997.3697122617809,0.007288864744682322,0.005348167233517009,475
1376,0.06693210094113897,1.8705689447972964,0.12913945986749228,-0.038920476944485236,-0.020715870239637037,1.5510317726212353,398.8766166755036,-9.248592561650863,0.3315770696259141,4.049472431561579,0.017386873922174296,1111.6453615749283,2203.4478007210064,0.00745011731841181,-0.013787416297580055,474
1377,0.066937133241529,1.1843389308993146,0.20951427636972228,-0.03274673531275717,-0.022623115946586277,1.2294866637930706,606.92955503106,-3.624650191653058,2.1715203661258413,4.848321083825708,-0.48209531351777385,4232.177695910454,315.8799666446667,0.007525299647272769,0.005348167233517009,473
1378,0.0669560780843776,1.1958246271040964,0.631684446498784,0.003855851982391044,-0.04968880757321248,1.7083966399014006,529.1157828664184,-5.96996155396554,2.9265771812978882,0.17076666018402684,-0.15759719231091412,4633.024126164764,273.8131015167422,0.007808284016419663,,472
1379,0.06696146519532949,1.5726174869918077,0.9757608436465711,-0.03722702091458481,-0.000643285855794481,1.2691642960637786,297.32138657363896,-5.655688804244115,1.4370540988948406,0.6570676132060327,-0.3604103707747275,4414.362081215884,353.7095504421935,0.007888738164927078,0.005348167233517009,471
1380,0.06696440934332383,1.975711819253823,0.2610433948608543,0.025987060135667272,-0.008558904177053475,1.7749935405063997,241.03555263558107,-6.458296664685278,0.4590815262319533,5.289664567242477,-0.30834696623857216,4073.357658873857,929.5285416922782,0.007932704993743156,-0.0014838668781715506,470
1381,0.06696640546353083,1.3049920011334122,0.1744589124537369,0.007310606215376809,-0.01200698131944609,0.571442871823632,725.8325848250709,-4.346177061061031,1.505413682151005,3.3031771682456212,-0.6709003063224004,1586.8574339155136,4226.187449038069,0.007962513222864356,0.005348167233517009,469
1382,0.06696678356629807,1.6905655431343867,0.20677077707882022,0.009717619469931202,-0.04244496108976079,1.5718688503576081,732.8338994878256,-9.061063885406968,1.757840869369798,0.9254394678388398,1.2358819412759976,3962.5900750366513,3405.8575625300073,0.007968159362750124,-0.013787416297580055,468
1383,0.06697622565009811,1.2767992816134675,0.19645416209667624,-0.01448643899827212,-0.02025176592753694,1.7379502077000775,449.41309487761083,-8.227194225478314,3.0145797485189156,5.107645522812896,0.8545744281201698,1199.2528005929084,2828.264726817012,0.00810914594905135,0.005348167233517009,467
1384,0.06698404054582892,1.703758027759936,0.5710777146690077,-0.035327351372368115,-0.02008243507136087,1.4320446971729872,144.19526508342926,-3.4049314771263437,1.469640820628559,1.31193034534981,0.36749641275353645,152.13191236247997,1106.8333461453583,0.008225820780517645,-0.09310262642668454,466
1385,0.066989781607085,1.661790356662122,0.1322516168493104,0.0003129110105736145,-0.02194359301049669,0.5371634608712251,721.3241156434689,-0.34034119099432414,1.9045116739304964,4.250141632386144,-0.008366525094796103,2600.9769418374512,2324.8825880681948,0.008311525004943865,-0.0014838668781715506,465
1386,0.06699222280352356,1.3976643326000726,0.29632763911783694,0.025950746100299463,0.005113913773190026,1.8225589192424763,194.84314882312808,-4.305281823338697,1.62610961995286,1.3545622219477713,-0.44656147920691963,2810.998441057725,4811.245158746863,0.008347965666526846,-0.013787416297580055,464
1387,0.06701815933963749,1.342878563946686,0.2956949220974485,-0.038641159334367896,-0.02472476886176658,1.450726294268006,767.2333635306543,-1.7440448350148952,2.389848357304599,4.59350687768939,0.3859334052178797,4701.464215258166,4205.79889591571,0.00873504815997811,,463
1388,0.06702444474464005,1.4434795047578055,0.33672808362513,-0.033287390582947475,-0.02344964622110244,2.0225165463062615,509.9616410314585,-3.5847323521444174,0.5214973326959274,5.478632403408379,0.44607501546718487,647.5102194103015,1970.294138513596,0.008828830357776152,-0.02684974113670431,462
1389,0.06702706665774048,1.7815491333479556,0.15598904735336652,0.023412342535364297,0.028057001020447555,1.3894046236992665,476.6356335860454,-2.8897194177829384,1.2193565464596756,3.7694049843834745,-1.1664325123638006,143.44334581464213,2134.6040648364997,0.008867948351740595,-0.0014838668781715506,461
1390,0.06704327179152123,1.2734962365036462,0.3915634820367253,-0.03432471741565855,-0.005108231870310059,2.393192015416935,749.4393434583259,-6.177641469007768,2.2168301050492394,1.5841963679354958,-0.09494180014190806,4346.312973850715,4669.013551769704,0.009109689128227003,0.005348167233517009,460
1391,0.06706210247392266,1.836802042264106,0.2107234694125369,0.021234342355010028,-0.014002744106160451,1.2893962897067226,792.4504851909293,-7.286427295090591,0.5283696346937307,4.0996775423540255,1.1432468840473078,1756.3370807008973,1246.1077719448087,0.009390523250236454,-0.013787416297580055,459
1392,0.06707225439885922,1.3232856192138303,0.4870070846534455,0.014274825950907968,0.034449481732389466,0.8955246274476049,567.0137285618895,-9.213311385741852,1.8012718561268442,0.7594492866927959,-0.22701811639401445,1077.8305719067982,3541.11716762707,0.00954189274563988,-0.0014838668781715506,458
1393,0.06707438004395093,1.8427875920706362,0.20039531083201007,0.04297902193894146,-0.03716815444924673,1.2528198870312197,421.45063219245793,-0.043558345632806805,2.006413682114429,4.736084192066802,-0.1014308119638119,1291.5272749622663,3303.8826730835112,0.00957358411237825,,457
1394,0.06708098539861583,1.4463686222170895,0.9673362149385132,0.0035904838852545127,0.041852168258551585,1.5226942071867913,443.82371658156313,-0.30685064944588625,2.613430662611407,0.9423651023520992,1.2229033461552672,447.04905226562244,3160.1237540591333,0.009672057321349625,-0.02684974113670431,456
1395,0.06711831917636507,1.4952663795742736,0.15845844061823072,-0.016562616765545244,0.008445543195049624,2.0884925747946275,779.0040884337418,-8.265069393337876,1.6392100631159887,5.632997820205631,0.19103110395201878,3345.2698179274803,322.54954623118067,0.010228450349357064,-0.0014838668781715506,455
1396,0.06712009207114229,1.9477352614363412,0.29141455370943037,0.045248512269422184,-0.03730840985379595,1.340265390050881,738.2614065043482,-5.955399847331653,0.21866116893981177,3.648317281425266,-0.18312222197702901,4943.4015926674665,1221.0103413021247,0.010254864469747705,-0.0063013866026451655,454
1397,0.06712759159562741,1.4693747639185297,0.27397965381193773,-0.01451938458710065,-0.03235430479268905,0.6084458135359903,784.9610891911833,-0.20927434195064776,2.9919901369915776,4.058663932168087,0.24501498463292312,896.0751429585347,2833.9434353437487,0.010366591157150218,-0.0014838668781715506,453
1398,0.06714695874250158,1.324679909041445,0.2628089589147662,0.04913238782939604,-0.04857003772103975,1.3805944675281088,570.4166769343803,-3.2483559717398767,0.7197095716161018,5.221163439014775,-1.0627677942890799,4620.0971532729645,4173.100719109863,0.010655062009716249,-0.05147565138044434,452
1399,0.06716116247961453,1.4846357879147072,0.14510082352202686,0.04114395448308728,0.0155303313573142,1.4703545756832153,765.9243289462345,-8.978949729565004,1.031270331906589,1.2256235197310097,0.8100739167120635,4332.19027114738,2368.1731959924336,0.010866571738716656,-0.18152021181509076,451
1400,0.06716272431445781,1.8076556942204791,0.3543915313521895,-0.0012002612105696368,-0.03345895567875415,1.4113946156983905,595.5208030760296,-6.229806695005204,1.4662495750551832,5.760388694705774,1.200434789779758,4888.049739695982,1487.8487722938391,0.010889826498332915,-0.0014838668781715506,450
1401,0.06716300122925484,1.1017834128273678,0.46270783147972677,-0.001642891480160614,0.04137686023100134,0.6512881145079591,382.4125787879503,-0.6714423826235947,0.12438439909261467,6.091533211940191,0.8923139671205056,4240.686963738238,4398.013041876382,0.010893949532819532,-0.013787416297580055,449
1402,0.06717093395362844,1.755023962894443,0.17836020729948898,-0.046795924023124345,-0.006146044806502627,1.6037429041805398,791.1856458003382,-5.012108120059948,2.695230122533965,1.751233079443479,-0.9514257166604475,797.6285039029294,1474.1835850369796,0.011012054081312131,0.005348167233517009,448
1403,0.06717742981628866,1.5866914803526266,0.20018084484555068,0.04988932892626364,-0.0001340000565562417,2.962762153534862,783.9677366840031,-6.406625668891481,2.3970232471481,0.5077766912295137,0.37095916992362127,1930.1643762367755,3804.938585102123,0.011108755856911734,0.005348167233517009,447
1404,0.06717797675061306,1.8132838915732954,0.21100965468176333,-0.0017854605510312857,-0.03850293745802473,0.8406189258967661,486.99979182831015,-8.510654035403261,0.5567952940837755,0.8383946176235102,0.20388981388445013,2805.208280496177,1477.1839746252185,0.01111689746193556,-0.0014838668781715506,446
1405,0.06718793916721984,1.6001570090635295,0.15238919031777087,0.049942384511141295,0.011747118577569347,2.85819014607751,753.322204737906,-6.662702390097395,2.4432118047884237,0.17902675776172822,0.8306435241930287,1590.7574418069282,4172.945040078003,0.011265185315434634,-0.05147565138044434,445
1406,0.06719172169080652,1.6863482610724643,0.20682108163762972,0.029019819230599053,-0.032149102214127465,0.8792785417763395,555.1861102036731,-0.5149189616776518,0.46516467958923907,0.5550438846020243,0.745941731537097,2792.918238982625,353.01967846008614,0.01132148138825606,-0.0014838668781715506,444
1407,0.06720012374895218,1.8251912769037244,0.41104185741992555,0.009305214137901552,-0.025338091028064513,1.9181666875860577,668.0571158297404,-6.688857339777104,0.9399128712935912,4.101298521697731,-0.11873826793488738,1232.3130452485543,3436.0878034961156,0.011446519602157798,0.005348167233517009,443
1408,0.06720438644467212,1.361532967413361,0.29628359784118824,0.012849247801233277,0.027620958381555257,1.7173330205999966,758.2423792975361,-9.919746480095533,3.059581968932137,5.068139639187978,-0.9472897891579845,1770.3518144264494,1765.792089271194,0.011509950445523665,-0.0014838668781715506,442
1409,0.06721491658563396,1.3042176339401241,0.48056629243354165,-0.04172770588956015,0.005841628909184531,0.6762245898959235,491.19885842663695,-0.4318089820327996,0.4817268854983086,0.2645623734692849,0.3419448478654475,488.6867530592142,1745.4581345450608,0.011666626469652552,-0.0014838668781715506,441
1410,0.06721510829642137,1.4719886375501485,0.15246701063177595,-0.005242669202588343,0.024506047807533893,1.2771609573629328,381.0519846992398,-1.7040258762981555,2.65061228176031,2.994027742141422,0.9737666359599009,3230.665804701657,1411.0396719872479,0.011669478671624267,-0.0014838668781715506,440
1411,0.06722061005093061,1.758758583546985,0.23612671380552389,0.022322694703645424,0.0007128576111100252,1.5000119691009177,597.3894397019669,-9.590876707560387,1.3909452445924901,0.6037145499709456,-0.1975339087346644,987.0842948754649,2799.6150383449817,0.01175132826606011,-0.013787416297580055,439
1412,0.0672330417167261,1.7307016396289143,0.5006707436988994,0.00956840829304164,0.028279946679223608,1.8862667485722309,377.20020326404926,-0.9174673713062325,2.745019011901265,2.0949493391539287,-0.6329620080736431,591.5810147789881,332.98823139502986,0.011936249473734867,-0.4902399467185491,438
1413,0.06724681576809717,1.5887191341926554,0.3509878647644203,-0.03142127546555433,0.02739904781548295,0.41037655994961586,493.74014879571575,-7.732167140504239,2.98710496378445,1.9262900488955221,-0.38220202239621803,4559.971799008141,3157.026719985434,0.012141098760128921,-0.0014838668781715506,437
1414,0.0672532832529633,1.6095626137130639,0.20298743522950968,-0.02227994999114293,0.021624328158953675,2.4214456157588464,737.2737850026448,-4.9202243382134006,0.7859412879928076,2.5319945793194965,-0.4747873025706428,1027.0246985884014,1426.8718431140094,0.012237269468019618,0.005348167233517009,436
1415,0.06725795925541975,1.1306336594056259,0.9039112937440394,-0.02443968290013757,-0.016319457625590898,1.3186799423560338,615.4083143594122,-6.893542151778535,2.992842014020344,4.851288172764001,0.6027384215657232,30.780480808067747,3435.1998787224406,0.012306795291607546,-0.0014838668781715506,435
1416,0.06726254945430879,1.510799087416855,0.20669720739103117,-0.02859839914353902,0.03658331257608566,2.2605486052947446,616.9834003738016,-3.220106405036219,1.1227168535442371,5.124103850491212,-0.5956895003816779,2309.6619522456476,2098.6809354213156,0.01237504063111805,-0.013787416297580055,434
1417,0.06726298802745707,1.5179608378442369,0.46668441755169104,-0.020998987559978456,-0.0144344559237767,1.132452283922056,644.6085062972035,-1.1943544301795819,1.0822526981584517,2.322297546709264,-0.7249658751237748,2767.110758032696,630.6537981573628,0.01238156092691322,-0.0014838668781715506,433
1418,0.06726338704805211,1.1517943077936306,0.5878900423891501,-0.04322657317679622,0.025491407147236328,1.3175047972640546,320.6015801697896,-5.613257703796481,1.4750808327282143,0.34545153651257954,0.9480480530912877,392.2328795163091,846.9950264594163,0.012387493155401552,-0.09310262642668454,432
1419,0.06726857233247958,1.7988253524190563,0.18275426721473564,0.0472283616695147,0.04124747298645817,1.1795472713025887,519.2576683321441,-8.272949261537924,0.7147168058247497,5.069697095437457,0.8619032642357486,3549.766863447827,672.072273613332,0.012464579439622314,-0.0014838668781715506,431
1420,0.06727987137992912,1.985771101222289,0.42669150947610635,-0.013522680654468586,0.02059583034756211,1.5057121718956883,709.94445284631,-6.85771934919636,2.473208781690685,4.756707748840272,1.0275546413077024,599.8569015225135,1123.6963908723546,0.012632534521986372,-0.09310262642668454,430
1421,0.0672826810397702,1.8130908238400725,0.7569226267653144,-0.03126888721040061,0.0018855703767753508,1.6686675316295556,567.6764498637556,-6.89666840948217,1.498364397544471,5.177207820191131,0.7279212318316103,1018.2656049592516,3989.479799100043,0.012674294428958038,0.005348167233517009,429
1422,0.06728569100686073,1.9526440189994543,0.1671783815961421,0.031121862472524024,0.019976247529559284,1.3804535971141911,244.38588190467695,-1.4541478261846985,2.272864517300122,1.392175545627742,0.40339691053087356,3733.7029556141724,827.9040472749297,0.012719029563210707,0.005348167233517009,428
1423,0.06728944474574586,1.3351164335081138,0.40171324778982037,-0.031112987160188708,0.004724531793443499,2.2836666060845583,798.32577886392,-7.173869112762031,0.8843967052965003,3.1881727480809,-0.3082250194112784,702.3255779121355,3986.729144374529,0.01277481607785974,-0.02684974113670431,427
1424,0.06729216289717778,1.7609727338266632,0.4667890082741897,0.02405563603650321,-0.0460539310843866,2.925253195828405,276.3926082033664,-2.8857840567873927,0.5554909817693386,1.5073562537406409,0.13921325669416668,1733.5855173255854,668.4394454895893,0.012815210177456432,,426
1425,0.06729497494428122,1.7538930646112172,0.31061164656846807,-0.04459157446239168,0.015573256072594358,1.2834107745793755,561.7309835568568,-1.8997182431194901,2.8236817100125595,0.4903335794247585,0.31454055557474103,933.7425123568106,1819.8497650468767,0.012856997931416585,0.005348167233517009,425
1426,0.06729512591075835,1.350486814368066,0.49558979819517046,-0.03469324518547104,-0.009471360060086774,0.7852445302503275,693.8176126557726,-1.1607697967469257,0.6512261897404531,0.855396712953551,-0.055595716932346946,4477.150565570426,1868.4200719435191,0.01285924128333904,-0.0063013866026451655,424
1427,0.06731137123125659,1.0715182926424003,0.2731408674640797,-0.036627775756166485,-0.04539264905486548,1.0385693229327997,611.9287230489551,-4.553804626471727,2.2215044174660807,4.680037891997854,-0.6642125939092173,2756.22069737471,427.94885540621294,0.01310061626780712,-0.02684974113670431,423
1428,0.06731412285839089,1.6934323909521403,0.5924371773290171,-0.0197079181830402,0.007349195036228567,1.4642950677637323,165.66210919962785,-1.4248719450449991,1.5472163937042815,1.750180464779041,-0.38634288021012636,3239.3421303465725,3163.751399549262,0.013141494515286081,0.005348167233517009,422
1429,0.06731511411560397,1.7507017740793822,0.14685074924199212,-0.022229240050380916,-0.006063642723625637,1.7850585568743,522.6691756792944,-7.522448943400377,1.9633050187977468,0.23326075397398913,0.3626003975424962,1795.8074209119477,3057.5784872318222,0.013156220249975398,-0.0063013866026451655,421
1430,0.06735085822695089,1.5374689328109281,0.9493708856800963,0.005283497350252888,-0.030803165193164304,1.1091845569755814,501.5305541316646,-5.901892487405251,0.4211008367273018,4.828199551485726,-0.3658367713987095,3696.735497308513,4238.907168633552,0.013687076138267223,-0.0014838668781715506,420
1431,0.06735778959361123,1.6147681624422667,0.20407403844372654,0.022123978779681756,0.010150919347398502,2.173195762345028,469.9046028436832,-4.890913482088811,1.3528695291049666,2.9857615055892714,-1.328998225326223,4855.672935295138,3632.908000426752,0.013789985146326289,-0.0063013866026451655,419
1432,0.06737182359650142,1.4458510481227338,0.7553385722941093,-0.04606146214417333,-0.024574504790794788,2.1830599172899823,689.8032708375745,-2.2868272622797727,2.1842098348562917,4.888043514462625,-0.010190641547635852,3597.241570775383,1696.6806916346063,0.01399831355478559,-0.0063013866026451655,418
1433,0.06737214689201082,1.7129700033156983,0.15532848793799872,-0.03588017614731102,0.03947233296807127,1.9388025032208942,409.9505051906052,-5.751773438002073,2.0296939295488956,5.271948574235981,-0.19769543291764935,3762.5279007974705,1972.8515591009357,0.014003112218639924,-0.013787416297580055,417
1434,0.06737429660935472,1.4166076686359896,0.30414116038238775,-0.022289272354697468,0.02215954552521866,2.036269032767716,759.9389499148039,-4.404182030022062,2.0202095779892306,1.6796113123815786,0.4028385853205402,3235.7769179182524,2826.9591817085025,0.014035019811731005,0.005348167233517009,416
1435,0.06738396930301906,1.6562725275201062,0.14711940416446187,-0.030772052907633192,-0.04467289576795203,1.7733306928928556,585.2399044564769,-5.037089589978644,0.5295337508300698,4.59383805936112,-0.531507354271778,243.93955769417374,4087.252996287062,0.014178576032470136,0.005348167233517009,415
1436,0.06739020931444584,1.3239229627680793,0.3617866115441966,0.01673531470932433,0.010353807050674632,1.6803573127883136,321.19039541922285,-2.965171842567713,1.6123945739577807,1.2121481459519023,-0.048256118154463644,4252.881157730213,4940.334592874099,0.014271175542221182,-0.0063013866026451655,414
1437,0.06741501372311066,1.0210579815037066,0.9912640357673405,-0.03890586015719454,0.020434597020121167,2.0580789056990674,270.0558536168758,-7.122580151142581,2.692657227708977,4.366255036203708,-0.16449457464796238,1079.8108400134975,377.89565698071226,0.014639179220117801,-0.0063013866026451655,413
1438,0.06743425365639849,1.9914096529722598,0.6213868068398684,-0.03223419925363413,-0.03501486700649151,2.3125884832098214,618.7923437775785,-6.215273351465016,2.54746003415672,1.7633003267877736,0.1519450052753331,3137.8522860919365,148.7186637277058,0.014924533880081026,-0.09310262642668454,412
1439,0.06744148708054447,1.3391642057369346,0.9609415464690365,-0.029690053775163695,0.04672557731023473,1.5638551951056998,244.83459318292196,-0.6296752264711691,0.8358372141126361,3.790638764476521,1.0627515513881947,648.9996008316184,1620.6128885768396,0.015031794446199245,0.005348167233517009,411
1440,0.06744714259561997,1.2689931535673176,0.305518836669107,-0.002123532884706982,0.015451110795233083,2.4245282491423215,680.1537942494431,-7.076102124480108,1.396902647697491,1.2306435595497789,0.3055036669079518,3572.651816027919,1669.4330945300626,0.015115649031857574,-0.013787416297580055,410
1441,0.06744872464209228,1.1628032797157575,0.45295015399783456,0.03608629080862466,-0.0065377533628313885,1.681793287914461,658.0240674005987,-6.080309073340385,0.9900258919619299,1.606469789378163,-0.24813057799146618,3213.5608462810724,2920.9658348148855,0.015139104850199245,0.005348167233517009,409
1442,0.06744882496879989,1.917857283321302,0.9056107957870443,-0.018208218387731505,0.013374462644717686,1.6846958026823187,733.2858035429551,-0.6242593802228633,0.9411774735875037,0.36886146234047884,1.2572087161634409,1579.0059794602796,4053.2704289800927,0.0151405923005574,,408
1443,0.06749518835948995,1.1130538726290355,0.3977196761854582,-0.003182353460870969,-0.04508963351006319,2.0089552743760533,592.5977601642761,-9.421961308562192,0.07772781226546331,0.741399777675355,-0.8006916122860536,3412.8093870966622,690.2931637449925,0.015827742346938845,0.005348167233517009,407
1444,0.06749828802987858,1.8054975377761906,0.4046821940819778,0.004581717230501357,-0.015067352516010948,1.8313215905027527,557.5907601351608,-3.173121910152257,2.713848990996233,0.5937430099100764,-0.06907897490973489,3587.4403897296115,344.7073309432328,0.015873665608973936,-0.013787416297580055,406
1445,0.0675053825321193,1.4771614992610858,0.4576638629055606,0.01203439024299441,0.018802698366157555,2.624477056303202,93.07772409234802,-1.5133924117848758,1.2472417356411774,2.8551605280324917,-0.6082763697847768,2300.3630179968272,570.3555440211246,0.01597876648833263,-0.0014838668781715506,405
1446,0.06752176445510595,1.5816125037941813,0.19879534368243007,-0.0033222874164964104,0.026476800953087395,1.4065460795694549,477.80252671323524,-3.0499745573643624,2.548808702456888,3.65176233779734,0.5257088323317309,3226.48779153357,653.6780164982606,0.016221412851405603,0.005348167233517009,404
1447,0.06753322282520907,1.7636941084983138,0.5985102833387659,0.04749545019311319,-0.045528963899937165,1.5106219637709537,754.6920545256063,-2.357488956153663,1.9109557169058564,4.4564037903861715,0.7858881902077021,4299.490228343053,2123.759929066158,0.016391097368259444,-0.0063013866026451655,403
1448,0.06753548435232759,1.349338046812562,0.5176034519443927,-0.01394870784107134,0.0315638208640914,1.4992072847892763,445.68449024278647,-6.193125242969785,2.093245261273448,1.1426601091395578,-1.1139866346702814,2424.7953428201586,1726.0823864463734,0.016424584430739603,-0.09310262642668454,402
1449,0.06755812961231447,1.251813891868593,0.23534443504329225,0.03579590186618431,0.03854829835362236,0.4559716580958239,562.1603832699973,-3.7004022040614912,0.5936048593548271,1.778259985247641,0.4084921336536516,1790.5687365549518,843.6027241777631,0.016759837290371893,0.005348167233517009,401
1450,0.06756556323719022,1.1883450873625858,0.3624558855052916,-0.01271825643860505,0.006416870961451272,2.6102846488935283,649.3462473873572,-6.943458367321243,1.8335181907892542,2.1616568794409385,0.09353884609615673,4100.342407797013,693.188556395721,0.01686986425493775,0.005348167233517009,400
1451,0.06756794586849403,1.4427471562376657,0.2069980656236483,-0.015974098882133143,-0.045434421722030265,1.8792515625286,548.1343975141922,-2.9936547458642058,0.5909433915825782,5.027198027335855,-0.7095192133852488,254.597751342215,3465.705303862133,0.016905127622574817,-0.02684974113670431,399
1452,0.06757406855857859,1.1325589138083179,0.8990801537293038,0.048541977574441036,-0.045264736212938826,1.305754974331152,445.44370389948085,-9.71817354922227,0.6992553869813942,5.780533805981515,-1.0463093274196233,4203.312769505894,4226.345159110999,0.01699573882314387,-0.09310262642668454,398
1453,0.06757596707290316,1.5854121804780315,0.39118698923315115,-0.04259936922548924,0.026458373554028507,1.1922257063139516,780.3369332712562,-0.1694782318141308,2.2606627715907157,2.2741753075847737,-0.290590451550911,2473.4881607884035,2638.343943198711,0.017023833737296892,-0.013787416297580055,397
1454,0.0675789669010218,1.4432390828217736,0.4086354747326046,-0.001694912988174028,-0.03197103850119047,0.3176699906145401,231.69645789244387,-1.7073639664380587,1.3902230204036148,2.461836917716133,-0.3710957116371519,3634.194072985338,2415.5632043720916,0.017068224689716915,0.005348167233517009,396
1455,0.06758673088181781,1.8380017679157958,0.2256481317738057,-0.010499269462405503,-0.013138401747567918,1.7291115219504338,630.7968313538477,-1.7028667518515033,0.8853341588307437,4.245669511417295,0.8132365019227981,3488.263185653138,1439.4978044669124,0.017183105623699638,-0.0063013866026451655,395
1456,0.06759770086414585,1.4305263819302263,0.18404895736927684,0.005456853543487961,0.002560932973102297,1.576626514576785,189.1358898832437,-5.3683051750830835,1.7754398667778062,0.06703856007149289,-0.36276757730723974,3431.533157616722,3822.2025854065123,0.017345402157516565,-0.0063013866026451655,394
1457,0.06759783470056921,1.8492098714476561,0.49068705560165893,0.0499572008591792,-0.04313246008504731,1.4571719830107415,525.0725154707723,-0.921353014878931,0.8867890325580979,5.347565265956247,0.5812169650946271,2175.7181984214753,692.5528765651948,0.017347382051689314,0.005348167233517009,393
1458,0.06759834602884124,1.2697308366041007,0.7481691704232046,0.007960057533750158,0.04432251196938145,0.3196665877658174,342.6404834147941,-1.5710741544449334,1.8436814530041896,0.9268205533210617,0.9650821670933137,2780.089928561845,4908.971821594757,0.017354946293080875,-0.0014838668781715506,392
1459,0.06762813771513994,1.7235820686123589,0.247087084379007,0.02182803023734602,-0.048240070249568466,1.0638768084265195,603.0523376130345,-4.985981963423816,0.8605097120046619,4.288085012092121,-0.39346858871756246,1956.5639132896806,3607.6489059207706,0.01779556540780894,0.005348167233517009,391
1460,0.06763122085130638,1.0151946569761925,0.7879486987841199,0.010416624405453705,-0.041960502469556044,1.1860593347588517,743.3922491099279,-0.7424982187778011,0.6305952723558943,3.7027894441756097,1.3118196257303945,1906.7846181097125,3522.012274866014,0.017841153915683576,-0.0063013866026451655,390
1461,0.06763876658225217,1.8137399827516099,0.4426418479146288,0.004952685771826067,0.02280751271622842,1.9870012300131357,566.9269106904543,-9.820412226923368,1.455123677505,1.16206116098728,0.7208894549437214,3129.983952522865,3197.7229574530024,0.017952719401858483,-0.09310262642668454,389
1462,0.0676553429535476,1.2465536871236744,0.577069567197144,-0.04880855480740373,0.025172381237738472,0.9219954638481126,770.0648843458467,-0.45464685428610846,2.645217849128553,3.759699453555253,-1.2453255618306807,523.8307771549435,1683.2310449718316,0.018197761428216788,0.005348167233517009,388
1463,0.06767103818810347,1.5666110642435636,0.21182518332591563,-0.020249586346258345,0.011382894334674362,2.314742326220018,760.5334344224731,-8.341064162141976,1.841715197742274,5.24516290542983,0.22316533362299648,3358.147102725437,889.4835172962134,0.018429722624448808,0.005348167233517009,387
1464,0.06768181362650544,1.3782224784431976,0.16408172018999564,0.04055909637960719,-0.03194930137615231,0.6362965042423364,408.9500101983333,-0.5135391393732485,2.091066205330266,6.113644764742373,0.3217308646353651,2214.446228143923,1064.105368648983,0.018588942593262714,0.005348167233517009,386
1465,0.06768664176275228,1.0673586366472232,0.32643567107561405,-0.022299802040552943,-0.03202612133239015,1.9002445452239516,222.55052391301805,-2.0363050814825785,1.5743657998878138,0.9792539238553155,-0.1816637675264809,3140.985488780724,2579.9348621908894,0.018660275847903085,0.005348167233517009,385
1466,0.0676949956597287,1.3434536226873197,0.3897586617100599,-0.03784828384022211,0.02622500144752366,2.1144146323571413,511.6798104687329,-5.387806810031901,1.7462708984631392,5.415114672257589,-0.4944181823823975,4330.220343112234,3480.1652056097623,0.018783688404423682,0.005348167233517009,384
1467,0.06770903211704653,1.2891092112827334,0.20325977418560123,-0.017104303765366573,0.007890703326187808,0.7243212381519897,360.31108561121306,-0.8941959417460835,0.22194552228709505,0.16494011136287404,0.6840136934639158,4808.501650733576,3657.656102175274,0.018991015432992836,0.005348167233517009,383
1468,0.06771444526312832,1.180911544408326,0.7453449600470419,-0.04683268647568081,-0.020931424928967716,1.3432500001842274,576.3693297109702,-7.019019680765733,2.7856600693971267,2.9563828046850755,-0.09475787072052182,3732.4996835412057,1669.860083176068,0.01907095941596637,-0.013787416297580055,382
1469,0.06771726266829697,1.9537387207999743,0.5879037498798423,-0.01816181678730793,0.02748546752414538,1.9192267334999313,690.9900544056578,-4.546802352898509,1.7620872425952847,1.3172996735109301,-0.128613393803773,2598.7794048275737,4851.865372907348,0.019112565701696747,,381
1470,0.06772123659446515,1.403770154523785,0.8617553089236044,-0.04325776095920816,-0.01921403126689231,1.4442174605450142,459.7968213857732,-6.039928721973955,0.2645064904232702,1.1394734256830144,-0.5366017494173149,3033.8621516068233,972.8986699174872,0.019171248073208816,-0.0014838668781715506,380
1471,0.06772254158477108,1.2025765969722824,0.1588059503435703,0.002551322176442609,-0.019315435702898072,1.6248549354503161,449.16949036911785,-1.5553587991572704,0.6615336746718077,0.2108082684964223,0.3378668807293307,2916.047123909305,3209.5939734349786,0.019190517918212788,0.005348167233517009,379
1472,0.0677270929995177,1.3289782800558732,0.6168029676552871,0.04281759334480152,0.017696585354615702,1.4119997547136918,501.4061760790551,-4.250632917255081,2.078628097986804,0.9473191124181142,0.3137562688912963,4299.447119704651,3222.8340602201506,0.019257722451641354,-0.02684974113670431,378
1473,0.0677422481968417,1.1180029142392673,0.2615284108860421,-0.0067632876089104,0.044011372380633566,0.28112086165970107,678.5230789598918,-6.50639010247224,1.1192151011300895,1.50542507347676,0.264726505341307,2286.1486301505242,715.2986912809685,0.019481466027198757,-0.0063013866026451655,377
1474,0.06775344882045577,1.0855538125500543,0.15272459582675726,0.014533409290659481,-0.010574012034116183,0.2711818134250982,496.8659590036233,-1.200537612607941,0.2130699255781882,5.710623817403623,0.8197720649433416,3062.5936053315563,4459.181165162378,0.019646794135617963,-0.0014838668781715506,376
1475,0.06775391543556906,1.2678039693680223,0.9018229475343134,-0.026656810921805604,-0.028752152108100348,0.690454466623277,696.5537235975524,-1.0695246668836038,3.028036869925441,1.1088599846195228,-0.06465191549818221,2308.4397602578715,4876.818771293919,0.019653681069276598,0.005348167233517009,375
1476,0.06775730066387162,1.3745888151600087,0.18265817301413512,-0.01351967934474588,-0.02818398501030515,0.7936401430517332,776.4240792613422,-1.2729588418410995,0.028305354282763935,3.9820358292802847,0.1888619008963791,364.4612388113852,2709.7691728224886,0.01970364340302619,-0.0063013866026451655,374
1477,0.06779385132659826,1.6147644496413458,0.28616508041874333,0.011025299294251539,-0.04514678414286792,1.149769109721731,629.063702736988,-0.9458090383281764,0.03521258963212818,3.7897408990579895,0.15367996008395793,3667.4019891864864,3888.2035236160223,0.020242933008116026,0.005348167233517009,373
1478,0.06783041310127234,1.234828615075156,0.3848310244080833,0.03260801925783627,-0.024227766843375607,0.9314136048678766,595.8646388951048,-5.919294957001358,2.6530112495795213,4.160255255651818,-0.48534132763384147,1800.974210485734,2610.403840609883,0.020782095756251867,-0.0014838668781715506,372
1479,0.06783789503369023,1.7242065712288805,0.17309036150844237,0.013083340162914577,-0.041068930218350314,0.9722243023888053,706.3829185473508,-2.5025205200889045,0.14958850915646477,0.9330425772750631,0.856854784619951,2618.3794902185527,816.2629724819012,0.02089239317978575,0.005348167233517009,371
1480,0.06783911943371014,1.8533126389038812,0.23256969574096395,0.048306497442458095,0.03309221406216764,0.5966806632537888,353.0053926758194,-5.891600749153028,2.6051434537795672,1.1082848557761777,0.88903930347764,2151.0044812267897,3901.595795929695,0.02091044192628755,-0.0063013866026451655,370
1481,0.06784198101726109,1.2926460575627776,0.6112283876042676,-0.01701147305074045,-0.006063007879625739,1.4478136593880784,741.2151023385753,-0.8483505187164266,0.7957069776174274,0.4135998838397014,-0.6560507347191625,3676.61752267706,2586.3852375147717,0.0209526229455137,-0.0063013866026451655,369
1482,0.06784452456733306,1.426775710407482,0.590045589021306,-0.04778174187872745,0.032507053639402615,1.3559219697527785,294.4406934087583,-1.5564777739588267,0.3645840795856713,3.507212619708486,-0.8357606138669079,2406.7033396517404,1617.3569442881208,0.020990114515660657,-0.02684974113670431,368
1483,0.06784928477364223,1.228396280023196,0.9167506569028135,0.03710743239307056,0.016846975601391048,1.4831249114742513,217.26178036170168,-2.329507019815034,1.2107196366011979,1.0622558034355054,-0.445026179520634,1317.1922733750605,1518.9793141034627,0.0210602755102669,0.005348167233517009,367
1484,0.06785106549535815,1.0992805561001993,0.19283467500913526,-0.003089623563150609,0.03863070246873416,1.014680905054743,216.54512966732574,-2.6871989384454413,1.6660182261249705,3.594472016155452,-0.22356792420771374,2154.613563451595,3414.7045957319583,0.02108652041988368,0.005348167233517009,366
1485,0.06787022347805508,1.9848973575676718,0.48303272690533,-0.0004715516430187805,-0.031099170668334862,2.1609978183755563,611.2918247093874,-3.652454639868047,1.889200508970007,4.308608194966767,-0.5857914357805789,3447.6757268764622,3410.111592137523,0.02136883401955253,-0.02684974113670431,365
1486,0.06788408996266564,1.9880541195775527,0.21461271874256893,0.02325374875929836,0.02757359166226572,1.0771028676810757,718.3448346471632,-6.088907281225876,1.2487506596913258,6.120636574511594,1.4423537029903877,4329.0684984475465,1410.1481913900675,0.0215731219615915,-0.0063013866026451655,364
1487,0.06788470820044992,1.451611098637908,0.20324301241758952,0.003647012234186029,-0.019127966112337715,2.1303282302409294,597.8232900302629,-4.438456948778593,0.5509164026201724,3.1058778961810916,0.2204220284188868,1341.7785814969604,3662.9101942932734,0.021582229176100087,-0.05147565138044434,363
1488,0.06788674693473319,1.3611851512117625,0.12666358619249762,0.027139697755297156,-0.041031629270686064,2.14671865200932,616.6232708392628,-6.2509672178393805,1.2719477773136607,3.2972780445232788,0.4672262453269645,3641.2146216681044,1633.1801530197715,0.02161226103050734,-0.0014838668781715506,362
1489,0.06789640592372341,1.710058024707651,0.8422041837039306,-0.019543135304976644,0.03966420293742216,2.078949610433953,622.8243651235381,-1.8670735704550272,3.1203087818363127,3.7391885637056856,0.2992292274329252,662.9388485916586,2724.7524986166704,0.02175453183222864,-0.05147565138044434,361
1490,0.06790206013808185,1.1561667031443346,0.24797698039219443,0.025998051193814885,-0.007147978168586198,0.49083533435765897,540.2057020555662,-6.824832131699978,0.44866463083305114,1.8017251971935397,0.35749109267342366,2076.2659964934346,3397.0213353978265,0.021837805443871483,0.005348167233517009,360
1491,0.06792286445144487,1.6687955151816136,0.16941459819163318,-0.01864236877875647,-0.017878361571522852,1.9935538250239697,456.81914942874494,-0.35605152524135475,1.5492864221901452,0.8769821141964154,-0.010635446939352273,2987.272358968932,1153.563559379941,0.022144145588515962,-0.05147565138044434,359
1492,0.06794450968106935,1.6359946481793326,0.1333273409538781,-0.010083912563096655,0.003552626712075626,0.23378782023996858,273.9872300564861,-6.838383299254427,1.0146352701509758,0.09598916925761773,0.510882697299403,786.2859730951787,1392.74950895701,0.02246276850953255,-0.0063013866026451655,358
1493,0.0679517251346977,1.7669007462805075,0.2472122882236896,0.04133614831520946,-0.034671865742596585,1.4262782996340995,442.7601216541658,-1.320743658520658,2.0325661139615057,4.788158209670194,-0.49213280130899806,1169.4989298631958,4498.137179796006,0.022568959143063186,0.005348167233517009,357
1494,0.06800252466204094,1.4679502049493975,0.6214483716022599,0.027718878529925037,0.036511009786016645,1.543395866787951,530.4367803583733,-7.480459534117038,0.17521074901076378,0.7871846603425968,-1.364301092339478,1592.171623694373,4516.602197603047,0.02331626244228685,-0.18152021181509076,356
1495,0.06803057837664216,1.561936780552448,0.14303080664930262,-0.026465805904304637,0.019600275699377365,2.1898494053540847,469.3603682077573,-0.38927474835825904,1.7137995384650302,4.901510857527029,-0.8507256702232255,2716.0673655942605,2460.055704611141,0.02372871668135823,-0.0063013866026451655,355
1496,0.06803974975803292,1.2465758906308961,0.12664844304341613,0.011865754839476479,0.00989092092529399,2.595056889749196,569.7343431367682,-6.676558314636053,1.7771256235979604,1.6727716739929477,0.09648213697663828,3594.9956167045602,1564.2723234005416,0.023863520227846192,0.005348167233517009,354
1497,0.06805867871173893,1.7162884859045868,0.40465637808227506,0.0019047774230617383,-0.0048482009844619265,2.306670091989169,679.0254855238812,-7.9433988754698435,1.2793014077242242,1.2013091892715462,0.6768611509247453,2051.8581164926786,1072.3476575475872,0.02414168587663501,0.005348167233517009,353
1498,0.06805884353187343,1.3816639858269135,0.1793098962662119,-0.04642303646700133,0.011183690777784673,1.633683456086162,769.5346032079818,-3.2625597881497637,2.6644674003210764,1.2816122145422961,-0.8727140861558718,1520.5336560869364,1024.6155771003519,0.024144107609415127,,352
1499,0.05787868061381838,1.8393184437366203,0.12949596259242724,-0.00011362052399342855,0.04764956713521483,1.517625691884121,344.1719227305022,-1.5771858953602682,1.37226755749524,5.824014897918435,0.1475521997178238,4751.837145011393,3587.335603335758,0.024287291691255007,0.005348167233517009,351
1500,0.04769792771391763,1.127928754593482,0.960395922339184,-0.030243995674466714,0.04494667322717598,2.057288352328225,357.0457172068887,-4.6964507772462945,2.781587631275324,6.103591787915158,0.30119445429144465,1001.4460051877485,3356.1226465148698,0.024479260989299118,0.005348167233517009,500
1501,0.04770514524503818,1.0617677213649022,0.26355711494607087,-0.04336463344975695,0.005013056501514767,2.296514956011531,267.059736104717,-5.121084088934915,1.735109661390327,1.3428088401086,-0.31176661069886097,3823.7233086979927,3839.8965665948213,0.02463056704086275,0.024287291691255007,499
1502,0.047708691899171624,1.2232884748453694,0.1732968140162599,0.021679175831557786,-0.0413636846678058,2.5141295883416075,622.9430434251168,-6.607536714259915,1.6048246860649775,2.1909476034267406,0.029222716926666736,2637.1660923119784,390.28962642778015,0.024704909594099378,0.024287291691255007,498
1503,0.04771031289893529,1.4664735445380408,0.32448637614462345,0.031646290402202175,0.0060815696876100065,1.2742966473872506,646.6982854679686,-9.764628637392343,2.269390568529327,5.360367680993597,-0.30205744804284274,2284.7743559255887,2152.251686557613,0.024738886049138625,0.005348167233517009,497
1504,0.04771359067778376,1.0827177446452068,0.305092062390268,-0.02060566564518855,-0.044482096778565364,1.543015605296939,485.6352511449433,-1.2540115835786694,0.8222871346597749,4.044135025497036,0.00859863921282098,2771.462243484168,2793.331797835938,0.02480758537349144,0.024287291691255007,496
1505,0.047723378618753885,1.4639413807304502,0.4619710066942062,0.034744110725015695,-0.010523860488702515,1.5245881095541447,564.7429395583575,-7.00244981872696,1.7448772223703068,0.626907289624235,0.08946955330411617,4814.243405172028,4220.493586217632,0.025012703810807932,0.024287291691255007,495
1506,0.04774424670345615,1.727548785653235,0.5396645582656308,-0.028303730303059122,0.03749168092417007,1.1242039785671747,775.4053116691287,-1.4796406229190027,0.4030886158669129,4.030188910447895,-1.338470443148396,1900.7676749549244,2025.900900117774,0.025449879973117845,-0.0063013866026451655,494
1507,0.04774590483996992,1.0968864149186446,0.7636765881136709,0.024968893769664602,0.0020793268739197047,1.8421012637319438,457.86153703326863,-3.450164681366667,3.063176100138023,3.9371365934675184,-0.6044735339489457,1823.8433541742247,1950.8163518352694,0.02548460892659317,0.024287291691255007,493
1508,0.047767490845559486,1.8816320510875584,0.5052080781405408,0.023625034490621255,0.03454179475630397,1.3101320484521932,334.55858894316935,-3.5192902470615968,2.4778434675223764,3.5369428571683175,-0.9748488919974205,1661.791113632829,3055.5058127965613,0.02593660847709761,-0.013787416297580055,492
1509,0.047769895283812855,1.2160772723196687,0.41124381165839374,-0.02563361663842192,0.013762256760885789,1.1634881627168414,499.4082833559831,-4.54092028986487,0.4403472601668333,0.7744447790042985,0.957393214253879,702.2969374386374,557.86446390703,0.02598694349987188,0.024287291691255007,491
1510,0.04777994268396052,1.6322497295517566,0.24845944508236728,0.04771379344012541,-0.023709157209102393,1.1269237655762527,215.04900305886912,-0.49452985987465803,1.5490948353841998,3.060875761844243,-0.5762238858388247,2451.045786754814,3677.313168913848,0.02619725050603075,-0.02684974113670431,490
1511,0.04778082513688565,1.3318286861475401,0.13823234882069232,-0.004986008738183536,-0.020059483680189012,1.7308288452450584,98.19584703967702,-1.0599538503025854,1.2511068447884035,4.370385445869929,0.0866492757818989,3794.869556848249,273.70334555840185,0.0262157194436079,0.005348167233517009,489
1512,0.04778090353270749,1.3192296550491536,0.5136034490317828,-0.01759167463400318,0.0019784779696683102,1.1904423522719025,486.53411948002093,-4.237431671238199,0.38610283755642755,0.8577833401902858,0.9068741875781912,4027.9292119791075,3635.3129584426542,0.02621736018043186,0.024287291691255007,488
1513,0.04778216683573188,1.660926931572356,0.4009483843773626,-0.046621883648229175,0.03446537619501028,1.806034382763044,524.7726116827947,-2.4154164016345128,0.799486414979916,1.6817236394611348,0.5224280050954776,319.0967937018385,496.1627434438303,0.02624379932724919,-0.0014838668781715506,487
1514,0.047782885911263916,1.7616386671829138,0.3475362150665624,0.03524505115434069,0.03131546394273091,0.9728634048382596,164.64551960794563,-1.208620334187902,2.5024858170381457,1.4866559107438462,0.03523236363346096,137.88613864315403,2422.0217882381744,0.026258848249633926,,486
1515,0.04781016886037444,1.0845822297574652,0.7969918455122506,-0.0072158737996167255,-0.045806650064759695,0.15964213999353635,645.8023647019662,-5.207602554717802,0.18442722572304496,2.3815332946909558,-0.6830244552144566,2906.8329952471486,2582.1107780122798,0.02682966272804782,0.024287291691255007,485
1516,0.04782211978081011,1.9677285520561096,0.19219145982929345,0.04557565947627049,-0.018280254003400446,1.303356890093244,450.46667001333896,-0.706689844476742,1.5261921601884492,5.486470898680224,-0.11099114581465701,918.2408144253955,3906.316301885033,0.02707959757056269,0.005348167233517009,484
1517,0.04782610386086054,1.919901264863115,0.5971229225089673,-0.04806476785359125,0.03675405100270651,1.3889595735958598,602.0466914731637,-6.95793927217983,2.0389655335162287,5.118874554351466,1.3735413825449916,229.46291817173153,1298.234353005292,0.02716290450300829,-0.0014838668781715506,483
1518,0.047830745823806226,1.8569227250900313,0.40312121067039963,0.04790066340386376,-0.04530460975927496,2.4668559344365426,402.55633757066744,-2.3792796474480182,3.096117620721752,1.8589386821178884,-0.5080665928062634,1298.2462510145008,1360.1565538737352,0.02725995898399569,0.024287291691255007,482
1519,0.04783925465097133,1.4020430292382926,0.2573279418444622,-0.027079221691712632,0.020259253781534918,2.0375787681695594,433.2275162544852,-5.309234946436192,2.549162626593344,4.5652210911670466,0.3057457028969135,1303.8411272602132,633.5677885389913,0.027437837674235716,0.024287291691255007,481
1520,0.04784931347496839,1.0208549081929208,0.443869281001001,-0.04717163962582587,-0.03194446651423376,1.6046539250806684,109.2235905968612,-4.620225733104774,1.6872312503682458,1.7626985565800508,-0.4276080653893287,2972.9484380725025,2610.0846342969735,0.027648078546939375,0.005348167233517009,480
1521,0.04784944719873491,1.0295464310157565,0.32069161836602667,0.046018158051957726,0.024239793918861007,1.7915669968348578,548.6272759330916,-3.3555800534381617,1.7628808875323831,4.348116902586023,-0.6568871990302769,2305.1545173513496,3018.472371301836,0.027650873228148038,0.005348167233517009,479
1522,0.0478623646700288,1.7774063135781064,0.8924243434990786,-0.004958628559179613,-0.00843628592490849,1.647587207733491,332.16154150951485,-6.514220397017635,2.0430251168479865,1.038191220327602,0.0896515636854883,4213.626471349759,1732.5464794489271,0.027920797516834378,0.024287291691255007,478
1523,0.04786345840307811,1.6975950104184083,0.5314574789860758,0.039152649305104606,0.043604263914440555,2.51202139049921,700.3156926333918,-1.8594826803517732,0.13268595482737486,2.5429456561668786,-0.6970698476171396,4835.130806512265,4218.851011822151,0.02794364888581547,0.024287291691255007,477
1524,0.047865815188293394,1.386663464976462,0.3174895489480414,-0.03247356437786658,0.024221576294099698,1.8115751735632957,344.002857171385,-7.1567214022678725,1.6432146371625749,2.8331081945324494,-1.3140944582754328,551.7577106092396,4500.41399466841,0.02799288743385442,0.024287291691255007,476
1525,0.047880660157677404,1.8659635880238679,0.14988403200654374,0.015093746383232508,-0.032155133810372306,2.1665286434543365,328.5646039172878,-7.674481138116783,0.7083695331977445,5.294222720702793,-0.6295474227280352,3922.6982708717987,905.9709637633212,0.028302976540482527,0.005348167233517009,475
1526,0.047883472500882665,1.0029835889555379,0.18863688042681026,-0.0036199989950608954,0.03123317846350676,1.9834865912124846,503.21072976964825,-2.606312947919122,0.5459364114849891,1.5144567110598275,-0.8312566754265679,3584.850054279624,1491.3154605190803,0.02836171133247979,0.024287291691255007,474
1527,0.04789218527185354,1.3764570731342636,0.30998324100235386,-0.00020944737918250996,0.030284883864827736,2.5859619213647984,455.4347380995398,-1.0380991548873542,2.1754446087221964,4.358414401322105,-0.25350745319853313,2735.8944060988397,3122.298259014619,0.02854365257306396,-0.0063013866026451655,473
1528,0.04789327557786199,1.9174457061529206,0.2868762669891095,0.0468982777012872,-0.04075843883357537,1.4804522174164958,524.1293609402586,-6.579554773429443,1.1109138954703548,2.2692754536864603,0.11166212763775599,1144.186779701296,1498.6250187074797,0.028566418157634388,0.005348167233517009,472
1529,0.04789423308473101,1.9238718336847758,0.5959198539762173,-0.011035566283021473,-0.03626817101712033,2.573489015836055,498.9862918523235,-7.6913768858931615,1.4833126592217873,4.635664073576789,-0.6505673965170637,2455.197163970827,2866.783713067997,0.02858641046945909,-0.013787416297580055,471
1530,0.04789644808093988,1.5004013129996836,0.7493281556686661,-0.02709042756611839,-0.032017517921883586,2.0078405458811672,742.430357345246,-4.217258147011959,0.4667784087129672,5.445872094570592,-0.46320331988592833,3065.447906534016,1946.6051130415137,0.028632657060169694,-0.013787416297580055,470
1531,0.04790488025496979,1.9698273842985652,0.15022573110148918,0.026553449367949507,0.013252176635736967,1.4735984321028441,249.77879712616564,-1.8450684524163994,2.2311754123116816,0.7126262219491016,0.3801307954587543,3757.5105491103004,923.9340694325008,0.02880869165588934,-0.0014838668781715506,469
1532,0.04790765290686821,1.9605655453846933,0.27362322260270144,-0.0005700890071520388,0.008948390911012967,1.5546975697998326,272.6540735827316,-7.664624164981114,0.06121918094793892,1.8843300465503134,-0.42934281316798406,1817.7044762987339,2567.380438878741,0.02886656825726676,0.024287291691255007,468
1533,0.04790859136525763,1.9824621693592075,0.15770107074876982,-0.02336786389169417,-0.03762307907959657,1.671219010996174,637.5383079991003,-5.891366148619011,1.7790267598832468,2.393802296884878,-0.12739161370644528,4714.949878110336,1611.707590682109,0.028886156968876517,-0.05147565138044434,467
1534,0.047917035402512215,1.6266648380327307,0.37060116595944076,0.027164566033793667,0.04069335979919423,1.068179897749685,248.2662883278671,-1.6002745265029295,1.4827967275659537,0.07693113202028083,0.8647869800493402,2760.4945581711577,701.0997208748605,0.029062394527907848,0.024287291691255007,466
1535,0.047931960065479826,1.4240864611705455,0.41361833531880604,-0.04413541542825645,0.03653068261453643,2.687337424219983,759.5272336283394,-5.157655155712295,0.7993495940148302,4.539931243525169,-0.7804939873628927,2236.325347993949,2224.9111113863037,0.029373814861862163,0.024287291691255007,465
1536,0.0479378014728463,1.9012013342609229,0.6109083173717672,-0.033874719087410736,-0.03508635052451381,2.4237727032843672,601.7907874699406,-5.727301079153828,2.780503279720307,1.8965786447120052,0.09815979976775965,4054.6193199588324,314.3699665561902,0.02949567617206461,0.005348167233517009,464
1537,0.04793979549843738,1.884131815111775,0.12913271762018871,0.039488671775160564,-0.020109544901821007,1.5679007154851243,783.3823331706104,-6.053306212971991,2.5999827383632703,2.907995029721486,-0.1805914275111917,4388.883119942468,2037.1078004844458,0.029537271407069313,0.005348167233517009,463
1538,0.047943251398302404,1.3917691275691775,0.9027519139151997,-0.027596680564388562,0.027478135535911354,1.7524970103778863,333.57348178036034,-5.255862092653817,2.2222373903099113,6.030929213046401,-0.5471694690601222,1428.0961200346562,1551.183641790629,0.02960935714019164,0.005348167233517009,462
1539,0.04795403411189535,1.0330933694693527,0.3264518798832447,0.03956697923386711,0.029770207978118003,2.145192184417002,509.06491333064946,-3.9065896167451677,1.7365481677711174,4.874383219285063,-0.9011483481771647,2259.149252900047,2880.081784410297,0.029834237616952586,0.024287291691255007,461
1540,0.04795549941165099,1.2892187550732856,0.23588753010012048,0.009451578832928137,0.019134747758703222,0.45025076365066186,773.1664511451495,-3.5097725258739594,0.4046959433032512,1.7770561289852076,1.1102987389710552,875.3407579227597,7.79962042603386,0.029864793489812358,0.024287291691255007,460
1541,0.047957399191260484,1.406388705638249,0.42348796683884427,0.01220687128749014,-0.006747944745152089,1.898869017489991,434.55048799874197,-6.056500417704284,0.08883879236257226,6.0305138450796045,-0.23144477173510145,540.4221274164589,846.4515510395889,0.029904408174243863,0.024287291691255007,459
1542,0.04796661099444879,1.8738517445904601,0.20166998672586928,-0.03754592819626411,-0.0218874384697559,1.6295599799139775,613.079016540329,-6.268337530463598,2.0526709490485056,2.2052779997182923,-0.45551378405664483,4886.845198980906,2334.4704079023177,0.030096472772048716,0.024287291691255007,458
1543,0.047971398613670065,1.204529730902802,0.2646619620210157,0.006480947202769098,0.04042733956299278,2.3361581586224145,243.70435172262447,-1.4195191957967441,2.8235305724271216,1.2301675753921828,0.18058625484188193,2505.3530732361683,573.0714491242686,0.030196279287665037,-0.0063013866026451655,457
1544,0.04797871129840293,1.5429514675516975,0.14360770487268207,0.008851829918620727,0.005448876578539342,1.9367860395281884,437.92442411404636,-4.291458416825495,1.1186775359820031,2.834583837727747,-1.0175656134936333,4933.800814222305,3257.477548882134,0.030348706100979117,0.005348167233517009,456
1545,0.04798966206696733,1.796403899278851,0.5057902409664579,0.027399263966069086,-0.03817896929535249,2.846398740204658,146.83979544776034,-0.5246326757842179,0.3863641056926957,1.3863780513643176,0.06618356848806485,2432.3075362449267,1507.8574906733825,0.030576922298241854,-0.0014838668781715506,455
1546,0.04799538922688602,1.5818016300942994,0.7663806540032259,0.012364243666088504,0.006334052370802799,1.428632386354585,575.0048634719823,-1.4189073882389107,2.1181047722203554,4.160329264970712,0.33982369399195905,351.9046361221355,2779.4740934386814,0.03069625671226897,-0.02684974113670431,454
1547,0.04799564426266941,1.1826352113877814,0.4069262820926568,-0.0003388628870342775,-0.014713818343976039,2.204206680049483,542.3936516580839,-3.5991454983237587,0.21812327847659818,0.12852636975610582,0.6860930861943194,4319.02612850606,2025.3810477907778,0.030701570454078293,0.024287291691255007,453
1548,0.04800249569825328,1.3074014677183867,0.12842672814157355,0.02998604653092447,-0.02430863986675854,0.2595389288261222,431.8128884687585,-0.4564785352589999,0.5146497995378322,4.537553215257996,0.35792047919060516,2881.631157301601,3880.660956276386,0.030844311461294127,0.005348167233517009,452
1549,0.04800506496101701,1.0421925356693424,0.1494441418094474,-0.010980892851504269,0.025821668313731345,1.3558388597891717,359.62407643908494,-9.719971378679443,2.6191672373445125,0.5386695267399386,-1.005674668929295,2590.166975220024,1138.9874370536,0.03089783355358207,-0.0014838668781715506,451
1550,0.04800874815362811,1.785600121584103,0.9106130893202375,-0.022329883985501647,0.04742339194437851,1.558181543521169,513.934592409669,-4.383812399424949,0.1624893910380122,2.683044582724557,0.6609787944471573,53.36759691580668,2962.080477615165,0.030974555693813327,-0.0014838668781715506,450
1551,0.048013640001339467,1.6522532734163866,0.16410083867673042,-0.028215352623396008,-0.027563444992925224,0.7408083405779248,752.3555198251321,-2.0962346053880867,1.3381306165428228,3.449151047789619,-0.4670433475124641,2785.3534521448078,1296.6610114413265,0.0310764454262243,0.024287291691255007,449
1552,0.048030046573277425,1.2887777962345812,0.26816769690044917,-0.014083733998952814,-0.0069912052375064974,2.6004107780335692,797.5521344580573,-6.021079404266904,2.020932147883371,1.7653718386532684,0.4364549953642984,4451.722212172314,4544.336715864886,0.03141809353827639,0.024287291691255007,448
1553,0.04803543937825599,1.6684811882207728,0.4660788249361828,-0.026004838267573355,0.013162155587652526,0.27513951977428214,348.1377969445092,-7.505792043839103,1.3709559621244582,5.923177112804174,0.6696365488814765,1134.0855273869136,1612.9894571211562,0.031530367055218465,0.024287291691255007,447
1554,0.04804149229861421,1.061689944477351,0.16813382342264005,0.026676098648036536,0.04295305221906421,1.8174355729768885,238.49902019525214,-7.049002172685418,2.7850480610349506,3.2482704931126376,1.5033730928359876,4620.256255590517,3873.1285905792024,0.031656368588825146,0.024287291691255007,446
1555,0.048042880009051374,1.5448626995261991,0.3247492816977759,-0.01782504478353339,-0.012378889462129403,1.3818904745192047,397.92800255403694,-4.746539371512779,3.1211800191199788,5.487611452565755,0.7993029309360425,2471.5372270594053,1964.6426532171383,0.031685253836357674,0.024287291691255007,445
1556,0.04806335118205863,1.6941060491317235,0.1274112652345808,0.0199076086716097,-0.014249464249184718,0.8122807808933482,589.6685358561309,-0.49996645391355715,1.347840206243505,4.912492207836815,-0.6401616761438517,3470.4554513178396,1929.904950150804,0.032111265200289785,-0.18152021181509076,444
1557,0.04807204239101777,1.3621941028281326,0.7015482504398727,0.009090247378111593,0.021089889757137187,1.496382869847661,723.5424129972184,-1.7010432873651773,2.3290667442123825,0.1369936764006159,-0.1802181954299194,163.66490847545822,237.75525985502588,0.03229207704619219,,443
1558,0.0480754814459744,1.2477232530044253,0.20225464309682328,-0.0019315433151608137,0.018969720302278482,0.32926377048583894,701.5932031684929,-5.795374282821167,0.631798729197958,2.2458909683066457,1.0175933449145522,717.0548883678124,202.5786892412965,0.032363614092961734,-0.013787416297580055,442
1559,0.04810159340386158,1.4838208266844992,0.15630247157032953,-0.006559464786200073,-0.003553208859971169,1.2281289305033367,605.2059308089723,-4.280455359541438,2.087323249340213,3.941787600370054,-0.24748241249716466,3042.7910505196055,755.5169586476673,0.03290661165384556,0.024287291691255007,441
1560,0.04810305019271275,1.9486294647728635,0.5322444372126981,0.041913095342905285,0.0021400565634376394,1.7546821160064774,775.779470783246,-0.09739034700748063,0.3807632483925042,2.00574217563858,-0.0020179852392688477,813.9803584999407,3478.5792019412866,0.03293689686252786,-0.013787416297580055,440
1561,0.04811002612125829,1.9525666990197057,0.5508808233822368,-0.01911140759638527,0.01576191510606722,2.1083948442136284,583.8774601525402,-5.060240859550798,1.7534234992735596,1.1524056801913491,-0.021074908004284774,3359.930693117325,4823.752634966381,0.03308190685129375,0.005348167233517009,439
1562,0.04812437164148605,1.712282222500922,0.4694781113023426,0.020700351313872774,0.006789311895002771,1.2410045421695646,532.6936152945227,-7.207918115880864,0.937802776758921,2.0359884432756084,-1.038117625139466,3108.0375947731713,2430.2632731838626,0.03338004391386745,-0.0014838668781715506,438
1563,0.04813750358012998,1.6172653498814717,0.5844429356164189,0.01767609772311365,-0.032974324313725135,2.08702400382273,216.1194457129626,-5.656069691443983,2.570806831241963,2.9347366199170786,-0.8030974786252247,4252.865579482364,370.0965976224551,0.033652881705480905,-0.02684974113670431,437
1564,0.04813838377113671,1.8468183327009058,0.3496905683587814,0.04666733346847305,-0.021238324247284904,1.8302374313686693,663.9711510902638,-6.262317301420652,0.9399069449577132,1.627553243910476,-0.09087540387977071,1384.5116344688468,1767.1642613751844,0.03367116647082024,-0.0063013866026451655,436
1565,0.048142919470920045,1.9631129462665944,0.7906619972939439,0.004145355866779229,0.013338161436460574,0.4697837001530086,789.8977909782474,-3.336406934470202,1.3868707001919387,5.41229609648097,0.7347379173618263,853.2950713266852,4774.274022527434,0.03376538413580904,-0.02684974113670431,435
1566,0.048151649214652266,1.2165629871524315,0.34109711138038457,0.01433578044183199,-0.03758540849296093,1.962067608118669,721.1713354820829,-8.01394251760775,2.8222226027160766,0.651556393737096,-0.9036926706794441,2061.3311346346254,2380.506042148071,0.03394669745134807,0.024287291691255007,434
1567,0.048151652260648534,1.271178494167992,0.1934099259314864,-0.010544536085917475,0.017304816269598306,1.2923268352961705,321.4476640882422,-4.777970555451527,2.238649992751381,1.9046172272051665,0.8706101801276926,3906.230287141624,1484.133556309034,0.03394676070974517,0.024287291691255007,433
1568,0.04817746732768528,1.7355809625038618,0.837310031134041,0.011443565173570201,0.008638077028734325,1.2150294517343003,656.9533370952577,-2.4760861243044907,0.7595382902277051,5.80426765518078,0.15016245566080016,1199.8878619067123,3740.278596138236,0.03448273711577124,-0.0063013866026451655,432
1569,0.048189800118270044,1.4322330559526928,0.20410049243686537,-0.025708861635151615,0.01523625753369639,2.17060746984638,596.8148616934375,-1.1746178247493093,0.5518088656831908,3.0711586930066015,-0.6918882244048895,1765.241223155983,2862.043071644329,0.034738691050713796,0.024287291691255007,431
1570,0.04819708407958338,1.5545165261447857,0.17609065282028377,0.015395910460308901,0.04583754084149079,2.7748252543986998,504.4892019714857,-0.8464074765219394,1.8398611696804876,4.827344244951332,0.11565542035033119,3251.201522068875,2795.0548786006243,0.03488983114379682,-0.013787416297580055,430
1571,0.048198912313337575,1.7091146906469838,0.1426850762766836,-0.030770583733969046,-0.018344463872632104,0.8892282497281975,685.0763904178406,-1.7166840929364315,1.4172190700204101,3.7418617250106485,-0.4778431666390531,2274.8094588189597,1931.494385370918,0.03492776287994043,-0.02684974113670431,429
1572,0.04821239844552413,1.4300167665716612,0.6886725503792894,-0.02250890764647207,-0.02487151191110405,1.4110937455546764,608.1534521333351,-2.5633448284898415,0.6978657506053426,3.5650927635161156,-0.065554883789725,2630.0114673650646,4122.974967839294,0.03520752533044556,-0.02684974113670431,428
1573,0.048216130042045356,1.1762656615807563,0.14495994201954077,0.014564898361023978,-0.04678742086771095,2.477309265893871,605.1999455994052,-6.620438707785944,1.7635079646145722,2.7047890609856258,0.02495331756650569,3313.0594000858287,65.15516927045493,0.03528492144101922,-0.0063013866026451655,427
1574,0.048218570879717496,1.7743122417567214,0.17997449872862792,0.01340649435887626,0.04048223038728407,1.455530664406876,305.3391760749227,-8.957135823906526,1.062818246758843,4.158555378322223,0.6648281610306762,191.44643014019735,1463.8339366410917,0.03533554300459915,-0.013787416297580055,426
1575,0.04823871211790732,1.301747444385084,0.22038712489410472,-0.0009448236231733042,-0.000649196919665359,0.7077038240722429,473.85903750858125,-3.806985541942696,2.978788486106943,1.2091592810886833,0.4482114057041185,2657.8114235477015,364.2890298486336,0.035753162863978144,-0.02684974113670431,425
1576,0.04824745700403858,1.8056190336144986,0.2571466811125692,0.01955642411843346,-0.02561298300810915,1.6167995909270894,460.9120600181042,-3.0664270920015637,0.7248180880021082,2.8184593252244627,-1.1166856177411213,4884.6967506357605,3323.580195980935,0.03593443000801008,0.024287291691255007,424
1577,0.04824806008200993,1.511348192396097,0.5289877459776816,0.006176055183887107,0.04373512171819946,1.5020671221242827,435.19528056413697,-2.8593292307366656,0.6554635038728793,4.890355715986722,-0.8423760173798273,1740.8111963895396,521.4467949037953,0.035946929614014383,-0.0063013866026451655,423
1578,0.04825493070931173,1.1521337428266092,0.1877620447378327,-0.01838598892622908,-0.033238986192962616,0.8167769533732553,523.6124398052698,-0.3185533698942974,3.123971954637255,2.708934979023316,-0.48404557485587785,4352.920106087533,845.3476473750961,0.03608932162187526,-0.02684974113670431,422
1579,0.04825643536922728,1.0354928327170976,0.3245743625607741,0.047889714916948475,0.024721612379718167,1.780121040153717,579.9675860692234,-2.6841923210824223,1.9771576546376621,4.971775232629336,-0.6086582457614345,2046.6707868967903,3057.339536715861,0.036120502610733574,0.024287291691255007,421
1580,0.04826978064024545,1.2720131756315516,0.15373983626798843,0.006936352616819392,-0.030848212276684824,1.009941113831864,770.339545114533,-4.651786755217119,0.2853314484320005,5.29509123801994,-0.9469907707460139,2465.279601308804,3356.4926436696946,0.03639701342104362,-0.0063013866026451655,420
1581,0.048284191835617496,1.0518096875378484,0.1461406862414437,0.027220816723876457,-0.00480079744486328,0.945913068044715,406.6810269763828,-1.6980403894695535,2.841443414672629,0.6270426399525479,-0.11218702995907168,2482.392458841333,919.0111736785328,0.0366955240903904,0.005348167233517009,419
1582,0.04828943860463243,1.8564871686315008,0.4671089865447876,-0.02282087750026437,-0.03867600931761745,2.505906547169774,578.7180180486165,-8.607948467130031,2.0945478706434097,2.4691657103190816,-0.27244875319804046,3058.35494738721,3211.7261145571943,0.03680418250984585,-0.0014838668781715506,418
1583,0.04829908172018567,1.357952483511051,0.17316312221022676,-0.013787066274376224,0.0017913197928898666,0.09953981415441414,604.742319430255,-4.090386714458816,1.2640904924236143,4.025367162925132,-0.45752491355304475,999.7631338064105,3460.682292927451,0.03700385666477882,-0.0063013866026451655,417
1584,0.048305025985639384,1.8987871028785854,0.6532489043682784,0.015172157019685694,0.020212555113524034,1.1551995432620523,547.099789711709,-0.024803448871245224,0.5819399269954543,3.3263802119162107,0.1691004773673119,102.68906683670733,4636.640086857289,0.037126921110026245,0.024287291691255007,416
1585,0.04831265731937867,1.4748396877086314,0.2524594277840133,-0.04098023623495615,0.01285341254915551,2.1358261511388092,716.3145445413564,-5.488636270155553,2.0054242334203884,3.4013069045855104,-0.7594265055640484,608.2248305426004,2227.8245532496485,0.03728489082108311,0.005348167233517009,415
1586,0.04831990048467457,1.4903773099266184,0.47672390958952265,0.017389701197969523,0.01855902276910377,2.7996686239498447,182.2717911723838,-1.22687150072644,0.9915537722669685,2.7521276793256737,-0.8810517278470368,2380.1294821013844,1330.6127515093835,0.03743480231004159,0.005348167233517009,414
1587,0.04832912609223822,1.7493913848487153,0.13495418529752717,-0.019624737232530484,0.027576519670760847,1.9969067731098207,157.58080802772074,-5.257438488289151,1.3905388418602609,5.22646963999105,0.17918336246498442,388.0727834674269,438.52819375980596,0.0376257117876444,-0.013787416297580055,413
1588,0.04833845000172969,1.727961639084021,0.3590810621338406,0.046513550469632195,-0.005542747198346936,0.3877273549453689,230.47602821082054,-8.047624598940924,2.4839521687708728,1.7687235505405408,0.10864305067381518,2106.2831755963093,3186.8920413219575,0.03781861844565748,0.024287291691255007,412
1589,0.048376450762106914,1.2395070713322436,0.19000468327014028,0.026360095193581585,-0.03732933315934444,2.42088591444863,588.998504080909,-7.007503718938991,1.5224094257166907,3.0395377312559178,0.24482851047977666,2961.5486045485563,48.328312505396006,0.03860444900606086,-0.0063013866026451655,411
1590,0.048383757287441646,1.564979822181061,0.5215712299705401,0.037467110398647016,-0.022554245511331967,1.8525037598961984,554.463725810344,-6.838805528272371,0.14326012822398249,2.1439939948909945,0.17859727113808718,3658.8014615473567,4071.5532648435974,0.038755472355299025,-0.0063013866026451655,410
1591,0.048397806522939166,1.4633862218986318,0.6451425299289587,-0.01434698910594888,0.033990748012029705,1.840643592778694,712.5676510010882,-7.181189921170321,0.7919183874656104,2.691742614956994,0.7213749650795717,2317.826520121432,3875.5665226482815,0.039045801113122836,0.005348167233517009,409
1592,0.04840065995756,1.9964616970838591,0.553303572398166,0.017008391609364418,0.021200045722794023,1.1749559677190184,510.76033006497084,-1.1094103596259393,0.2524284772288689,3.7796214910712984,-0.05640855156980311,172.443634944285,4519.733461654035,0.039104757307843935,-0.0063013866026451655,408
1593,0.04840210074822258,1.6007168783644405,0.16882986225686472,0.014098165816250056,-0.03999069284622084,2.0203440197363634,178.25768859707807,-8.346505269354461,2.0459671411068543,1.5741617086744626,0.2917775897818777,2331.8678369220142,4120.590092962067,0.03913452486092031,0.024287291691255007,407
1594,0.048432835990440154,1.4328825387915087,0.9191091778686724,0.04454732860924544,0.023277242301283405,0.9865554003257002,701.3076465721812,-5.680012686781943,1.6233425495439702,0.8338930149017925,0.5421610543641445,3344.4785403544165,611.3543149475975,0.03976932143927675,,406
1595,0.04844006883113636,1.895059839273532,0.18323040274366223,-0.004778080341281664,0.03327858508563432,0.2650212588690938,342.7063702753663,-9.642995273008644,1.6824312946634215,5.154566768220928,0.9330391136079709,1201.6689410507313,2485.6043634915927,0.03991864783188048,0.024287291691255007,405
1596,0.04844153705532801,1.0070391162997954,0.262840533386463,0.026940371957448493,0.04793985653244105,1.840099834013778,274.5046370637571,-6.522578611330108,2.5838742607495724,2.472395474167412,1.5058041362174388,4756.6932655401015,3590.510357284674,0.0399489574903103,-0.0014838668781715506,404
1597,0.04844816640843566,1.515357184373488,0.4155563719048185,0.03285987399626007,0.027089974994577368,1.9617987515884485,638.2170622099163,-0.7316609508865687,2.58236898351369,3.8870517414575776,0.5463523600465765,3843.70580499037,4630.755348344374,0.04008580078495211,0.024287291691255007,403
1598,0.04844970924108966,1.4522635489689042,0.13962862831970885,0.011486410340547372,0.013170016679208535,2.675853170944499,667.1979038384488,-2.1672816974067866,0.4640376848303466,0.9977418850910209,-1.1172900052340442,3222.0680916645497,1190.7058935003986,0.04011764529430545,-0.0014838668781715506,402
1599,0.04845253895245026,1.569095471474459,0.2106729857676756,0.02219213900328442,0.03903898765849506,1.4672117297746061,691.2902169718263,-6.483732863830611,0.40783185655454574,0.9517812769862585,-0.12580645693699294,1055.25369844239,1221.095819435605,0.040176048714553304,-0.0014838668781715506,401
1600,0.04846183667344268,1.1996694870252573,0.7386285755688354,-0.03411228344723019,-0.03311198261805786,1.9316171074757587,441.65215444744075,-6.613475827846821,1.3187996726868567,0.22728508401549638,-0.7688121414332902,2699.85293783146,390.27127164893597,0.040367923675526274,-0.0014838668781715506,400
1601,0.04846594417130593,1.1730380779663478,0.2618676660140449,0.0017524091137225593,0.010473053778625967,1.3938445296481765,444.88842153873935,-3.641365563899546,1.9731765731681017,1.559697305133668,-1.235781589231024,1933.7551773099651,3039.8535231623687,0.040452677454704156,-0.0063013866026451655,399
1602,0.04846670592914565,1.0841326804349913,0.962529933670422,-0.0063928902338030846,0.04028868459758322,2.1317698378613703,365.5924306205522,-5.622606166774402,0.09985133488737942,5.742526195951996,-0.07204113447690433,1390.0133205675932,3007.2443394652005,0.040468394714840705,0.024287291691255007,398
1603,0.048471096812824126,1.1824886190401374,0.916052361710536,-0.0452890690138173,-0.008872571271638045,2.300356545633741,703.944731846413,-9.12334536912442,0.44130748208499126,3.8337365326245307,0.3509331435215143,2958.97392663248,2757.159599485041,0.040558986487235216,-0.02684974113670431,397
1604,0.048474979418636994,1.3471544898694163,0.44486024334547314,-0.004849434082659693,-0.04853672841093856,1.4482752291158325,406.32633504005037,-1.0356568890009044,0.8826854561380546,3.341302524524102,-0.38931737186647153,2345.6427038526695,1075.9509808532885,0.040639084743252285,-0.0014838668781715506,396
1605,0.04848199194718474,1.6818517448722552,0.6807249062224353,-0.0057323871079730145,-0.026917418500125502,1.554797726531751,625.7406477014925,-9.023826064966565,2.36528684117832,2.6751108607205514,0.14071901763389985,651.9331850765601,1975.5666053698687,0.04078373712789746,0.024287291691255007,395
1606,0.04848233688880592,1.4642147652175188,0.996937761306606,-0.022034527784976523,-0.048499041940721015,2.6197025794150983,300.4179201566996,-6.037488211630735,2.6774780721777978,1.66516338408617,0.12039317160362734,55.23425298580472,4301.028172619991,0.040790851942658524,-0.0063013866026451655,394
1607,0.04849778164551789,1.7770667931291093,0.7273322290345222,0.016081520462044675,-0.03232021652488123,2.2914069626538143,630.8913170153666,-2.5313693396909507,1.6609423849922813,0.6606374858124506,-0.42866179001715393,4324.117218492673,992.2778343699982,0.04110936582113478,0.024287291691255007,393
1608,0.04850280346412154,1.5331193778474348,0.4293680453357553,0.02582705498224141,0.021756949181183108,2.0125330157742236,765.8699800857183,-5.847466745866782,3.1253299664426533,3.6307308110923224,-0.014619658380498913,1496.3571157655872,132.30299776736686,0.041212907848293304,-0.0063013866026451655,392
1609,0.04850607742616539,1.3015833395174512,0.46974132522899714,-0.021673354393441965,0.002326865497327046,1.9727180490348235,534.9725377376593,-9.481361993340984,2.46498102102087,0.4706956127133,-0.5803889000613742,2772.129456074349,2259.9662282919912,0.04128040604047575,0.024287291691255007,391
1610,0.04850612112227751,1.4887189325624517,0.32915146655126054,0.043550680313554975,-0.02482071403680935,1.9968662564738984,642.5162699758993,-6.270991009854081,0.08528469900670269,3.564655864188038,0.939402310661856,3661.6032338403816,976.2497798516071,0.04128130687794779,-0.0014838668781715506,390
1611,0.04851906943793936,1.2997438668405896,0.25709350229842687,0.012129826357214971,-0.01927584328315218,2.0077297393956215,614.8432561089977,-2.912752356786046,1.900286023511476,3.845256145587574,-0.11416209778455233,4603.8273670974795,1762.689320691573,0.04154821314560898,0.005348167233517009,389
1612,0.04853418091339442,1.3811631227907846,0.20839756728937872,0.028771769405557975,-0.04799701469942592,1.3868507297834956,203.71051858073503,-0.19221449365777712,1.941845719498776,4.834672189897021,-0.2677880984914334,2148.161514534028,4063.2575157524034,0.041859619008305246,0.024287291691255007,388
1613,0.04853897110543031,1.3602557623534886,0.33394334040164014,0.02301396873518498,0.009805948885947687,1.4389733131692246,224.022544941837,-5.788400101177977,0.9590624453876044,5.52428391376733,1.1361692928430591,3437.723614123252,1597.7019555567722,0.04195831142613117,-0.0014838668781715506,387
1614,0.04853898111560138,1.8275195727052083,0.868129393076306,-0.018944449126225938,0.00573163968321758,1.38216624151372,737.4824976682719,-1.2407789920907133,0.5571340218012462,0.8605866654347339,0.5852532149983328,1385.503978495858,3385.7808236636643,0.0419585176556464,0.005348167233517009,386
1615,0.04853961890460963,1.5212419033260642,0.1455258167606436,-0.010019634945116344,0.024390057621831975,1.5696502783403734,451.85717342836443,-1.1803814330940479,2.491559281610541,2.7403020370578335,0.9985448544495771,3403.2226280982513,1176.65245195419,0.04197165729730323,0.005348167233517009,385
1616,0.04856342692814837,1.1034065512201883,0.19726063182089892,0.005195398882379031,0.030730545273010407,1.8882104029425255,446.3928069795021,-2.890325469702797,0.33704964787105507,1.6436808023115115,-0.8192986432115553,3140.906938164689,1559.9454934080259,0.042462023460668546,-0.013787416297580055,384
1617,0.0485677116280618,1.0927985115356502,0.22475985620683836,-0.017443789724274402,-0.043874180879039076,0.972977048839125,325.35869111409744,-9.549077794269543,0.14592039421077643,1.0842174320571436,0.6149844021705931,3704.129202453396,878.9819082252833,0.04255024851350969,0.024287291691255007,383
1618,0.04859709373296712,1.1264538348710653,0.32538855017775375,-0.043140408108855735,-0.049130501886872006,1.0606419821845996,298.4168922766471,-6.222793868882467,1.277681832238021,2.5460056003159623,0.38168975046235565,2946.8113064902136,375.8149024291814,0.04315503757662609,-0.05147565138044434,382
1619,0.04861503235970114,1.4756169933069636,0.12807974187229962,-0.040023441273728616,-0.021343096959568916,1.4315593578281882,552.0310796195777,-5.339194559465273,0.4795341864090536,4.113662317122341,0.44176637996831114,1681.8111998022462,3220.7543081167846,0.043524099084863266,-0.013787416297580055,381
1620,0.04862591012791524,1.4398583462349792,0.15023457176810062,0.014014615837835935,-0.029137196668172882,1.1331749769320645,372.7579448077889,-0.09180101740247566,0.9189189932429846,6.237288535399182,0.17245983541364124,4211.253227337557,991.1352378632641,0.04374782723842552,-0.4902399467185491,380
1621,0.04865291761697398,1.8835830581761863,0.9280678830419681,-0.021228154113318055,0.006081026556630889,1.2190412050731505,787.4053664102925,-0.11948177942167305,0.32923463446242107,1.7241318817356572,0.8348474459919146,1624.6830671771968,4086.9137794582352,0.04430308659709205,0.024287291691255007,379
1622,0.048653925669482116,1.4887626836944512,0.4153719163297672,0.03682506217735297,-0.02506186627119891,1.923764065194113,680.5446654810632,-5.787806470126489,2.991187033209742,2.9168715914865477,0.8955508316961791,3273.712471538012,736.6020650558369,0.04432380564363714,,378
1623,0.048660471212471954,1.2442764588327138,0.9019270770600193,0.028291407887323393,0.015772235641329888,1.438245405356437,256.6840466442951,-4.065832307268786,1.1370689749313647,3.0050156697788784,0.08813458894747629,3758.346858244736,226.95927434071962,0.04445832927447935,0.024287291691255007,377
1624,0.04866556736702432,1.69108738665302,0.8144775086622051,-0.010054332267457156,0.03060475130140517,1.2828069211965518,710.4651049691105,-2.449407352007459,2.138986477219373,5.596102826087926,-0.5933511732830382,252.22151865461439,2601.403853398013,0.04456305262773791,0.005348167233517009,376
1625,0.0486884455966471,1.775652476085879,0.8143522223601591,0.018789840095523817,0.02527922554847734,2.097918258563792,685.7900058321517,-2.8220915895553387,0.6438440577415719,1.2925144168634266,0.8657885035588891,1660.8833292930844,138.75761904400596,0.04503305338781041,0.005348167233517009,375
1626,0.04870937657878482,1.6627660280077903,0.15447940231758842,-0.012563540220038623,0.00018289046915819472,0.38297081484109335,553.4447564179094,-2.35120290268192,1.7734963933461911,5.36615026554091,-0.20136037095993703,1788.8635645678323,1157.4434387096849,0.04546285729906885,-0.09310262642668454,374
1627,0.048712833589754,1.1823486020970042,0.2685204984884136,-0.019640154622328918,-0.04533680806197007,1.6605501027083232,117.77477798214426,-4.712768102925261,2.3963983070147017,0.9926886991736478,-0.8177985309264706,2727.3094204261733,2946.733104574842,0.045533826967385505,-0.0063013866026451655,373
1628,0.0487182374854443,1.4816436875983607,0.4080136536224642,-0.0009789185301045731,0.03496893404667481,2.1722446294420243,463.14139565931544,-3.1306121409732954,2.6189307098098613,1.160846892426156,0.5413436670392247,770.7063613609253,1042.015013251977,0.045644754531607934,0.005348167233517009,372
1629,0.048729769628077006,1.295334770999083,0.46202419226586683,-0.034928735437900975,-0.03219192689703874,1.3759767954773818,317.9421099194263,-1.0397473625146068,1.744449030448151,2.098814968045917,-0.2185908481506971,2044.009031470134,1368.9066094477157,0.04588143751826379,0.024287291691255007,371
1630,0.04873842754163533,1.9048592285779538,0.46088610861667006,-0.024434498062964046,0.01821576089364508,1.9312480341133575,511.5181160829835,-3.55921492304779,1.2002112420567665,2.080040020654541,-1.200583946057151,443.75906990201963,731.2187386771521,0.04605909369397154,-0.0063013866026451655,370
1631,0.04874007429225537,1.291392398379971,0.15435749108763672,-0.015354210355714291,-0.029844907971533725,0.5786030532296894,797.612812179329,-0.17754168409085144,2.9682361514007884,3.954328034581696,0.3236751681533669,684.3030237796435,3060.390154070882,0.04609288064372177,0.005348167233517009,369
1632,0.04876846170191903,1.0033129593017092,0.5004486082673099,-0.010877918303174305,-0.042430090829937324,0.12867338057623207,601.2166278411888,-1.806058309025173,0.45726793432677015,1.4973778597098117,-0.5459251591102247,1125.3163240697247,1995.6830627595982,0.046675135523778,0.024287291691255007,368
1633,0.04877142069498862,1.0116036547860972,0.16905570545313603,0.02678179713434582,0.049160852704605795,1.8183952342291214,136.69339560903686,-5.092820816844096,2.4111482665575874,1.9039868606890022,1.3464966925577986,4409.899563402301,3128.3706608184843,0.04673580799946353,0.005348167233517009,367
1634,0.04879329484707925,1.6258502823201297,0.38328924531163816,0.04783922148736086,0.04690783803273912,0.618939477465791,718.2443952078296,-6.129029032700635,2.625790433606935,1.1196132498443334,0.34758090233811273,4607.7200411207805,4846.432737534177,0.04718421093558825,-0.013787416297580055,366
1635,0.04879458118139235,1.6845859033444663,0.4399740289459027,0.006467077798353387,-0.02239992568601471,0.7870900307284494,546.9296858875782,-0.9896596101533834,1.0624967614829077,4.845060683406635,0.15166399882985335,63.546238571816836,811.347482652781,0.0472105735200232,-0.013787416297580055,365
1636,0.04883579437426466,1.3446917059014718,0.8434289134640286,-0.04048380770446152,-0.011816364517722631,2.301490924068923,686.8213670966952,-8.489265928987031,3.0931927642780863,3.0459688925717305,0.33488961015759927,3130.5311020408276,2875.3343311330736,0.04805484345312627,,364
1637,0.048840966356084314,1.1905000258061211,0.4262125934011066,0.013357515219603702,-0.026467996808903323,2.2379319980599064,784.9355145500838,-1.0296975871919003,1.1739838978896455,1.8777718970996242,-0.6822034146276644,4308.467763378788,807.2976973464607,0.04816074339873834,0.024287291691255007,363
1638,0.048850197798076235,1.0031054760633213,0.18717968275502408,0.02956351256183716,-0.007539431451079044,2.3616270539283883,474.70108009440247,-4.411368107415163,1.9226309997780673,3.0566972475977168,-0.10845988993150839,3339.36108794666,1581.6490790208227,0.048349735762616336,-0.0014838668781715506,362
1639,0.048860379746950365,1.0894714551358282,0.7391576934007899,0.04604895520509673,-0.04487146254632094,1.9593459419914951,773.2364320362049,-3.641616456959307,0.01468887609276525,3.3946601295425034,0.9500304039574674,2411.5795144841436,3764.043873950279,0.04855814613472567,-0.0063013866026451655,361
1640,0.04886404139699903,1.4168850424065298,0.9130155812528905,-0.02368565895887778,-0.03607336462971257,1.443765129879391,141.96993813240195,-4.063748807984085,0.2594105188366867,4.942012007216783,0.21706617640204404,4916.012578620472,2464.380294691865,0.04863308441541042,0.005348167233517009,360
1641,0.04887011928394397,1.9188692055769778,0.29039590705602547,-0.005607712430855127,-0.001017304055224973,1.1571776784685939,326.5891846979303,-7.381050940694449,0.14251493636250076,1.5336290816621614,-0.20918412161980557,1279.8447972046522,2385.4267119540464,0.04875746031239729,-0.02684974113670431,359
1642,0.04889326670140239,1.2474062129587578,0.12714324477210276,0.021937091026559916,-0.04416331282596783,2.4610045747944276,600.6366752334021,-6.575388151560738,1.7958378470794376,2.9483435815928916,-0.18956805195347654,2945.8643169844345,134.80149765640374,0.04923099992353794,0.005348167233517009,358
1643,0.04890109268125299,1.7684229029558092,0.8603842666337074,0.021152265313431614,0.019447277685746178,1.9714945470811187,588.4039655147668,-1.3469067945587563,1.3577502287266725,2.1594412348352194,-0.7505440007093782,3806.828168912827,1531.8048536252807,0.04939104964248872,0.005348167233517009,357
1644,0.04892377939586296,1.50086944571824,0.36939147894430524,-0.020326970862881537,-0.016327915523558615,0.4319454172508551,396.1302788694746,-7.678874249165056,1.7962628357459012,0.6652015625851954,0.7599013325739623,64.54365216264195,2656.551281369149,0.04985487268739819,0.024287291691255007,356
1645,0.04893514541627239,1.6739480006710072,0.17418604224596973,-0.023676657889619483,0.012454003249949858,0.3772942187095014,175.33807958966756,-6.465360051131874,0.8281133260622859,0.5252367071387891,0.40262524886871104,1996.26503673147,1619.25214864865,0.05008716668580471,-0.013787416297580055,355
1646,0.04895525616810277,1.3274620625244862,0.18362615688274103,-0.04933393169545656,-0.00797518456767021,1.9921335992353224,177.50478916254178,-7.189698140540503,2.265338250647439,2.71108598193048,-0.16535447278384136,3918.8345790278195,4320.607146792473,0.05049804970979799,-0.02684974113670431,354
1647,0.048955589071636656,1.4571295349882345,0.16055999280552946,-0.015648499611505506,-0.02903459038884777,1.0561799968152539,691.8959178500445,-0.6617179767761387,0.30539276382462655,4.23912519778387,0.36087499254684846,35.77011628652355,1900.3499375733852,0.050504849845831146,0.005348167233517009,353
1648,0.0489591035995104,1.0837956038649916,0.3930468566203928,0.0027427166398758243,0.030424777589446665,0.15880847330229086,765.3777022885292,-6.342475445604368,0.8583391333506207,3.6356837516636533,-0.04175744964607124,1583.6112013834436,509.8899033656523,0.050576637394318114,0.005348167233517009,352
1649,0.04163442778579182,1.7563429964990709,0.1856897205382482,0.04285272636265728,-0.014280342578316112,2.19644524593217,686.3950606532908,-7.618517374630753,0.9870637040588004,1.4158447922540491,-0.28961718096252487,2605.69229781918,1484.3795530667358,0.05068547901410095,0.005348167233517009,351
1650,0.03431559685466876,1.4415776110288676,0.965477792441355,-0.0005774397584625003,-0.0012876950053998168,1.577132670551586,371.61037477211926,-3.2763042100113564,1.2619184064543676,3.062538378136755,0.027681647881914323,3926.6207019393464,934.8156401807249,0.051011155424036836,0.05068547901410095,500
1651,0.03431839341586783,1.838763749094651,0.6635199881794115,0.008184898263695124,0.010567666791945146,2.187184816338302,613.5120509495451,-1.7857846027451878,1.4444558479477485,3.513677935493532,-0.42216386226674824,3797.6794783316136,234.18139382100992,0.051092647442566475,-0.05147565138044434,499
1652,0.03432502966301547,1.47456768461271,0.6670245504977541,-0.01597496406095174,0.01180917866501364,1.4185909769658405,268.90546373992424,-5.2397282781579975,1.682654107872721,6.037413868985382,0.16965876325977836,3912.8923142145504,1505.9400582990188,0.05128600164518865,-0.0014838668781715506,498
1653,0.03432917562422777,1.3833895572132027,0.5764415861596747,0.042829344689289645,0.024636313131626328,1.144598469524811,748.8832388407264,-0.28767537445861774,0.06592412795043243,3.193960919242787,1.1898584992581702,1050.9479358462836,779.9453734715654,0.05140677971550611,0.05068547901410095,497
1654,0.034330722917919373,1.2251980263565192,0.40098890046293273,0.021557399458783478,-0.027871870348162044,1.4259585240289807,209.46284898238565,-1.1125972125699013,2.946640472459868,4.663043997848761,-1.0839246268438696,2808.5111930161415,3966.973068138605,0.05145185096454291,0.005348167233517009,496
1655,0.03433454509509424,1.3269619020610497,0.18915855474567547,0.0337871889981268,0.0467840810366603,1.9455086173055007,457.68729067133756,-5.3469698453461625,1.684154980058982,5.793674205810185,-0.4427605401945037,2156.603800292229,427.6832560151905,0.05156317878100225,0.005348167233517009,495
1656,0.03433563545153356,1.4156994957718896,0.43927011880372085,0.04055960257768687,-0.039367293541481746,1.2124232005009297,653.971242964812,-1.1680308344817434,1.5205173262842944,1.6649720746096313,-0.665610860600122,618.7801928836662,734.2263683813582,0.051594935110417864,0.024287291691255007,494
1657,0.03434165388356715,1.051538764055547,0.829652544345935,0.016858890375710974,-0.03970061375464509,1.5858828428710436,603.7890176151795,-9.04412947503685,2.729175686711115,4.444350948159159,-1.3637824063528257,4037.7488435779514,4187.580749228121,0.05177020213414836,-0.0063013866026451655,493
1658,0.03434228454150192,1.9192375190479318,0.16493850482143654,0.03406904772062265,-0.00897842655948877,1.2724221883395008,300.9206863959025,-0.6722251872563534,2.101627066587009,2.571909346903376,-0.5019443465461764,1811.9908194066586,4575.007062049586,0.051788566192770946,0.05068547901410095,492
1659,0.03435623044920181,1.237283013857352,0.20822264913970304,-0.044400480106729735,-0.007552963054727921,2.1147197222123406,233.71216249659074,-7.012100383500609,2.2602649196262905,1.6947926473030113,-0.05562873360922652,3812.841381790012,3803.8554340774886,0.052194569376186106,0.05068547901410095,491
1660,0.03438638819862102,1.2262734211493702,0.3471069414985924,0.047342836212485216,0.011885940681665414,2.5831117285546745,646.9797558836838,-9.234996161289587,2.170836021835299,0.31108532227368124,-0.35635858656376657,1742.8482912387178,1343.6927262067393,0.05307197998242863,0.024287291691255007,490
1661,0.03441132417655178,1.2230202359149915,0.35386378606322416,0.011858779053216298,0.03710335219426441,0.8978784327489501,442.51902405002943,-9.267040739484633,1.4083085261054076,6.179570779546136,-0.6917308586401257,747.4509230204279,4607.016104840906,0.053796887197039234,-0.0063013866026451655,489
1662,0.03441470169087713,1.3629167295025337,0.17024789259668227,-0.033226755115436844,-0.024657644159652135,1.1333246660752898,580.5472267292802,-4.291478227471989,0.5504934596500167,0.7618908664134616,0.17471612495971214,2481.0594616925396,3641.549688721314,0.05389503362600227,0.024287291691255007,488
1663,0.03441742614115082,1.023730235115742,0.3882995728558991,0.04358445564446157,-0.005291083089385105,1.1580179101185049,594.1456692231905,-5.3877277935968415,1.7324006373725387,0.21181451685416874,0.14088862610215616,3491.5038573337897,3121.3085002093712,0.053974195795197896,0.05068547901410095,487
1664,0.03442247064552304,1.8594285882285557,0.9014827759474487,0.032504053513451425,-0.03570207767561322,2.046347711104088,619.685545639012,-0.4926031555538564,2.4258830952726385,0.9909446055792148,0.3961859693385263,3286.7760422504894,1082.785059711229,0.05412075337636235,-0.0063013866026451655,486
1665,0.03442432469162357,1.675894607654074,0.2131122850302997,0.020649342090912095,0.04359008687502263,1.3916419584188062,260.6451661130695,-1.441556071642016,0.8167656137173791,4.910947369573938,-0.8276122227540141,4922.353566489908,2683.8103687795,0.05417461343159574,-0.0014838668781715506,485
1666,0.03442497024469525,1.672947513167441,0.16400021947385857,-0.021449089227154928,0.013880113327409445,0.3811329403242206,193.5069430036041,-6.470708446991514,0.8409760465767668,0.5391637079504064,0.4201370317185969,1988.876996312991,1606.493268939875,0.05419336607311864,-0.0063013866026451655,484
1667,0.034433959491754006,1.929445500113648,0.2624210809629748,0.0006249065360410776,-0.02197314634155738,1.875916138170738,748.1920821213893,-1.6319289920748288,0.6082136064726807,5.77111875996796,-0.10192864238680861,4214.71135359867,1077.3623486052654,0.0544544577614223,0.05068547901410095,483
1668,0.034435363976056024,1.6394577651715267,0.2994949635729969,0.033536405418121557,0.014249233955269336,0.9551205352847962,575.5592237044327,-7.576057179551739,3.0094124152319237,0.5621943149692451,-0.3415649370799853,3953.060947784605,2621.3715556210072,0.054495244696202816,0.024287291691255007,482
1669,0.03443549761293105,1.9643882251839195,0.35808252705926275,-0.013999609496815125,-0.0018214329578564604,1.7284498308341092,550.1961685945315,-3.3648837913405454,1.5008889169498092,0.4093059655703116,0.19528571389248478,2362.6507689729647,4081.4062111155376,0.05449912549204611,0.05068547901410095,481
1670,0.034440102679640226,1.8247198238781681,0.30469276693064684,0.04943623002447805,0.021087946214763995,1.0384524617445499,648.7368773974156,-7.671224742987555,1.3046662832297657,0.2599098630054565,0.4433008278026169,4175.958859191674,3881.1400890321793,0.054632846772071864,-0.013787416297580055,480
1671,0.03444358311834932,1.6738809365153924,0.9329169106693151,0.010929970802782914,-0.048072619833971375,2.2756157306167877,462.7471023399888,-7.25807497479045,2.8293541370154767,1.6323533983013514,0.15697850197690186,114.69786290790894,3965.4530494430965,0.05473389939926607,-0.013787416297580055,479
1672,0.034446533041104274,1.330589340104003,0.25815716967344676,-0.04387060585653576,-0.015120553134046599,2.3019645104862545,705.847363988676,-7.986403589811967,0.14440931458078038,3.0932973517456563,-0.2716705935610938,910.1256528876189,4189.231332356344,0.0548195407922169,0.005348167233517009,478
1673,0.03445860304816077,1.0024762685102102,0.30378613980917335,0.028796812008549503,-0.0220823932893557,1.9524219198457728,314.30252498095314,-5.198050404843801,2.2296755171863785,5.104095633121293,-0.624403700646695,564.2421459457246,202.69675585342534,0.055169877729835226,0.05068547901410095,477
1674,0.034463443396868944,1.2261178936250605,0.5890224380130493,-0.039707525762918985,-0.013722282097733653,2.1473042899910446,601.3907943104387,-4.631666432838754,2.4995741853291724,4.842909762652465,-0.5524230088809375,4501.3460708073435,405.4660095112915,0.055310336377470445,0.05068547901410095,476
1675,0.034470593398414164,1.371189705099016,0.6954870688862723,-0.02256940835194218,-0.0001927693701095047,1.841413120149376,593.3473482657722,-9.029991445382068,0.10815593886083408,2.9057661233161705,0.891861415128182,4264.369112128396,3423.200386088879,0.05551778111455968,0.05068547901410095,475
1676,0.034474319915823115,1.419234883646784,0.3078462069288873,-0.0404704598255463,0.00909322387990578,1.9681011403308486,270.4992928064151,-6.211999003285212,1.2598962389143655,2.6769802418968642,-0.9280982810441548,970.175342373397,4349.1837992630735,0.05562588241554098,-0.0014838668781715506,474
1677,0.03448487606420571,1.9725401630899344,0.7160310569997059,-0.021047805183263678,-0.022142508123848024,1.1378455821881819,599.2504022724295,-5.244832311717024,1.8958931648073634,5.395762063686852,0.13654691673187155,124.64458853430828,1304.535652468947,0.05593203878282757,0.05068547901410095,473
1678,0.034487045475340476,1.237642499346355,0.20157058164164787,0.027163997715779067,-0.018546278643812034,1.6223122972690402,641.0651448484406,-8.925912190083338,1.9595430883205478,6.197577072202171,-0.4664774761927829,2295.8652894852776,1451.8514774256932,0.05599494586398235,0.05068547901410095,472
1679,0.034511921371226884,1.622073532897314,0.12672853411402535,0.013148783221951545,-0.0023519427894951417,1.719587085571013,526.2343468106408,-4.544110892497005,2.170193386560391,4.821327297274907,-0.7738302242616315,4269.295255986798,3259.9062921355435,0.0567159971522115,0.005348167233517009,471
1680,0.03452725411109408,1.9530756863422611,0.26502324954171086,0.005802805315313593,-0.019154931563492923,1.5352142530863506,749.4152406663658,-0.6894713186732653,0.6431129851369277,5.918449767018211,-0.07763376365993466,3826.7083113287626,1219.6920647926022,0.057160172217015415,-0.09310262642668454,470
1681,0.03453273420258812,1.4856650715236301,0.2789923637632507,0.02182953764665796,-0.028408115228830466,1.0627566264719417,662.6192833294766,-6.438144040817656,2.1553990956988014,0.6039729081547108,0.5791367698708747,331.605757570592,1927.0419019642804,0.05731887747136827,0.05068547901410095,469
1682,0.034550555194633376,1.3677748222213852,0.6084236541416222,0.037468281773487905,0.028737126951992233,1.1722475525688831,799.1624887629216,-0.8376354671065008,0.06139835144534645,3.328682146990889,0.9969924774270104,1116.686547506914,57.63458540637011,0.05783480520418166,0.024287291691255007,468
1683,0.03455160114076196,1.3641015076909935,0.6728764178626272,0.01845033580315447,0.03813968609006601,1.0109195973501734,276.405828893456,-4.698927191688717,2.8741500365967387,2.505930374534091,-0.9959639799861446,410.20819337533476,3012.4830475210338,0.057865077664069065,0.024287291691255007,467
1684,0.03457700108024361,1.4848698045074913,0.7288202491670092,0.03899965548756699,0.019994210553126644,1.0385704795753028,654.1214790390501,-0.8066278267363073,0.6450219592060441,2.74422172038684,1.2305756809355595,912.7330547676813,390.0895619784477,0.058599938193838574,-0.0014838668781715506,466
1685,0.03461019796432168,1.7028106825752454,0.333790213390058,-0.0163025391965628,0.017480078021291524,0.596875922631655,497.09879659587983,-6.548867769981282,1.433187650487142,0.7573526721556729,0.39125704459904204,96.75129164976876,1114.2465239167047,0.05955956330034756,0.05068547901410095,465
1686,0.034617955330874695,1.6925025023134275,0.8285531636006706,-0.012317565357898347,-0.021061891211769518,1.8230752077793648,504.12695700660583,-5.779863876011079,1.7759754832671204,2.1394920483694366,-0.2348212812397872,4755.452374222016,1966.2201696015193,0.05978367346989742,0.024287291691255007,464
1687,0.034623885256433264,1.6455301958929627,0.9141007365738846,0.003086804801687749,-0.027046471004714343,1.004123311895622,612.5748846404357,-4.322062137097433,1.993839885860452,4.971640694942888,0.8222582869716956,1122.8358580773931,1441.7715387603528,0.05995495503956638,0.05068547901410095,463
1688,0.03463821691396991,1.1128032468242899,0.5914451405830736,0.005399871313646332,-0.01729759779750854,1.7486520650892214,601.1027330178549,-0.5780230165681426,0.5526868433077848,5.857144714302012,-0.3483491904158804,2461.3303020146964,4159.228918688238,0.06036879340978363,-0.0063013866026451655,462
1689,0.03464723835198419,1.1280769401159347,0.14827698668140488,-0.03004649369281679,0.039929317448179014,1.4721267584717779,720.5146040079406,-0.7349471851802465,2.175967649760416,4.2379003935542725,0.683475579520515,1852.454693119041,761.5755444348083,0.06062920702859405,-0.0063013866026451655,461
1690,0.034650420320589626,1.9691345715301833,0.6294640806545044,0.0013013775152796007,0.03422963055094804,1.900077618934617,585.4443913361374,-1.6423286878522951,1.066849785714414,3.8651431261132214,-0.7664452637280584,2553.040167293024,1929.266503109388,0.060721041837129286,-0.4902399467185491,460
1691,0.03466227002585827,1.53128414658543,0.4282491539697505,-0.03700519306784877,-0.013089236377315384,1.0858322637504396,640.3226303585178,-1.1261118666122598,2.392923344594635,1.9576470624884705,0.5114403925935095,2781.8256440367027,1315.8020045699457,0.061062962063433715,-0.013787416297580055,459
1692,0.03468873240937056,1.5795416630768204,0.139533076632906,-0.029621796070895132,-0.02736694235697282,0.6389811609606159,673.4898816764679,-3.2762289403684988,1.2912603101267024,3.679411001024734,-0.8549870314078525,2416.0893760300246,2380.8835246275826,0.061826105604793624,0.05068547901410095,458
1693,0.03471449045495064,1.3275476116115472,0.5138112164506718,-0.016067450115455177,0.028150941667157633,1.0359888735201592,328.24209810089917,-0.10171371059177649,1.5429534356941141,6.1111327670223305,-1.1017440243862677,3754.4845324178136,1029.2236810336667,0.06256837795750014,0.005348167233517009,457
1694,0.03471586230028068,1.9937167622819683,0.32499901075441595,-0.019900318399155372,0.036106226088509955,2.0098670574767863,393.6836567414093,-0.1493099474763606,1.147193028091832,3.5460031106879537,0.22576721593552887,4486.176249739457,2437.1641229383913,0.06260789512191356,0.05068547901410095,456
1695,0.03476956193326092,1.322517103264867,0.26662911984270243,0.03751154103682555,-0.0214580231682752,1.7437190673193945,324.732620734133,-0.8878993726738847,0.590421037610312,1.4526314652750123,-0.534245746096619,4866.546639689624,3752.9593442123596,0.06415353276494218,0.005348167233517009,455
1696,0.03477056017340601,1.4147218524868215,0.8342308824576705,0.03057471899937017,0.005876693897461911,1.5503443070997887,493.4370585148389,-0.39287026305975836,2.244975589596484,1.9831122095406193,0.21351070472632974,2954.2639310438267,3869.0741266098603,0.06418224252591437,-0.02684974113670431,454
1697,0.034800239575206414,1.013764335058031,0.28205050444760865,0.031126376884743255,0.04110446341246347,1.7741072581050439,310.4563649872067,-6.014488823240615,2.5310075699790735,2.6448148979013046,1.5295980917457466,4918.0738826851375,3493.5896621084853,0.06503545691218438,0.05068547901410095,453
1698,0.03482246401649925,1.6676428112836614,0.19982001394183885,0.006866271034367079,-0.036133171314140664,1.0976903528263133,241.0074185937887,-6.830857158139316,0.8616115617933846,0.9049022557121832,0.16319759499069608,4139.250517990077,155.15917905233255,0.06567388204939972,-0.013787416297580055,452
1699,0.034836479903684416,1.321543247103307,0.2850271115319385,-0.02596175057389832,-0.00873957284679385,2.618913131511722,746.2593738086639,-5.739007458879954,2.1800148218570072,2.0642846391787164,0.0700202759087685,4258.491401909554,4407.623186209747,0.06607629663058745,-0.0063013866026451655,451
1700,0.03483725710622877,1.4032026996736708,0.1326649847011509,-0.014601714773063015,-0.016267777312260062,0.36438788913968945,673.1625065962062,-4.33169208168721,1.0126631406238311,3.798368269790181,-0.15710501013838224,1079.6071475850742,2357.006183433297,0.06609860640126142,-0.0014838668781715506,450
1701,0.034841709325695885,1.4735027822057696,0.30204938801044073,0.044270584818497105,-0.03377502046052929,0.9034630274269181,772.311623855114,-1.206820082747108,2.0444627849655066,2.0061390032228945,0.12368486443596,895.5759128769033,1601.8920881023062,0.06622639875255126,0.05068547901410095,449
1702,0.034843588732798976,1.8972497831923112,0.15227728872133958,0.04935365503361625,0.0009305434150520528,0.7187953759645114,754.6651289442777,-0.6041845997214147,2.9592776644841714,5.026334248921635,0.6801067586537958,1757.719493144237,725.3361662993321,0.0662803385978725,0.005348167233517009,448
1703,0.034847426260031795,1.0402769047028404,0.47584597641602155,0.027936422915621352,0.033625354461421085,1.5135782038133767,435.8674424275688,-0.8302755087672793,2.7845201497388037,3.8387912391342542,-0.41862275008683203,2448.062512499166,2576.938457116439,0.06639046835368648,-0.0014838668781715506,447
1704,0.03484908384948962,1.1659616151955559,0.44023044732481875,-0.02020887937817853,-0.03241156729234493,0.09228922120352734,605.8233332656108,-0.7841751633891579,0.42488220842110747,1.8114566139240733,-0.10021735124173692,340.63174267254914,1233.7716309122588,0.06643803427791078,0.005348167233517009,446
1705,0.03486297772258581,1.317224919466297,0.29812336549823754,0.0028598668117177256,-0.027366890987312698,1.285276215402922,314.74379747974706,-9.887675584456069,0.6742324652920054,1.7955392527726526,0.8909905710255397,1819.120881650038,2130.576384236364,0.06683664172024209,0.024287291691255007,445
1706,0.034874481135910775,1.519582041740718,0.27230303477843953,0.04239616200975069,-0.02144664809618622,1.1785784467468234,599.6717793492714,-5.903348909322191,1.6108470951965794,0.031118715200443382,-0.028032561543896765,4095.704404542177,4027.241324354267,0.06716654801796335,-0.0063013866026451655,444
1707,0.03487768429768828,1.0986192874938776,0.4943083391369132,-0.032030121730729624,-0.03780586139021828,1.9707163542542037,113.07210943204221,-2.149030399337606,1.783116373498402,0.9623644631811726,-1.051357729045414,2797.424435969268,2315.6136502092695,0.06725839209928708,-0.02684974113670431,443
1708,0.03488731336392095,1.8130054707225278,0.3080551838249187,0.0470599425634062,0.02105075314316673,1.03498586373776,660.2868902466721,-7.751478814839319,1.3112392340111767,0.43822148306125347,0.41710536980688473,4281.255783494169,3814.8615198362377,0.06753443500382593,0.05068547901410095,442
1709,0.03489464022004189,1.4523864178528414,0.19002836418316893,-0.018392606056907713,0.01990189290387981,2.210817648544564,284.85959789072405,-6.092987715608251,0.7760405861591186,4.912388195905001,-0.23061509007878245,325.78186910614204,638.395979716655,0.06774442786791629,,441
1710,0.03491115903722098,1.2123798420973477,0.5907971083641309,-0.04332986742931876,0.03248523997734671,2.346258209341007,348.339728615901,-8.716395802252846,0.015698630622696733,4.86590594238199,-0.37277723742073277,4279.776200084263,3206.713377794098,0.06821770709852898,-0.013787416297580055,440
1711,0.03491407736847128,1.655022761304582,0.1359311639043403,0.017871375894986132,-0.012351700010068177,2.073417259816715,550.5257494234626,-4.920536884867225,2.2518660400682284,4.160127158306463,-0.9347492486087822,4909.976796085525,2734.3484777260537,0.06830129668320206,0.024287291691255007,439
1712,0.03493568740277079,1.0353281359751385,0.29906179916779585,0.046471930655397356,-0.02188849079147654,0.9969734585345292,274.960584096414,-9.53905478754939,0.8103857151928666,1.3052161803369915,0.5476409182727532,3158.3249223240173,1214.245812829488,0.06892005424284198,0.024287291691255007,438
1713,0.03493943596688219,1.599643486346611,0.7550884153361088,0.014890418565813704,0.004050465081126977,1.5617510904918026,326.24988069712657,-8.961810416962592,3.1101105488891454,0.21167169143680378,0.8080907282849603,4006.6880615217583,1367.6475468842975,0.06902734748068162,0.05068547901410095,437
1714,0.03496018097905783,1.7912817528663474,0.13746131530707473,0.04793554473982668,0.04773117933842941,1.5140141769263584,410.38501721155586,-1.8708500121383351,1.8560584132975737,0.9099618256455632,0.04532117052911238,2965.8419872522095,1991.7947261977351,0.06962091333093975,0.024287291691255007,436
1715,0.034976276198945735,1.5531291434402512,0.13651881728987264,-0.030290881993278895,-0.02625078986623153,0.5135015649205588,692.5514948430634,-3.072343410531795,1.1957139681934446,3.602151096885452,-0.7455317385000184,2262.772909021136,2324.164455507404,0.07008119458685846,0.024287291691255007,435
1716,0.03497875891628564,1.5501160016013207,0.13302865415758017,-0.029533074635149772,-0.0278321437082476,0.47898190430556487,697.7173510233756,-3.071960092542897,1.1272478752981692,3.668964360517877,-0.7911182507282548,2163.8698950856706,2253.7982507938073,0.07015217496251694,0.05068547901410095,434
1717,0.034982514446717766,1.6989666939572916,0.5700215120624305,-0.041091516264800385,0.004309636280679814,2.267689705308435,531.3308785260996,-0.3297130436241775,1.0907009037924162,1.3027989075223012,-0.39202218124263616,2958.319951383731,1916.2047218391222,0.0702595352277558,0.024287291691255007,433
1718,0.035000587784561055,1.8481721422686228,0.23227129126523052,0.011698336963637047,0.04924278007575686,1.849041866122454,251.22599660957616,-1.7528204294496785,1.6647941565738644,5.257556876593629,0.779060652619692,4143.5235920722425,4182.680377570064,0.070776041003389,-0.02684974113670431,432
1719,0.03502674766346894,1.2153892918579041,0.38140645771022474,0.027953070561837164,0.02658583560271166,2.5220886090012797,597.0469642066306,-8.64993478648799,2.338241357251119,0.8045155308258838,-0.12914933968395576,1406.814500624503,508.31743037252915,0.0715231743895201,-0.0014838668781715506,431
1720,0.035042653405629315,1.0878539924113477,0.17926036313783783,-0.014746637447516682,0.03007625046376996,1.0691870326930575,431.5576582610372,-9.643562792815944,2.254606012719336,1.2382603809404469,-0.737082150494674,2099.497981354794,1441.756151772244,0.0719771740582063,0.024287291691255007,430
1721,0.03504623371278514,1.4227614689833408,0.18139447362078598,0.006506594623253665,-0.040925213528133914,1.429302953976751,520.1903811455273,-7.120097186855914,2.252926542007307,0.4418199136839781,0.7650349820102518,1096.1159101203918,2227.1469087204127,0.07207933881793169,-0.013787416297580055,429
1722,0.03504915436698989,1.8055701767729484,0.2537464704723198,0.022577716950962112,-0.02395955356487477,1.9224259696491162,554.2635008226295,-2.7310450269042432,2.2622272734742612,5.47175987645773,0.4084629509961549,784.4714972477716,3637.6439086127225,0.0721626725230926,0.05068547901410095,428
1723,0.035054272769147604,1.1816615727063597,0.30850814147047645,0.035260000895195515,-0.03985160586057727,1.743947740922337,302.6809858430966,-6.659175909290021,0.08158501397118768,1.5758483997078023,0.4340686634326271,3855.42802153571,511.1175355386976,0.0723086968297038,0.05068547901410095,427
1724,0.03507932334877414,1.473764592696362,0.7312847169580706,0.01856943159064358,0.017964774245763218,1.444407916338441,225.13834325393364,-8.570577993319272,2.9635651247231016,0.4687596529774407,1.0090468376772268,4082.8048335769763,1425.3894038713336,0.07302306432492378,0.05068547901410095,426
1725,0.03508320435915142,1.4291837378002417,0.2725153416271842,0.0013001947629178129,0.014127159718737013,0.505424781850747,634.663801066997,-5.74218975078941,0.5352370333933886,2.553744252020841,1.0236476547911484,2128.6103954676178,1289.7698194397499,0.0731336934742256,0.05068547901410095,425
1726,0.03509098691655597,1.7999718949338932,0.17455860378660704,0.007613105044119672,-0.034908407343124934,2.431703404712263,416.8787763167231,-0.6607312896920798,2.000042666995224,0.5171753430659468,0.2231701253556702,504.53871008157387,558.5966521121248,0.07335550030358895,-0.0014838668781715506,424
1727,0.035107282048727664,1.9382072272746926,0.19652700160466552,0.03835898486830333,0.02480550504494405,0.1261618903868932,296.889053842833,-6.100747434408801,1.7684389183182356,6.0587368005768845,1.1153983479034517,2614.206008284182,4349.782700134347,0.07381976053978656,0.05068547901410095,423
1728,0.03512132265563256,1.2818533226476203,0.9346620638292973,-0.03914151118936244,-0.004671803520807091,2.0059499059389183,688.3491755651048,-8.326440323663123,0.2291419827854373,3.7018154630797464,0.6128690867542034,2522.12941371846,2735.225593464588,0.07421961490557671,0.024287291691255007,422
1729,0.035121747960251234,1.1546068297953895,0.7888496056553252,-0.04355559537108659,-0.04119637670537509,0.3614274188889603,745.6768452111827,-4.60589821064503,0.31438710943523085,0.651796321263668,-0.5821304567132793,2706.7520095873733,4060.6982330035503,0.07423172441667675,0.05068547901410095,421
1730,0.03514537415663115,1.6785815464725042,0.15593508438657505,-0.025943650032702922,-0.028051849076359936,2.308432349603225,617.9682159370335,-5.491394935081827,0.1645831895982759,0.09904539046930623,-0.08921797659580588,2459.577186554897,2854.253690578156,0.07490419246587632,0.05068547901410095,420
1731,0.03514825826964298,1.958412043320681,0.22650048140495144,0.004053673834743226,-0.032113730573857045,2.3689830275157955,380.82970908174457,-0.6655653072563519,1.6228474388861287,1.312138935726314,0.5801074100561706,507.1161043827429,707.0787198111606,0.0749862514779095,0.024287291691255007,419
1732,0.035163030777146276,1.2304675605364974,0.7964455361460873,0.025392365173082694,0.010526402580455181,1.143914122161433,572.2117057508111,-1.181585802028576,2.327006709450641,2.6508425635579926,-0.08145296141266731,1870.9215753922556,3594.3811736300854,0.07540645449004296,0.05068547901410095,418
1733,0.03516325230316626,1.7327104143351804,0.7349361814883733,-0.01476967108176556,0.003052401494545517,1.2762916628743008,703.1322889032763,-0.35409609213277676,0.04450817597483879,2.976827983574661,0.2916098278867778,1049.872618806814,1299.1184498088319,0.07541275443957912,-0.0014838668781715506,417
1734,0.0351646589528982,1.55387915518979,0.7461329620355961,0.04436012390415855,0.02225454882688785,0.8959509426530066,739.5907369852699,-1.1886491154446264,1.29618806802713,5.14506858274583,1.0987756780512095,73.92982155525502,2264.681694903487,0.07545275704179563,0.005348167233517009,416
1735,0.035179001516049815,1.3127562715019339,0.28669025509701895,-0.0019082136338365724,0.020223290114552706,0.45945700351523855,649.6535206452731,-4.826653363066229,0.4766605304746263,1.5279057880942342,0.680116921036938,900.712278140563,553.1915508038177,0.0758605425694811,,415
1736,0.035180390895129345,1.3112482681400681,0.14663185792845515,0.011582005557068226,0.018606455078771438,1.0177892331311285,336.66248958760923,-0.1939559050456386,0.5063022113356287,1.611516217994789,0.7384538814022822,3437.8792325579147,4538.677302126701,0.07590003634659759,0.024287291691255007,414
1737,0.035184578435786824,1.3190450659708732,0.5218819493573185,0.007285508140241231,0.01463436216007388,2.2979996030019088,262.52154076228055,-2.7255957508781936,1.1954452327745335,2.312479168540307,-0.6278689446918994,4034.6465149239643,1270.7164009734508,0.07601905979531487,-0.013787416297580055,413
1738,0.03519368967222393,1.0239322583011383,0.39023468887856727,0.0492549268386544,-0.012253100698380131,1.2826847899094707,616.5597603746043,-5.798306488204452,1.808263014678192,0.3132091593366534,-0.14289587683963895,3610.3155642124702,3123.23849220682,0.07627798166812577,-0.0063013866026451655,412
1739,0.03521278156777482,1.4851984650327201,0.18408016349810213,-0.03994164752753244,-0.04693812647656545,0.8809930480772095,359.6386336834373,-1.4659044139588837,2.745839421406896,0.3887224312222842,1.1272004787306706,2821.8468473339444,4176.795147285009,0.07682031522590693,0.024287291691255007,411
1740,0.03521379267403248,1.5186198459793039,0.8665739455075778,0.0226875539406798,-0.02463261361934499,1.10294031827698,256.20573259722784,-7.25856615858803,2.891262098992423,4.752438522256055,-1.421710291361132,708.2178312203569,3286.798682698369,0.07684902899672341,-0.013787416297580055,410
1741,0.03522108225875101,1.353586635478297,0.5980505455774656,0.024717635028782693,-0.0009057237515118265,1.9106610244811473,502.08337635730766,-1.1814554240699888,2.9755773126560086,0.32821721402259046,-0.4521482457785261,1545.617588446416,4990.1857970948895,0.07705601693429537,0.05068547901410095,409
1742,0.03522133266880477,1.9409042235445666,0.258207189790351,0.04525780761990734,0.025805891320964103,0.6723413361584808,394.98328353855703,-6.301920576013806,2.5287275283161375,1.0169652788479935,0.9792898995004857,2046.6939770741503,4066.7640638451207,0.07706312657277747,-0.0014838668781715506,408
1743,0.03523471198427643,1.2925386014137228,0.30446551969464775,0.031954301223980415,-0.02881258860576084,1.5764182673195284,440.50970780868505,-9.270362692399397,1.0678610487206117,3.435187101858854,0.397954319683297,2271.725989920853,1519.4951160095359,0.07744291841884737,-0.0014838668781715506,407
1744,0.03523542974250242,1.4576831786453193,0.16503479951099553,-0.0063248420084906585,-0.006863268298107492,2.0036947801383382,443.4857362501707,-1.0949448554489298,2.2194557294643418,4.155229666153102,-1.0791438219990255,4050.9560351476607,3774.4567354185347,0.07746328898169819,0.024287291691255007,406
1745,0.035243941290240485,1.8918666962877182,0.6798946075463205,0.03762582493821635,0.006735222586936334,2.2888216681485574,690.5604461429633,-1.3977805142042443,2.8648756458592715,1.9932410217791303,-0.25817908836769554,808.9667065701808,3917.9524781604364,0.07770482200479786,0.024287291691255007,405
1746,0.03524772891793961,1.6816087800133181,0.49224458959008305,0.011169497200334005,0.0030254455685887523,1.8240898214391446,538.1054567977341,-6.446650836417934,0.32541976675949996,4.888758866553746,-0.6897250666785637,1590.4597296275833,181.4782934457259,0.07781228513326285,-0.0014838668781715506,404
1747,0.03525501691984009,1.6778672118591043,0.2064551920964152,0.019675624042025778,0.018773955512659923,2.3829706114371576,541.1082083203736,-2.318768927714102,2.220734113944863,4.537522537511822,0.39209614537302173,2843.053152250536,3928.1899475544933,0.07801902890863477,0.024287291691255007,403
1748,0.0352550375908455,1.1731422784231378,0.5293608903754571,-0.02353829605633067,-0.0387453444182937,0.6549647284383265,636.6186514950588,-0.5254290939012288,0.7924420812304308,1.8268493610853582,-0.3358348200866314,106.40031862286656,1266.0733030733843,0.07801961523652895,0.024287291691255007,402
1749,0.035266399603161615,1.8834572698506353,0.15929627560848167,-0.004850249317406607,0.016134553567695043,1.3569895493622224,391.35026750060166,-6.584648245904739,1.358608990160388,3.2301424132878394,0.19290855745512397,981.6366198888028,1101.807355517753,0.07834184384877912,0.05068547901410095,401
1750,0.035268192465016245,1.2152209636471483,0.21810842973300917,-0.0032723143690660786,-0.04291228496916196,2.5135836377811756,515.2133814359869,-6.023561312814528,1.8646675471023035,3.5820335263302368,0.22298857163605418,3492.640730235232,94.03913512268295,0.07839268023413082,0.05068547901410095,400
1751,0.0352788886015263,1.3955494710831966,0.3313042865745798,0.014572551763172785,0.037967853629656254,1.774742370869241,561.5755607868184,-6.325902598613583,0.38463394414927665,2.0043063892295705,-0.7615287700551581,1973.5038986053082,1093.0941027764727,0.07869591422836317,0.05068547901410095,399
1752,0.035283159413996276,1.6352831155462424,0.1445083598707019,-0.009259603722668108,-0.025481308179277597,1.2055729933862547,211.64146807993902,-5.7974986917780695,1.105905267798586,0.9347399069935247,0.08145586638762185,2544.973683496657,112.1020544975329,0.0788169654903626,0.005348167233517009,398
1753,0.03529020076204498,1.4161647709633214,0.14774448803442589,-0.030722888908780784,0.005284442312503802,2.0184514425574234,300.3569724547899,-6.046463505339577,1.4798250637367907,2.306746695198699,-0.8715809247241818,2187.4591963311304,4572.994321598045,0.07901651240308821,0.05068547901410095,397
1754,0.035291171745966375,1.6365056187525129,0.42743864140272164,0.014184575193516596,0.0009452211952136431,1.1418912106897317,645.7533636585276,-2.054799047438891,0.6528852113816431,0.2561951671423716,0.1583608362235505,3305.7770937489345,165.53386426301154,0.07904402628912394,0.005348167233517009,396
1755,0.035291864476266525,1.0271534523138737,0.7207450504878765,0.009199841432212252,-0.03871552271934748,1.573285644674023,589.2548221708688,-9.390428931240857,0.031140793723926564,3.5475277824883147,-1.3793280504275423,4571.600977941546,3260.0937951266897,0.07906365509340765,0.024287291691255007,395
1756,0.03529444811047977,1.5882528037707797,0.2862448711181694,0.019692186980374723,0.03386761397777941,1.451243148551331,262.73917741812147,-4.7383862601592694,1.3713972425737857,2.8245300612591513,-1.3144565298949689,1471.064340975154,2830.8428627105263,0.07913686005675502,-0.18152021181509076,394
1757,0.035304921691128435,1.0022228967950022,0.4889209775471736,-0.04398735189231881,0.037386899280716236,2.5519102171295844,309.18988306245603,-8.396729880574211,0.6835421118028461,5.497233561570992,-0.2740618604091656,4061.0792508524887,2381.2387428969105,0.07943356470875029,0.024287291691255007,393
1758,0.035305189176180335,1.1825196811349372,0.19440613754168565,0.01026583048054953,0.014333141686216832,1.784174625775531,334.1265098132561,-5.335324771960069,1.2509114143915467,1.478453274367338,0.7862330979990535,2943.9982076031206,1398.5554177209626,0.07944114110403522,0.05068547901410095,392
1759,0.035308502498754675,1.025975785453605,0.23156217230973233,0.04731650131295594,-0.015911325844814077,1.0309565160403142,250.706582192455,-9.11775723256976,0.7905850252443974,1.1301321629142185,0.6915632813683017,2758.992326517481,1422.435475187257,0.07953498473406378,0.05068547901410095,391
1760,0.03535003237801369,1.984367311801107,0.12820848311201077,0.049405536285290784,0.017958360057761868,0.17508705090188936,278.95917696205663,-4.941585182029689,2.292539752550427,0.12924920295479697,1.1083579569715212,2191.009062046705,4263.831175363376,0.08071049407949482,0.05068547901410095,390
1761,0.03536380241581173,1.4341084082447708,0.4282932994569654,0.027057718754729485,0.02955045800523867,1.94095200383702,555.7426091536228,-7.420584707817031,2.7752549043890546,3.7189242416754666,0.4248138932500674,1368.588414293314,539.1041564180458,0.08109995218230182,0.024287291691255007,389
1762,0.035364222196580614,1.5809017778106185,0.33241122528591854,-0.042496496980467514,-0.04716821982770102,1.634398417824949,567.5540951451289,-7.4444732343717375,3.0451412223162726,1.2493934861935316,-0.37809799473404904,902.6458684204554,2233.6938827292242,0.0811118224633584,-0.0014838668781715506,388
1763,0.03537405780375551,1.9102977476394782,0.3900547452961827,0.030392764422021042,0.02499396246533338,0.9612130901054631,541.8129754812178,-8.70581998696439,1.561290722392762,2.7289724522716083,1.3498707207614757,3986.9217788631504,2483.032552350182,0.08138990689631243,-0.0014838668781715506,387
1764,0.03538427966273038,1.115470888520182,0.43086373390411326,-0.046071569336765636,0.02135680240546994,1.1425063009536554,591.8141339922248,-2.8480287931975914,0.09180188015494349,5.123330748077876,-1.006834085613929,2259.0452560793897,2131.457233648877,0.08167882999467385,-0.0014838668781715506,386
1765,0.035389151796910656,1.6164116780936797,0.3638687614474257,-0.014611925705738034,0.0023808368633978136,0.7853015998163574,584.0201118906745,-7.4577552419075515,0.25097149289734627,2.399942606546275,-0.19964897583679264,3082.3337302753453,2918.737065580005,0.0818165125708783,0.05068547901410095,385
1766,0.03539475640746863,1.1933295900129364,0.9512442492664014,0.03356399763321165,0.02376365127968194,1.7603109606221095,209.24515429432387,-1.4975646006894987,1.897447319871511,1.6853988783862788,-0.18664227483430754,2104.9746997460184,1764.5715989929179,0.08197487089574274,,384
1767,0.03539735574141494,1.980285609421484,0.48424138501893194,-0.04850677736709998,0.004577819600779083,2.695915003851137,510.12445888357314,-0.6063935468262612,1.4639406973785432,1.228656993809397,-0.38553674919039227,3967.4629891062214,2054.054189729806,0.08204830658987006,-0.09310262642668454,383
1768,0.035397874733522496,1.8828238151240055,0.41961104445281744,-0.024380432111938927,-0.04927113954384649,2.506304744036407,508.8378985440524,-9.69154661546226,1.696676268974247,2.9344221044675134,-0.15180889918128382,3305.8579190979162,2494.721451507598,0.08206296837166605,-0.0063013866026451655,382
1769,0.035399953454130204,1.836362401935639,0.8386450249149565,0.04005052837397508,-0.01673577524259615,2.463484230883023,342.30494360065387,-2.154705495815126,1.593791185484336,1.052976032825935,0.4979350646269894,3645.9403286245606,325.6352253906552,0.08212169109421996,0.05068547901410095,381
1770,0.03540983292338011,1.927925272052824,0.4276770098531923,0.03680289547825519,-0.038620490096268306,1.2095657740152916,324.3846722839194,-4.127552755294874,0.7065036389161028,3.2731523567725724,-0.04241881525766094,3238.457770658223,4775.8042000794385,0.08240073357739752,0.005348167233517009,380
1771,0.035445510219443324,1.300244878445917,0.14587798970114219,0.0027517501159351376,0.026206723427122477,1.2001685807098728,664.4794870186469,-0.1826973738592407,0.867941910203379,5.3871417104993,-1.4160993059591263,936.7479815007717,1950.9931641989226,0.08340777969414603,0.005348167233517009,379
1772,0.03545313745414399,1.4730179398747285,0.32979028564090385,-0.033159322262436154,-0.049143837285835566,1.4444376131408696,340.914578534097,-4.182091063537724,2.479449636662269,2.321901343097097,-0.3309199204856482,2792.2761132750766,1721.8247263893572,0.08362293851536484,0.05068547901410095,378
1773,0.03546261348414283,1.8192089237821358,0.13082704963348238,0.03409594377887205,0.02505532527496471,0.9789724341072648,409.7463562752297,-6.065769642249955,1.8980694523002084,0.6958417009438981,0.4534193015331509,3178.2710715936064,3913.4656534867436,0.08389018605706688,0.05068547901410095,377
1774,0.03546851192029699,1.5343338548851087,0.39559737863680616,-0.024600693484021847,0.027393942724673572,2.1519391909132266,440.4692896058596,-2.050492209656619,1.9724584903272826,6.228834376464594,0.4383548171836347,514.8264306143733,146.1328515855555,0.08405650052432267,-0.05147565138044434,376
1775,0.03547721842880607,1.9581690789905128,0.13212976875195673,0.048792232348088355,0.019922728593421913,0.2111703969076906,265.9339956914011,-5.053112123589273,2.2451166937342264,0.18744229917017793,1.1270524196321485,2264.5319598784963,4243.036076483396,0.08430194189217866,0.024287291691255007,375
1776,0.035484478373628746,1.386650538283971,0.1290842709191332,-0.04266573835653952,-0.005787483737217999,1.986650460912943,174.27041939048706,-6.197506077460325,2.2060072840631086,2.655817055789464,0.06730114912254126,4248.124641988937,3913.928676974693,0.08450655776744442,0.024287291691255007,374
1777,0.03549929749051773,1.1342222364228318,0.17987167494798248,-0.0009542450207130134,-0.04251721634548019,1.8612956844466413,97.14105122546124,-0.6500064849411498,1.4585805915967032,2.865255825781247,0.04578822359877724,3463.7385232043766,2305.3329187219224,0.08492409309652849,-0.05147565138044434,373
1778,0.03551135477328798,1.6273669518517184,0.35554694188210945,0.0107978167644568,0.04661498243383598,1.8518415162643227,403.68236469992263,-4.535497448720792,0.6638710278539685,4.098484340078166,-0.9183574218572583,981.9895833112391,695.2082918064741,0.08526368391854167,0.005348167233517009,372
1779,0.03551276814678843,1.9024494649448003,0.14126166737439064,0.010525559063359837,-0.00849790712375027,2.0372523941232634,183.8502065644454,-1.0408517853662624,1.528070909374016,5.171907455659438,0.31390965067402377,100.74204590778089,1848.1984834089556,0.08530348373416508,0.024287291691255007,371
1780,0.03551981312746872,1.366154347007135,0.2626514634322526,-0.022621757275754613,-0.01484805728483238,2.5438021429677917,747.2918783149178,-4.770594655231203,2.2514900767943153,1.9592246582653254,0.18679450884976068,3931.913714710398,4249.850965836428,0.08550184286956655,0.05068547901410095,370
1781,0.035526641340268034,1.7490552221222675,0.8174477679769632,0.0016850531925642247,-0.01772809066257292,0.97797526526992,601.5097185617185,-4.981074043797777,1.7670779627560036,5.283906631790363,0.2562794492420816,1188.3983518062364,1126.3780228059006,0.08569406112646727,-0.0063013866026451655,369
1782,0.035526932358273484,1.10045807685274,0.2836161735586671,0.04741117010771761,-0.047056281079529645,1.012263718158832,273.85719064291953,-9.397205610688411,1.058307204441632,0.2697319020392127,0.8104779870038427,3699.9218290152353,1965.0099725949653,0.08570225263577042,0.05068547901410095,368
1783,0.03553725181169463,1.000143405979741,0.3958050265535387,0.04579512785965746,-0.015631902114895624,1.3039846395214942,628.2842122608215,-5.420713341605828,1.8170052382373016,0.419517380867713,-0.26318025020543806,3595.9379947477473,3203.648101505095,0.08599267892062415,0.05068547901410095,367
1784,0.035541471477268,1.2660811700508927,0.16047569147715998,0.0006834730311844461,0.007120958265753123,0.3743314888706949,457.36853028774647,-0.34982555862822695,0.4078240994599027,0.6464907381872911,1.0779634792351989,3844.5351308476947,4528.3125617624755,0.08611141109207654,-0.09310262642668454,366
1785,0.035542899947068815,1.4502453152603938,0.9540880227824413,0.028220359803066326,-0.027407565603728447,1.0086525514317766,329.0469245366414,-7.739420665796074,2.7751641753707066,5.162540505798474,-1.2628900042036748,73.22228405228243,2332.5863387727004,0.08615160191801374,-0.0063013866026451655,365
1786,0.03555244157188238,1.3623947082516068,0.9036164156089971,0.00860266070488731,0.0452909310379333,0.9869616874018529,354.7610893059725,-5.555524850406144,2.7466871354890237,1.6261455054950134,-0.7659059533311274,764.1485218575943,2865.0331914223634,0.08642001964169332,0.05068547901410095,364
1787,0.03555401912545587,1.7937098276409638,0.3708916200981971,-0.014946704678948371,0.04930889060401815,2.366955237565896,584.1688328701237,-2.3237049326095125,0.6145658819063116,0.3408051339950713,0.5000060244952135,3926.970354179303,1797.6013642482415,0.08646439123769883,0.05068547901410095,363
1788,0.035554709353886556,1.73217216818447,0.14488174856109148,0.03440153480967504,-0.02053549527611323,1.9237691742939846,478.7965637682528,-2.0277530974037514,0.1803057155034211,4.591772912001478,0.8164831661946205,70.60050701657342,4846.306766250758,0.08648380456281854,-0.05147565138044434,362
1789,0.0355571358498006,1.6736356084757424,0.5466796141002616,-0.008030965097638945,-0.021562919796311978,1.0715105158030611,619.3190560863088,-1.3175474888198304,0.6767268569372076,5.660012547305217,-0.20502685950036165,828.0152419569987,2119.1785851259547,0.08655204905587999,-0.0014838668781715506,361
1790,0.03556323209713476,1.7765442970849017,0.8033488993629073,0.012365363955599505,-0.0028634191984108514,1.2234387986986313,672.8393784973009,-3.278099249023941,1.6806279922592848,2.8236543938465255,0.3301247029175325,2671.76333619937,4014.183725472885,0.08672348369612501,0.024287291691255007,360
1791,0.03556999675762589,1.6147945213050934,0.8437709557511233,-0.02042068658892172,-0.01584339353835605,2.034618664276264,531.0969382121588,-7.718809763734128,1.239959486896421,3.763919098234169,-1.1389387106748181,4133.568795195188,3266.315198513896,0.086913680616031,-0.02684974113670431,359
1792,0.035580395595071396,1.0017254714442696,0.2913987804573969,0.03208672272651428,0.043978209730259774,1.801222919177805,260.0368307328576,-5.858310413181247,2.5438885006785767,2.605295176799754,1.5680492407989184,4913.042099808083,3703.8660453304606,0.087205986453739,,358
1793,0.03558358730564369,1.444542579833992,0.688337904255961,0.0005472592412613764,0.031666846368762894,1.968912492854657,686.7911722367736,-7.122571308615951,1.4760100717730427,3.363693101868653,0.4388538807027765,2166.3988282337727,3455.1782024092686,0.08729568662071058,0.024287291691255007,357
1794,0.035587347469846944,1.3980531898773991,0.18614697026296623,0.004146063336135563,0.030675073520934373,1.5895897455670898,466.40956277901586,-5.319532390937654,1.4304894418530623,5.68253844151343,-0.35529556698403764,1972.079311158264,206.34360979496032,0.08740135234568323,0.05068547901410095,356
1795,0.0355905323823077,1.1276195470548833,0.3991421213075878,-0.016585065879665958,-0.029292142266476164,2.098714092814281,485.3050268492249,-5.424033715476637,2.8165909220015806,0.24293154302468817,-0.1299697079465652,3915.5864741065325,114.4335217184527,0.08749084398170942,0.005348167233517009,355
1796,0.03560634297943545,1.9979275323289727,0.3035739165822687,-0.04670096454304595,0.041535567863122166,1.4611885196471839,755.1547671303084,-7.6821445771425765,0.3721765131173035,0.2700022561274759,0.46028540121642464,2217.0481549021997,1565.8150405334254,0.08793498137695568,-0.0014838668781715506,354
1797,0.03562542656016066,1.1151187797540307,0.16664115311442848,0.03330822453696383,0.007331673074973044,0.7319737994113571,385.4515773489249,-1.2840190411376904,2.4003902352234174,0.3587304246173341,0.46711489685583296,1893.661772723502,1295.1149987664346,0.08847079794609497,-0.0014838668781715506,353
1798,0.03563104283173783,1.6264018257897412,0.9729702335100217,0.03268292023161505,0.04823907766453278,1.60007205364445,189.65567195582526,-8.572253781436006,0.27579317846197154,1.6356264478350118,-0.01176928035062228,1633.540987035913,2044.596643891211,0.08862843336181725,-0.05147565138044434,352
1799,0.03564493311772484,1.8522597616195484,0.909886086267331,-0.043069723931778325,-0.04793517697007363,2.029412458678062,398.5047637232658,-1.8844329827992392,0.09811141520564981,3.3595116223039208,-1.320281834646651,2375.9349320639653,1019.0885106343155,0.08901819403443811,0.05068547901410095,351
1800,0.035646318120859874,1.0156190485918666,0.37280986522935317,-0.010479122213457316,-0.010442537597785297,1.6613511154525618,359.9270999887205,-0.7089878546727285,1.7696222732268243,0.8148652817310362,-1.3619495866633926,2550.3680969035545,3233.8810682933317,0.08905704881992027,0.05068547901410095,350
1801,0.03566752072180754,1.787483236956603,0.1277933051706763,0.01759960762406482,0.025797279299404372,1.3853493469788924,312.1628633646198,-8.508252084693165,1.394594149416266,3.6707735082074637,0.9268070953229953,691.392775213977,1651.382769666888,0.08965167678887931,0.024287291691255007,349
1802,0.035668349242248654,1.5943840157510232,0.7490674313588614,0.01287249107561036,0.00755975988735409,1.5351607671610028,316.856416319878,-9.069921489952375,3.0577134550997216,0.20019236625266745,0.8218823238136072,4087.2261366942926,1406.7121780029925,0.08967490550787502,-0.013787416297580055,348
1803,0.035668731185645744,1.585100958149425,0.993855409646627,0.02926872439036074,0.04613356183555141,1.5461873303923042,171.37110676847487,-8.3248193813224,0.20987315948306878,1.6898893974223526,0.033976984544874814,1678.6313932892256,1857.6357549742859,0.08968561363877037,0.005348167233517009,347
1804,0.0356799267162744,1.9954515045103807,0.4942838271085892,0.027673318776475664,-0.003396003650824906,1.9230997049470746,531.6957034891169,-0.29868315975300114,2.8972299947597056,4.456656165976237,0.7105279973045371,1524.3584965731202,2326.162473120366,0.08999943960410955,-0.0014838668781715506,346
1805,0.035683217723661,1.3259836948245127,0.8542065336295963,0.03804713510684663,0.03388344076712809,0.871613319818007,674.0299202415398,-0.73952347577033,1.2659597998686904,1.3841527582241118,-1.3558259923322131,1194.0400361093368,3276.215278334937,0.09009167229408899,0.024287291691255007,345
1806,0.035701239290164756,1.1000984047569045,0.49631390753588284,-0.030751156091272873,-0.04168762287198024,2.008020394958461,120.03141782558578,-2.0901835066540455,1.771634931413638,0.984558510123949,-1.108163975233851,2827.985813826893,2273.3536188512226,0.0905965880037205,0.024287291691255007,344
1807,0.03571321398882691,1.0123143491086006,0.34782717636299115,0.02828204899352423,-0.029664561873973386,2.0543227804087763,479.7721442506974,-6.714694164122219,1.8980547364261373,4.519467957690228,0.6423456575508546,2485.325291795832,1240.7224239933987,0.09093194585423489,0.005348167233517009,343
1808,0.03572992970834245,1.10609534564945,0.3179693373809687,0.04875608273261869,-0.03854536705462428,1.4574020798830842,284.4996421963854,-9.911826463421729,0.7867003231606738,1.619580301149071,0.7828302153821863,3753.399019387445,1923.493227329623,0.0913998905429594,0.05068547901410095,342
1809,0.035742335238264436,1.3871052408435993,0.7575886162439531,-0.011826815241238705,0.017817088530716705,2.4323977624428568,722.2326783534932,-7.396950510380377,0.4171074165722101,3.202892731589747,1.0231467932844367,3125.978103111775,3367.2304423344353,0.09174703303401466,-0.0014838668781715506,341
1810,0.03574505292074777,1.680736903092305,0.9934992143224395,0.0237766654232503,0.031142682203393987,0.6600869499462769,479.2613539508165,-1.0792294942411385,0.42201497779448477,5.2493816083679725,0.20102150738882882,2771.8812777308854,3827.0406973339655,0.0918230655359239,,340
1811,0.03574558257907628,1.6968423747958512,0.5738079953044198,0.011584147602679937,-0.046216539322105316,2.197112583351014,622.6165382236146,-9.489985007339776,0.127343067860942,0.6731048135526634,0.05528085108853561,4906.077851894377,4059.20014106406,0.09183788309406227,0.05068547901410095,339
1812,0.03574980445120606,1.47316023003932,0.9100787622611971,-0.03404412710166489,-0.02909000861856433,1.1232029386136273,475.63284764675694,-3.1672891701479218,0.5018854658321442,0.4130464973042211,0.7184820455575954,4555.58634382487,1462.957264541912,0.09195598503902369,-0.02684974113670431,338
1813,0.035750245797191146,1.9925416111688812,0.17371334732028385,0.048102837130468395,0.028874963835263154,0.8241149468127459,409.01514156058124,-6.125199446497788,0.13919121800349502,2.1390499803469507,1.0844954060936498,1911.487539060623,4170.227688857725,0.09196833037269037,0.005348167233517009,337
1814,0.03577610181021449,1.2169830234773382,0.16715281218815778,0.0060217768211387425,0.001458998536319807,2.8103527385305385,531.0135032386376,-0.8310009418355045,0.9568035030814701,5.156276988136051,-0.5108565851463324,3500.571338670573,3288.098262767668,0.09269130910751372,0.05068547901410095,336
1815,0.03582775745396974,1.874660540107103,0.551897952499739,0.011804401011940805,-0.03328700270976125,0.9486348389885958,332.18848484512415,-0.6539156904191037,0.6739144018702896,0.11051589021689623,0.9361122885352312,751.5160838581814,1897.8437569401626,0.0941341266663773,0.05068547901410095,335
1816,0.03583045832495289,1.6878231229585858,0.6847433792742557,-0.035506410017835825,0.0061756682316879506,1.9313223866836027,491.6756087384812,-6.062487026336877,1.4807536339887053,0.008878372892293401,0.8346270732077126,125.9501547919548,3902.566582304131,0.09420950869909892,-0.0014838668781715506,334
1817,0.035861715924613326,1.6123743563442445,0.1624993540699132,-0.017292645469836998,-0.031931090206940835,1.074551114776175,326.3506313656567,-5.90115295546919,1.0173869264930984,4.574718904255402,0.7421630891818255,3101.444955946553,3651.147172256016,0.0950815035009564,0.005348167233517009,333
1818,0.03586194502323094,1.7632598663416297,0.31496804175103377,0.0470518820647973,0.02042205624559165,1.0993138451248048,664.7287342615571,-8.203739834072088,1.0973013005100456,0.39381672810356055,0.33579080184752047,4410.3908244754575,3514.101015345233,0.09508789187040262,0.024287291691255007,332
1819,0.03586222285709906,1.9305750838419302,0.8276541497483125,-0.03161353755502848,-0.04265664508644801,2.4268724240691526,506.77094212109336,-1.8764893227654103,0.14753585299160307,2.114913041559145,-0.9669496624535838,3304.667240447292,379.5134987104772,0.09509563915776048,-0.0014838668781715506,331
1820,0.03587868128102867,1.4673680432291514,0.38347934964526176,-0.011226878769360734,-0.007570169569864309,0.9810274152733347,477.97685356963245,-7.101152466478656,0.6563358556553112,1.9107511252199958,-0.4749122579081749,4487.547574148549,2516.7564834717296,0.09555446873108484,-0.0063013866026451655,330
1821,0.03589023174423028,1.8857257414625608,0.23604824714734599,0.025553938131673677,0.02926785649526225,0.7443485992936005,392.51712352814434,-5.455492126380277,2.6137812698646794,0.3208773935368219,1.3015913768824479,2296.692191230481,3984.0239008234525,0.09587634801886646,0.005348167233517009,329
1822,0.0358973326715969,1.0605929227518625,0.2142321692744939,0.03781541199339243,0.040874575483869684,2.1022136756426213,260.59267761104735,-5.991614239790159,2.752951724715542,3.0923901742627637,1.2878422425415297,4719.446275361324,3364.0935209452227,0.0960741797030622,0.05068547901410095,328
1823,0.03590140983926454,1.3119668128238555,0.12779126871119698,0.0418731403966776,-0.009123276906160892,0.6002989815213318,349.46454644826593,-0.22346036082675527,2.5920097387777474,0.056716020806570636,0.2212005582150358,2335.3620810065054,4.765676993635971,0.09618775182221306,-0.09310262642668454,327
1824,0.03590490820604012,1.0124450480181308,0.5723733907458018,-0.010075522108707234,-0.04396763945887644,2.1804357705576605,245.98109064127328,-9.704297575796296,1.85112680410406,5.06284285421666,0.3518083955104487,3102.8513211891436,2479.1612169199816,0.09628519079065212,0.05068547901410095,326
1825,0.03591062845117963,1.82265136500579,0.672174631276926,0.03366977773818732,-0.02374062952387052,1.6470668084561153,540.9425612526757,-7.40598718227091,3.0935690542993175,3.8811894805479326,0.48590635391559206,4536.040180592019,61.83797725146759,0.09644449462425131,0.05068547901410095,325
1826,0.035924042668027796,1.6769778601297312,0.7696496012327281,-0.04421941166466768,0.025428284145704444,1.4090572572282956,138.93594807853202,-2.1095130421565815,1.5932532635422043,2.304853328614575,-0.8257687754587097,1846.0142033239247,3939.103210835578,0.09681796934886644,-0.0014838668781715506,324
1827,0.035948228228714074,1.9038916211182357,0.19025407463653837,0.03008715244529817,0.03338470894422681,0.5275703446347726,359.81311455288767,-6.6979449552193575,2.116636634245607,0.9507875227390369,0.6971768568210592,3035.647166694748,3699.8918587184535,0.0974909844435603,-0.013787416297580055,323
1828,0.035952362645281406,1.1931826714823166,0.3007508753177705,0.02632163047942165,0.04135215720112198,1.9068897150054918,743.7252610937109,-5.452435731596594,2.034739036932677,5.950211509846139,-1.2128627174525872,2901.8799376577895,634.5823817820338,0.09760598813181397,-0.0014838668781715506,322
1829,0.03596803042317275,1.0141922361346731,0.21840402151350682,0.03195407195149053,0.03772872392518251,1.7157849067963298,302.33176623085643,-6.63495371617052,2.4715018120855174,1.7995758337263983,1.2615558986109074,4929.417710450101,3124.974440788841,0.09804168592121132,0.005348167233517009,321
1830,0.03598349420203795,1.3474306701471768,0.2754246020716518,0.023271687771124906,0.025201024062914346,1.528877689482852,579.1460108063433,-7.330950780946249,3.0319778975859375,3.2541082217883095,0.5580818291597285,1341.74058803432,31.59681438481548,0.09847152473799542,0.05068547901410095,320
1831,0.035990450426968655,1.3317142374991042,0.1426076534864517,-0.011200474372082193,0.026998439946733527,0.5330578623635694,163.79578942543304,-1.8249253877374134,0.768123108193037,5.960140938719854,0.8430095017059096,2624.2148855402415,4932.177015717752,0.0986648231598321,0.05068547901410095,319
1832,0.03599791686981505,1.3207150788158064,0.17612178668536163,0.013626793941240221,0.03929947213089512,1.6579687805847736,470.94327354558465,-4.0141711230821615,1.443480036238792,5.421518249889873,-0.6123948656506981,1575.8369417621584,49.54091105656812,0.09887225786492898,-0.013787416297580055,318
1833,0.036006925769799504,1.4185234625935887,0.5207232451607505,0.008969621790382553,0.044620997444008825,1.8468581509208892,191.17847631836335,-8.159664156068335,0.9557020193718377,0.44524595795724375,-0.9823129121175764,2819.504460993546,2896.241355098462,0.09912248825770631,-0.0063013866026451655,317
1834,0.036007029516234725,1.2457081048056242,0.29867687338618015,-0.00042732074100470646,-0.02690831231372377,1.181649978636084,305.63599757380723,-9.57939840406469,0.8960882386536408,2.5716646728055825,0.5020656355739381,2233.876288477276,2047.1403915804558,0.0991253695447103,0.024287291691255007,316
1835,0.03601530666366046,1.3505662686283444,0.3249571345397173,0.01269665403021863,0.03534923564816895,1.5986545236650547,437.1766932368094,-5.8106239438219545,1.0746317630695283,1.7540943406151435,-1.091813014884473,1418.4944682492155,196.55637877100025,0.0993552190025724,0.024287291691255007,315
1836,0.036019812889628175,1.7804960380050256,0.1759358751547957,0.03827014392669943,-0.02126365726351063,2.5341882695446927,486.5879383916575,-3.155761229195078,0.3227100727629644,4.844365106906118,0.7185671743765369,442.9691380469719,4446.107802257233,0.0994803309202732,0.05068547901410095,314
1837,0.03604922592599706,1.341081644261443,0.3989060283326136,0.0004820681421775968,0.039055333600434984,0.5620599342309494,519.030784524346,-9.571591456131374,1.351614683577892,0.5932983578675449,-0.5925968637662477,364.8925626383235,4204.496167391399,0.10029657707769557,0.005348167233517009,313
1838,0.036052381762723094,1.8933255345335576,0.24887498205290493,0.01740109415871606,-0.045160920309979966,3.0462530342955594,316.32657280779324,-4.381801727600757,0.3124192285254944,1.4190565328700937,0.3269023591371492,1576.6763835096294,663.6693846338819,0.10038411567293243,-0.0014838668781715506,312
1839,0.0360583421567912,1.888986284046368,0.47292872006500736,-0.014576285152113289,-0.021549696352811735,2.5981542982253765,452.63647116695097,-9.37058784131498,2.2134106411128394,1.6463095748831436,-0.4069928567792975,3169.324464965283,3892.297700615732,0.10054942795280586,0.005348167233517009,311
1840,0.03607004404904088,1.7837221073985265,0.29456500640421435,-0.014062967888648043,0.00282861930617799,2.3268837186216804,542.0119274695543,-7.236627497445133,3.0995765926914953,0.10499207825867601,0.2826608731759551,565.4259317972867,1602.9351758670264,0.10087390193512341,0.005348167233517009,310
1841,0.03608803151227437,1.819768610542054,0.24978043062070135,0.04171278463448579,0.02902599574142037,0.968901004243547,447.85280344829533,-1.4201968970718355,2.6401361530874374,2.468955409891624,-1.0735781496828338,553.3291639402012,1278.408595983622,0.10137245912262616,-0.02684974113670431,309
1842,0.036090603661734715,1.0263488365087468,0.8100637032182693,-0.043850421138276516,-0.02724923237379146,2.0649210443026367,570.6915854137322,-9.397794542350358,2.580051400087313,0.6793108051161955,-0.539904176679143,3001.9404074720223,2407.5539117517947,0.10144373089037573,0.005348167233517009,308
1843,0.03610186232629042,1.289841401923714,0.3084670546496128,0.02182353115197707,0.03144500753950345,0.5239926025929893,743.4529155809073,-4.550644516714188,0.8061022799030543,3.502100502565103,0.26165987236334426,1238.919295791057,344.4737163457768,0.10175563780459435,0.024287291691255007,307
1844,0.036153156417714695,1.3930751720923409,0.20164484974853766,-0.048197324669556556,0.03536260790364574,2.287063891201271,627.0314697005136,-3.878582756616137,0.7957520372269264,4.469585768162677,-1.022663910395484,781.7565918525733,2866.2827644975996,0.10317544506320522,0.05068547901410095,306
1845,0.03615379589256684,1.7225147068369975,0.4665380300691509,-0.02020528028954632,0.03461769706817105,2.373517126470134,606.489176717789,-1.3157558175931605,0.7787389298822627,1.7259961908165111,0.675552437265967,3782.9215505392303,749.3776962807711,0.10319313284647086,0.024287291691255007,305
1846,0.0361598469184166,1.6872478340003472,0.3780557160339637,-0.04007855889350505,0.020165227249550916,2.74975814513513,696.8444160675051,-4.981211774172363,0.8363975652179259,0.6272409472500698,1.358758600485307,105.75613002261287,3664.5224438868563,0.10336048787462027,,304
1847,0.036206202346756006,1.6771990720292136,0.4654605702866615,0.03048457997814798,-0.04004594585947458,2.8653426066813124,279.87405248883186,-1.4057741563940644,0.7470999684886724,1.6542958495701972,0.14854785756297145,1953.862805458016,456.55692835715604,0.10464162551176648,-0.0063013866026451655,303
1848,0.03620968287921416,1.6257337657231934,0.1438936005823696,0.044715322186213546,-0.016025089847789747,1.0890368738469614,564.241324723637,-5.690623915532333,1.5542426817410298,0.6172399777547296,0.21693766379381332,4290.92957233525,4213.076581314893,0.10473775172621831,0.05068547901410095,302
1849,0.03622477261060217,1.0622889581332935,0.5108588891328126,-0.027518825482837187,-0.04762639964542511,1.9741914339023499,130.58158090661217,-2.865422444197835,1.9232152373750262,1.0697173741321246,-1.150957555201264,2845.328276129173,2243.20597635807,0.10515439685741579,-0.013787416297580055,301
1850,0.03627101390819846,1.3627409627202778,0.37941648965443237,-0.016009017631580188,-0.024784638969684407,2.7741683081375483,330.86762156922765,-9.844366197806847,2.20551305068435,0.42374808529073515,0.47531767671118064,3010.082211579626,2528.9664730311465,0.10643009317268481,0.005348167233517009,300
1851,0.03633002153151952,1.3392364672195418,0.5821779204331674,-0.008976102019220151,0.0014736505245732082,0.8270893478014131,441.08251783226245,-1.2249041976535657,1.6926618658765813,1.2988034043981656,0.5259689423550874,3723.0337049243553,1182.9016901852558,0.10805562470827637,-0.05147565138044434,299
1852,0.03634397463064347,1.8986178363094188,0.39988585630942014,0.049192584444441585,-0.038387272894684084,1.9194941469908269,474.2400810805932,-1.26446052245462,1.4476666991019314,5.496078757067861,0.5726107774371443,1469.3953075325996,306.02650455152195,0.10843961623301142,0.05068547901410095,298
1853,0.036365740622879464,1.1200170912317085,0.47803477424623747,-0.030901408227972375,-0.036304080051641326,0.35400181697733507,647.9812084410707,-1.3089248602764607,0.4474543368928344,3.4007154276418956,0.17441085511963111,626.685520664753,1168.0682935694288,0.10903832557505455,0.024287291691255007,297
1854,0.03637629626989918,1.168607510158322,0.22087988214788637,0.036024525105791606,0.04858292076124388,2.3732538402358014,519.6463226368135,-6.223324486955966,2.978682029042965,5.655738096386374,-0.32383495749098645,1629.0142583777135,1437.149379261291,0.10932854695305416,0.005348167233517009,296
1855,0.036394309239175894,1.9264084713035936,0.41973694984888266,-0.03340784341060449,-0.04966689939094098,2.5502095075429994,476.87158531586516,-9.672558916943272,2.123149564011013,3.438993257524505,-0.6428688630992051,1797.8098566280432,2520.435221743487,0.10982360864774832,0.05068547901410095,295
1856,0.03640078380911041,1.1681239082064463,0.8260022588227687,0.04861085420396957,-0.013693229509231394,2.013380639094363,116.32093112613748,-2.4673495907208816,1.3592513543634601,1.8564521687593694,0.1567861512641288,436.40738889483845,3884.9235912563945,0.11000149343860599,0.024287291691255007,294
1857,0.036437069901917946,1.793090999272868,0.31993936008119434,-0.01285212917435139,-0.0198350409128593,1.863077138758199,241.7522183101673,-1.3472866347878745,1.4885655286729509,2.362582271017416,0.2134288745133421,1603.1855632147303,541.4345495273524,0.11099784613042796,-0.0014838668781715506,293
1858,0.03647801929971862,1.142644907776992,0.5253576247252139,0.002993282026652747,0.04322877899278481,1.0301411291560902,372.52882371142823,-3.2189489190326683,2.606632461775796,0.7527321840804494,0.03340676963964814,346.24601142014274,3930.4982608764158,0.11212105403039069,0.05068547901410095,292
1859,0.03648524808795894,1.5939981668898948,0.3407794715396784,-0.04919023030335027,-0.02682927926521473,1.3361531619474212,574.1009421632315,-6.389435502371565,3.1299615656284,2.4105628689309837,0.3525565193706,578.7996505307497,2983.359334267401,0.11231920272966353,0.024287291691255007,291
1860,0.0365010420438609,1.7620976901244014,0.3763366867318685,-0.036685327801692244,0.00020613774016825685,2.6746069789929354,769.1010898939803,-6.987266122921256,0.09357430949230323,5.823546481745423,0.12459716942814941,1637.276986316954,2319.3138524191686,0.11275199513821815,0.024287291691255007,290
1861,0.03650836262180454,1.5544434988736062,0.26549597589545115,0.04350325859189332,0.025866632526476308,2.3861357736329794,348.56797332715377,-0.4039730248760304,1.1572024216456958,2.75804880121923,-0.03927246189137042,3036.159911708774,4087.3780618193887,0.11295253308271369,0.05068547901410095,289
1862,0.0365185888539245,1.2007403800995569,0.34640257859499163,-0.007179296442920404,-0.005825425760342622,2.4008168917589394,419.45906188648735,-3.6233891694129063,0.24686483409846943,0.08478959333229952,0.07631734828281084,4890.64261496049,2199.230082224835,0.11323260042714267,-0.013787416297580055,288
1863,0.03652578470025457,1.1132792829457558,0.3172151791848577,0.04865205750353197,-0.03830200519132149,1.430283520251639,289.5794835670626,-9.925040366371041,0.7981405833785481,1.585718414038347,0.8036970573588534,3757.6518576920175,1931.8228502979262,0.11342962713857885,-0.0063013866026451655,287
1864,0.03652605790897905,1.845426670950728,0.13761751872383632,0.004399422888999904,-0.03751242963691088,2.1273072776939657,460.41241250331285,-2.8261193101670252,1.8425626457823086,0.4725046659560102,0.28119671115116796,974.4076298007581,470.80011106820996,0.11343710699704623,0.024287291691255007,286
1865,0.036533615239631494,1.3516414952431484,0.27019248705908605,-0.037583479374696506,-0.002302383637444114,0.3642276404472616,465.3252764930633,-4.641362722762078,1.3405200026888728,4.901083383461576,-0.7117761633561995,1357.7499710350864,3917.5557338045387,0.11364398803967368,0.005348167233517009,285
1866,0.03654980329927464,1.837531946222493,0.9174021352761674,0.03271974724541695,-0.02820662138551584,2.0137011301991907,560.5933581696107,-1.3462688303858277,2.4345927628858814,0.9603714228739673,0.3486198558050411,3485.5090948937454,1087.9015906506388,0.11408699030292416,0.05068547901410095,284
1867,0.03656292223124767,1.9721054368861586,0.2867935967443669,-0.03542145279489601,-0.0464845512768276,2.6262289732985074,562.058632316677,-9.435273143778085,2.3312481800891107,4.479119748889177,-0.7190283638067182,876.6658722333027,2584.0379313352178,0.11444585894088921,0.005348167233517009,283
1868,0.03657127526663093,1.6874867875779005,0.1859444921094714,-3.4461654591329445e-05,0.027880376335393336,1.321467786754226,289.722882865227,-7.527513629606715,1.3116390059080612,4.302321633865245,0.6915446133893527,179.81566216654969,2238.8273588632405,0.11467428929788792,-0.05147565138044434,282
1869,0.03663270822448413,1.9240654538426156,0.6153127245074597,-0.01290878751242845,0.03210910979609568,2.156210271916326,522.0528795742956,-3.5580378331671567,1.242747043108711,3.6167331743857143,-0.6000501024357964,1837.3284165269054,2173.113922181526,0.11635269447052177,0.024287291691255007,281
1870,0.03666737346823774,1.0673403576310145,0.8870632489859502,-0.025943362666907423,0.04660963352030553,1.4913368902503008,75.34904457558747,-2.5500284306175782,0.32905522559637707,3.101767267605282,-0.13763215796840458,835.3663910534444,1182.038335132999,0.11729853915545041,0.024287291691255007,280
1871,0.036694062505449106,1.6305853055963344,0.16982635479159658,-0.024844552545130984,0.013464755591313231,0.3988798453211778,227.1620008916658,-7.485423565581199,0.820181720611304,0.3712450722462961,0.6080062961346939,2419.304557536284,1666.4088012063132,0.1180261431897669,0.005348167233517009,279
1872,0.03670046340647402,1.2588429044352105,0.1405700289339373,0.025742344940301018,-0.020611974781284143,1.658896371905995,669.4452946423395,-9.83548653168025,2.348953938784918,6.018915531655995,-0.5191739957902785,2411.384315172168,1836.6076845126306,0.11820056767067344,0.05068547901410095,278
1873,0.03677038727658405,1.7954045231086697,0.9822606917182821,-0.01597390782461072,0.038042103294452824,1.843636656818683,504.8632507956303,-4.531879226969062,3.039085517845038,2.804768665083951,0.31658536693574163,660.9353165432061,3363.4166904402123,0.12010401347452462,0.05068547901410095,277
1874,0.03677232620118517,1.3428328139154535,0.734335035035971,0.011892022993056188,0.03361709683638235,1.4556631515647394,472.45995784179735,-3.0711744832667525,0.13930701708431026,0.4455642167118385,-1.09817269319068,1320.0326738875776,2792.275000791387,0.12015674268476362,-0.0014838668781715506,276
1875,0.036772384005999754,1.2246803446738501,0.1370492423317013,0.02463124806179789,-0.041009540148384996,2.495535438840833,630.4109538733177,-7.7151294572743545,1.7518688461859837,2.5518814595030004,0.02741350259891217,2838.30421789904,156.7154391740217,0.12015831464869758,-0.013787416297580055,275
1876,0.03679865725712608,1.1820152576458745,0.17205087700837712,0.046078050818871744,-0.015424618183265458,0.20161143605660575,349.6007829165784,-0.1056119197970718,3.1314374306589547,5.740794072277135,0.1051214308695024,2255.2784566764794,1221.2564044181115,0.12087254274147863,0.005348167233517009,274
1877,0.03681275974204895,1.9381055255230786,0.27079077379797445,-0.036287802049266765,-0.02135567315010648,2.049752537592776,280.5990652918369,-2.796168637289953,2.3177656026078406,4.970847506104484,0.4791951632156899,3997.6107952130383,3325.297393368582,0.12125570300855026,0.05068547901410095,273
1878,0.036816856398577215,1.362224520384421,0.9564658780281386,-0.040313755948823526,0.02457900555922887,2.7430320386779496,598.2405565531587,-0.8237015472608512,2.192329419619817,2.843290813263391,0.3544923336197226,3357.223964704239,1517.0419421228028,0.12136698041964655,0.024287291691255007,272
1879,0.03687316311065643,1.7645634487453667,0.8575660874631512,-0.01829789084295306,-0.021021116139293423,1.6799350505422648,499.67184744818775,-6.492739279294107,1.7046412932620683,2.0778948440647502,-0.21836538863645688,4687.241069800815,1549.3412522088108,0.1228951852813308,0.005348167233517009,271
1880,0.03690538790639353,1.4064298596480342,0.39762375908866776,-0.017262634531218537,0.02418549408516161,2.1121786304054413,723.4443765028075,-5.785327857475391,1.4605857601809724,3.0328601552460994,0.8868975019426871,3497.444360504964,2301.4605588761024,0.12376873992133008,-0.0014838668781715506,270
1881,0.03690988526176132,1.24390722248269,0.30302281467470277,0.01103894769356067,0.024060185027338653,1.051716716405386,791.6092617824387,-1.0469756634716074,0.8449996921048176,5.095226772748892,-0.9537604708731278,1135.0057447457502,2009.713068617258,0.12389059425251786,-0.0063013866026451655,269
1882,0.036910617564326065,1.2227456452845367,0.3254270563847324,-0.022401584000258164,-0.013672505743049807,1.4356863165781064,419.9172721517591,-0.1916076609764188,1.966463384873844,0.6417729936981426,-1.3081857113188489,1227.6890069953358,2411.6290102147127,0.12391043433867449,-0.0014838668781715506,268
1883,0.036916744505915075,1.4696755415547318,0.9939876121367978,-0.02520888432756489,-0.04868825732797349,2.700398894754043,248.7583400308525,-5.385335010787456,2.7524184001695584,1.925522753404201,-0.057607823159244016,226.83811229464143,4418.905946284198,0.12407641457774243,0.024287291691255007,267
1884,0.036917110624048594,1.6871067735227305,0.7889131864903246,0.013581854804241419,-0.009331919360341579,1.3850432973782658,234.35811883996993,-8.81874297286836,2.9089078734284017,2.20808784139307,0.5204994622135019,4013.532548728961,1639.583584924743,0.12408633192880253,-0.05147565138044434,266
1885,0.03693795809552194,1.6258740928886437,0.2515380055709369,-0.008563278019291007,-0.043984703952201706,1.1571721289761845,261.8071944123449,-7.482738889218275,0.6642620478720338,0.34228700302878157,1.124796344089991,2471.4028693866244,1531.5600221079994,0.12465088280903025,-0.09310262642668454,265
1886,0.03698730047711983,1.7747580736836697,0.4581115430294946,0.0001343878202725154,0.020879912722262375,1.631910592672242,535.1950957854922,-1.1025315641306883,0.28940719867482295,0.7628516270432986,0.3413956101020965,3973.9206630151552,537.8958110176126,0.12598580918956898,0.05068547901410095,264
1887,0.03698840611784821,1.6452072054465974,0.6991671823967536,-0.023375676694638164,0.010559310976231683,1.7592511164015407,383.8768988701495,-7.918539170131606,1.3192781087855998,5.883029786667821,-1.0895654466301339,4213.481016283949,4696.190184493197,0.12601570118458205,0.05068547901410095,263
1888,0.03706487791110079,1.094143379528022,0.24125741607157414,-0.030583664201795615,-0.010088148696717644,2.056616726597361,413.95387941479356,-8.780748545922362,2.4422307097239346,1.545050522941158,-0.6479468210288483,3415.426187026573,1394.3395591088724,0.12808102000021582,-0.0063013866026451655,262
1889,0.03706703765968013,1.471092535530804,0.2389464010597927,-0.04731878457333753,-0.04216424139380389,1.1033390056992098,486.0576829882933,-5.368344502124542,0.2168411188926252,0.7387366318378401,1.2344492138306549,3289.745936156255,4457.371253417012,0.1281392877129302,0.024287291691255007,261
1890,0.03707226744813831,1.3047595308538453,0.13369960916701287,0.02326837822373279,-0.031033906392435612,1.6384734626272028,716.3939406935959,-9.857772250518611,2.232440713806077,6.109701252758645,-0.5610444451676445,2258.0005122291122,1688.4629831098348,0.12828036776377666,-0.02684974113670431,260
1891,0.037082109276972225,1.1110719898014358,0.24514019729750344,0.01596701096238586,-0.04261681087808612,1.926065110083152,180.4495666732574,-0.7556992242340819,1.7025800135706644,3.2268094603330018,0.1173977804979028,3080.4369395283215,1635.0015013318548,0.12854580938246563,0.005348167233517009,259
1892,0.03710253246222685,1.2253697909259225,0.19446130044047957,0.013242753180605544,0.04937299555321914,1.8077606118017222,369.07750053421745,-6.626545888301126,0.9074468083567606,0.9690613061717096,-1.16264365380671,1902.2080985229118,460.3359579303124,0.1290964135316514,0.05068547901410095,258
1893,0.03711791722470018,1.2230118611047718,0.208833259115559,0.019527045586036733,-0.04749425786198606,2.5480221514750307,519.9371331924349,-7.034651395108712,1.882930845644136,2.3702030402271337,0.03975318302975452,2978.5797138769462,25.18405726084868,0.1295109829059669,0.005348167233517009,257
1894,0.037133904838895615,1.3872380553139736,0.20496316962998815,0.001109234952506529,0.01673911835664038,0.3865288279336868,756.4208719937753,-5.271276285632483,0.6914635571438389,1.8926520132456515,1.0649766157856744,1005.5317358267273,672.9704145821084,0.1299416151516331,0.005348167233517009,256
1895,0.03715873049478256,1.8938999876885914,0.21348411359398142,0.01870008122439433,0.00555206083138699,0.9825926474496638,328.2966820553674,-2.1357494499789205,2.413861164566226,0.938161809835283,0.7513768616520036,2973.6298514014265,24.205052724905,0.1306099359535342,0.05068547901410095,255
1896,0.0371644880619177,1.4771456500353468,0.160129612073943,0.04855201476348011,0.006581945284295678,1.860374654686839,473.77886170197837,-6.311425050301648,2.4320377900628403,3.2721916770545216,0.23917184849948647,3119.655726919127,489.2733165840906,0.13076486915636565,0.05068547901410095,254
1897,0.03717299495793637,1.7513629246570235,0.2623549096193909,0.0036618272961384908,-0.007111224692952482,2.5961531897427,327.93678329999045,-2.482154108396389,1.9646262796649252,5.030503774765605,-0.2956840695325362,3000.742364857967,4095.821364190067,0.1309937414750969,-0.0014838668781715506,253
1898,0.03721964388278435,1.7302859977868978,0.4116889817873467,0.03896230272167575,-0.02705279797237364,2.4614352652053992,666.5357916426362,-2.3652169280906437,0.4647828830774795,5.203209199427583,-0.6417963707158852,3545.321280450845,4464.274085001578,0.13224786907941088,0.05068547901410095,252
1899,0.0372485827157766,1.9610349405155467,0.8906978186238029,-0.035787284785725584,-0.04693363385642763,2.1574117947938305,410.964382108054,-0.470679450763528,0.33380095885231575,2.909194759550996,-1.077675771990707,2218.767945949584,7.570298427594961,0.13302508201358834,-0.02684974113670431,251
1900,0.037262118828821876,1.3409457695245492,0.4137053070902223,0.015469022119947492,0.036041178914354946,1.2676913259727784,667.7018782453105,-7.968310220549706,2.3307006196053814,4.422987907513145,1.3392664280875033,2322.2904924341456,836.7699168071001,0.13338841541167443,0.005348167233517009,250
1901,0.0372662264250924,1.1420785227802346,0.2683030969157769,0.03110122703732801,-0.001927925484717647,2.339486323928547,434.13939588276713,-5.8566623346501,0.06180705434241939,0.24829041644155703,-0.3172322723179932,867.1517717693437,99.01098344412237,0.13349864451334348,-0.0063013866026451655,249
1902,0.037274738879358026,1.7285139151951499,0.29544900412304537,0.018568423949199032,0.041385301668258316,2.5486789884428265,538.3791215472505,-1.4201650413458133,0.17135084963785374,2.057826941233543,-0.9921543905365771,3725.3385622911997,2694.1762560180973,0.1337270411880293,-0.0063013866026451655,248
1903,0.03728536343532469,1.5763562804480842,0.43847668000277956,-0.026803225275002073,0.031056247365497266,1.1921103072486299,348.10618075314295,-4.642926065916564,2.415840716051065,4.814221519070777,1.2928030468013838,2644.813468133573,4425.643019751165,0.13401203425300134,-0.013787416297580055,247
1904,0.037285609399954456,1.826833825179287,0.15493386113451463,0.04962432079600539,0.04350136258256763,1.4157652983158844,419.0453302019554,-1.8934307711334306,1.840876261631291,0.7238956657343694,0.11058491228922081,3000.5432371477027,2001.1565062307568,0.13401863104582756,0.05068547901410095,246
1905,0.03729699682705622,1.1986967826952981,0.9092759458480847,0.014318665344179854,0.015907839230586262,1.4143611802750202,305.7908923377936,-3.6380216098112803,1.1200514739238743,3.2441249784081014,-0.01772188763163416,3053.136099551584,187.42468773271014,0.13432399519879767,-0.0014838668781715506,245
1906,0.03730049405131938,1.368135012845408,0.9168435755451276,-0.03180695798752389,-0.025302813099857185,1.0220395520050676,495.09303194598243,-3.2042853167648806,0.6049864250698351,0.6121166182126121,0.7280912446917706,4028.3561769411995,1297.1195764827812,0.13441775771619138,0.05068547901410095,244
1907,0.03730087523334629,1.962060770522056,0.4617858428245629,-0.012238834040618499,0.032910908765677024,1.8449688796960482,597.978029849133,-1.641199219327822,0.34871603290546443,0.6513120640820198,0.4830598248893268,3386.09156061307,298.7188651777972,0.1344279768858932,,243
1908,0.03731821341405283,1.9053344761760191,0.7258409763297733,-0.03633785817810872,-0.04836642066979321,2.1429760502783317,492.7110787892207,-0.6008216768491242,0.12553226616871985,4.276145201586467,-1.1127210272154353,3063.9855696570503,387.1056457454759,0.13489268856577252,0.005348167233517009,242
1909,0.03736927296449373,1.7654909412595634,0.9698185915142135,0.009695313375719144,-0.006900544062281714,0.8019166953195698,731.4535136519394,-3.192048256978623,1.7713648360690044,2.877955459456805,0.47840548829351315,2862.0809165765127,4774.740275977791,0.13625997406092594,0.05068547901410095,241
1910,0.0373778092875621,1.2433873175791743,0.249481414078355,0.02158014279372725,-0.021583349198662276,1.3591163066260283,259.9251745736916,-9.048759053680856,1.199259105297306,2.53538135571458,0.75829479238376,2763.1722667469903,2180.1034969592442,0.1364883795812165,-0.05147565138044434,240
1911,0.03743174473184285,1.4052630399818433,0.8431970400377985,-0.04520772377330221,0.019818147804939377,0.9605954267657202,769.0284405260763,-5.43138625999516,1.1408178772635014,2.584952471226509,0.975483308691565,711.1786113847241,3857.0394965522446,0.13793031983421783,-0.0063013866026451655,239
1912,0.03745274663984322,1.4370008400927434,0.8728772748046985,-0.015070412859875275,0.005095187478652846,2.5026288145043223,790.4511549244943,-2.1313116337260305,2.038373447044853,2.3053351814249847,0.183192579948706,4369.674577031511,548.4606246257189,0.13849123460213897,-0.013787416297580055,238
1913,0.03747639351678123,1.8945095288072857,0.6266190276343118,0.0001296740217043758,-0.02723479291275784,1.34102720548051,340.08417094864524,-1.25670306573807,2.819353848098302,1.2891476067465146,0.43397378321535246,649.652926257781,2368.0340520966674,0.13912241434541245,0.024287291691255007,237
1914,0.03748396218071982,1.6821339082248286,0.13391679614739943,0.018726805196889115,-0.001935742970273628,2.0043410177259275,212.96497162950223,-2.300981877793933,0.5851129501875515,0.6881207912377794,0.022117250986052345,3402.534503103544,4834.501680131654,0.1393243521269385,0.024287291691255007,236
1915,0.03750019682698866,1.195884815813082,0.3932111502667754,0.018249581704463353,0.032263202281658125,1.8840322362131656,437.69075154012455,-4.6914310454504555,0.5162366846734635,2.939638246467721,1.5109794414692554,1874.7109789744334,1112.2136345597748,0.13975736749279766,0.024287291691255007,235
1916,0.03751027786019839,1.2290270793382998,0.4228936051991992,-0.014697495104942018,-0.04313315981465749,2.979630963313118,319.4096177190956,-9.742083150103308,2.2847041070307363,5.340256654640764,0.3066181813846081,3350.2885038812205,1860.1214331396761,0.1400261575067745,-0.0063013866026451655,234
1917,0.03754704393605968,1.6654252761410846,0.5211010144200912,0.04156184265419986,0.039122580327418416,1.1710875219914905,738.8289151802597,-9.327491047554142,0.0763381699680034,0.5425550001146721,-1.4508674020109043,1397.1367234752518,4063.231558436844,0.14100583751459084,0.005348167233517009,233
1918,0.03754894965951244,1.4184781718266433,0.31622343441299633,0.008963122225092693,0.02824644150073851,0.7008269277253389,252.767464704054,-2.5663469244300083,1.501168435614262,0.2960000267262501,1.0752192174090869,2828.711582018903,1509.178405310971,0.14105659184540165,-0.013787416297580055,232
1919,0.03759452109537411,1.505516380058057,0.13824703667857327,0.03925022602290726,-0.008834191652438737,2.3420581965978964,537.4438952892274,-7.689874376653697,0.3220381464026244,2.5106842641936695,0.6272266172498464,3641.0616246561663,57.30229564352309,0.14226951004010013,0.024287291691255007,231
1920,0.037602111245366214,1.2515822498683506,0.9889624053147587,-0.03049147697261566,0.04372326219262097,1.0471797042462858,658.2833279900752,-3.8198164971702577,0.9413085532980187,3.522655435575796,0.4664397450873049,641.948751346098,4160.166236727451,0.14247138477260424,0.05068547901410095,230
1921,0.0376047967354678,1.8060710299879013,0.6915251187084324,-0.00064337329201965,-0.03490997615521996,0.5373374489841003,767.1228684584346,-4.980223226185681,2.1966816999709873,4.453854851985899,0.6565248354759469,806.8718551656958,1672.9493387887571,0.14254280082137227,0.005348167233517009,229
1922,0.03762972518994378,1.929302376437679,0.5170275999728178,0.012555477020985684,-0.014265627701673105,2.0853942965783316,795.6656068522223,-5.983815661425696,1.6820730917275777,0.0692770832492552,-0.45722136642789074,2275.005408895231,2600.0318251826648,0.14320548743783534,-0.0014838668781715506,228
1923,0.03770178641349082,1.766701223196017,0.3644544307367488,-0.009431694510129818,0.013641991899720379,0.4740461306332777,383.0244967425764,-7.289648773703086,1.24742981059412,6.043506747248403,0.4933603048874481,457.75194493920617,1517.0970184873954,0.14511866411500168,0.005348167233517009,227
1924,0.03774175534516942,1.7973464585019816,0.19872027646746784,-0.008375948685085574,0.02777929828913005,2.4849762648677385,455.21212712994856,-0.5032773170614886,1.8853625951634052,0.47682312563384455,0.417052914867969,841.4374213345886,14.136305217233629,0.1461782361998929,0.024287291691255007,226
1925,0.03776602243757584,1.5627269997787687,0.16284165709978277,-0.04618726507242717,-0.03364795374914574,1.1064814091224773,468.78732027219655,-6.3754606266310185,0.5950049655450317,0.6204722193824455,1.4843874128580543,3352.3811136134996,4914.683501302572,0.1468210068906173,-0.18152021181509076,225
1926,0.037773935801014305,1.8646059658853094,0.9833998365940654,-0.015193271905615955,0.02812392312931518,0.8105415217196984,693.2890504291129,-3.5134042414509032,1.93316429222771,5.756696684908527,-0.01474934649303146,340.6442213813504,4366.328479343642,0.14703052152777285,0.024287291691255007,224
1927,0.037788968944004506,1.059112391111488,0.5321469253386774,0.0013883360202152552,0.04414980795219969,1.0666043330848445,345.4248041131247,-1.6775548087257142,1.9500922297546313,5.544065671764531,-0.1808332265098659,731.7239604108879,4826.023399340579,0.1474284189680481,0.005348167233517009,223
1928,0.03780745325134393,1.6737293297482991,0.20549049430611244,-0.021081789980502214,0.04800917773359485,2.280365819809543,416.4047272266222,-1.053265715500788,1.9597027269830551,0.8196595204120461,0.2197487143476871,191.00362731981457,204.59749111567453,0.14791744496077142,0.005348167233517009,222
1929,0.03782741765134529,1.4406093366384995,0.13207987094905313,0.04571042044012691,-0.0035447207856904345,1.7830574522314693,273.579385909157,-1.8307819294995513,0.737026295940687,2.0689408374849454,-0.22468728805932925,4773.862791298394,3589.5633171999148,0.14844536019953047,-0.0014838668781715506,221
1930,0.03782886682172314,1.3356372225067348,0.2812974909296118,0.031904178121079506,0.0464123602215916,2.8836302645140934,650.598643783069,-6.938754301603147,1.8288811712637032,1.2218560939785006,-1.0959342435901398,1150.462345931692,291.23808606539643,0.1484836695187851,0.05068547901410095,220
1931,0.037884728297300135,1.5894218756372964,0.7410087684650329,0.01274414149305773,0.013985345801312488,1.4420736867541284,316.7426589143563,-9.172789099100603,3.113039567373695,0.32875148556249584,0.7375976119397503,3889.28265392726,1376.3846883607393,0.14995926939287577,0.05068547901410095,219
1932,0.03789915708689785,1.6747331150407923,0.1268399060558665,-0.00925658279176446,0.012352934863583156,2.191312639288119,564.9123989670846,-2.2441538076790883,2.2178783725933378,5.438009002337083,-1.0711440463214275,4041.432419277569,3092.1901168367485,0.15034005720024302,-0.0014838668781715506,218
1933,0.037913676465256695,1.2652365586542416,0.2896993965138992,0.02292473485385671,0.037372150896362234,1.0760974520256308,143.96648455134766,-0.34122716324114255,1.6391320526196034,1.3032816108188745,-0.11650759743812995,3501.3621075815836,2235.053117270644,0.15072308940885815,-0.013787416297580055,217
1934,0.03792863636611285,1.7656100297231945,0.5379343039452543,0.047580356450122104,-0.020649459722201287,1.6191489318628833,429.7155896397108,-1.7611291375977047,1.2900031461108052,5.084681795136203,0.9420543258465887,1675.307185804411,837.3808078541903,0.15111758953658655,0.05068547901410095,216
1935,0.03792991262966063,1.3002239868051306,0.37686382250501116,-0.010344426537624758,-0.0037480759598772437,0.770120161527854,642.1662302643817,-5.894584636652817,2.428302780169708,2.7794933211186925,-1.0499838059953994,4528.792103410973,2099.8541462034527,0.15115123804593775,0.05068547901410095,215
1936,0.03794092169900261,1.533238948189416,0.864269520776413,0.011520923897953074,-0.04864498814918559,2.5943381031835617,541.5410992206533,-9.331274897370525,2.7442026096524406,1.905396867498031,0.22174712237069033,1343.6011085394446,4064.993287575838,0.15144144361740974,0.05068547901410095,214
1937,0.0379451009653364,1.252826750633558,0.605327458374341,0.01043074230421004,0.017518137925506213,2.1046817767333756,217.96271898031154,-2.261154332307258,1.2186497059307388,1.7768471627064366,-0.5948928300445266,4227.956355272583,444.69892868195,0.15155158949653202,0.05068547901410095,213
1938,0.03796154544841802,1.4528515434462386,0.13438623687806403,0.018727174881565292,0.007382686377220362,0.5141826274809336,384.25756804645164,-1.1297718898731541,0.3449887434827688,1.594296703349754,1.2129182398989142,3607.10815393396,4454.474643954007,0.15198487127401772,-0.0063013866026451655,212
1939,0.037965887670797206,1.442703133189628,0.8739041839407357,0.0036868087350129634,-0.047635103271859755,0.825268607761354,554.7175185350455,-6.201610126748757,0.2738065694594963,3.7137003437677567,-0.24989905367666204,4390.627668538592,3405.806371955881,0.15209924949549825,0.005348167233517009,211
1940,0.038020332987253165,1.8988947947647763,0.20780850426062455,0.044486001001969894,-0.004117947537588375,0.6942814801176203,342.90390665493874,-7.65096587493448,2.6000006150520143,1.2031401950595215,0.2917149287729552,1889.8169823462144,2787.4136620597856,0.15353228104520153,-0.0014838668781715506,210
1941,0.03806493434405438,1.8271295413114141,0.18164664605718814,0.009092757712852326,0.047126188728419574,1.7844839449024366,331.65143648033035,-9.41066312184886,1.3647606979314362,3.7066675909817364,0.4684757958367599,496.3493734207904,661.6526870686532,0.15470468572946872,0.024287291691255007,209
1942,0.03807327757914512,1.53540118133797,0.19360626524471303,-0.00700659390261075,-0.026566872922632715,0.3221899537356452,542.0964280319351,-2.94553028091102,0.11090020756284952,5.110868861687343,-0.7201111439099153,151.21079224114555,3506.6932488120556,0.15492384598848052,-0.4902399467185491,208
1943,0.0380735484865297,1.9114196103622296,0.4895037745301627,0.0246365908356738,0.010297241787684583,1.8250779259931307,347.14052428095397,-0.3568645641001111,2.591809410780036,1.791281009197152,0.937890311347727,1884.5169830406362,2119.343375295954,0.1549309613837433,0.005348167233517009,207
1944,0.03809768013092976,1.980323482444899,0.2605547322121766,0.019895242725481557,-0.027912547697090964,1.1758699804433983,349.6850963077928,-0.6631489295851729,1.802737114237528,1.7347727812373466,0.09012251524191207,3944.424453748459,1158.2591965235076,0.15556457713726213,0.05068547901410095,206
1945,0.03812031488679715,1.7331148306034345,0.9975416585364765,0.039644303160313546,0.02081424916693959,1.5943650755955472,342.82516142222494,-1.3935452819448357,0.905434321382832,4.57401384324944,0.7780374716223132,3615.772890969072,3426.31701153229,0.1561585249715191,0.024287291691255007,205
1946,0.03815493453079099,1.9282906744935813,0.38064174308019966,-0.011972045541696407,0.04816066586696617,1.2036988716123995,185.02901848893637,-5.258643989311804,0.8164955972993894,2.9117555800649417,0.07948807476119392,1025.997898483602,874.9241202403498,0.15706628067563955,0.024287291691255007,204
1947,0.03818628379513793,1.4509147542403964,0.1980359242976694,-0.030387972757950597,-0.04113291582861031,1.9148229602469118,236.55137794325424,-5.419810073363189,1.9325633456108142,1.2643224183904989,-0.5281302223476404,2137.362728641524,584.0714815906501,0.1578875739898838,0.024287291691255007,203
1948,0.03822500342879369,1.5814341369424916,0.7182250765924716,0.035738744422008764,0.007282699863416389,1.0624420457472334,772.4928368507647,-0.8338984694352989,0.7619330675174194,4.511686195347938,1.0336444199836703,252.31941191647408,1884.5063318114908,0.15890102732576467,0.024287291691255007,202
1949,0.03831197002345003,1.6832142107853936,0.941987963254427,0.01295978106709054,-0.04666129364518739,2.5437678974704583,564.895961755387,-9.492881673481412,2.669888346898399,2.44661618477492,0.20870393899006323,615.1617814929575,4576.355099101937,0.16117356641796676,-0.0014838668781715506,201
1950,0.03831613502837399,1.4050358085145027,0.20288514706637722,-0.01452144776771438,-0.0033675197371981604,0.1089106552261925,642.4503496163411,-4.316463614808073,1.0579252842382536,3.9233194396292586,-0.5498690994229907,671.0305894015248,3081.2302578290114,0.16128227339767315,-0.013787416297580055,200
1951,0.03833831043901428,1.903303233360348,0.16827946994167495,-0.009579616630566511,0.006775959303900005,2.488667907029869,564.3894157719902,-1.998836612794832,2.000906455602908,4.577553860976563,-1.1269716344420413,2460.5308943483087,2237.425940463576,0.16186085461693966,0.024287291691255007,199
1952,0.03834576044294587,1.0409140664931056,0.6684181729051828,0.02301296011695785,0.04391640159713442,1.5004914607072846,765.4351288034163,-1.5116192031211864,2.2717819670707824,6.076242760517427,-0.028714670653542877,305.14157258891754,185.34976627440696,0.16205515843697368,0.024287291691255007,198
1953,0.03844668739295348,1.2316917925691127,0.5077600855798279,-0.017703717127728395,-0.011893181828296349,0.38744743239970564,740.9333642894493,-5.893991802679833,2.7666501190295745,3.4715519094441776,-1.4331667337893605,4470.056590206597,694.1014626610696,0.16468372442130658,-0.05147565138044434,197
1954,0.03845061500171955,1.4335929183325686,0.6676193713526423,-0.026732585070792837,-0.02417499596242526,1.5846196041795182,799.3760668142342,-4.535901715013936,0.7390444847450166,6.146578281282659,-0.7207846215691976,2911.053351016031,2243.0015610758155,0.1647858764773231,0.024287291691255007,196
1955,0.03845518395449657,1.0448269819727591,0.8453611996103678,-0.028089628576779442,-0.044364906065138696,0.6182767045790437,656.656235585828,-4.164383910006736,0.6304999367046533,0.7737939455410058,-0.3450392259992991,3178.283952974292,4864.223133688524,0.1649046959381845,-0.18152021181509076,195
1956,0.03849314867328499,1.8513920359029423,0.15162290409564072,0.035103850302385206,-0.02002975301521346,1.5389608529005716,333.1026764831106,-0.6233918551513568,2.1081762032117775,2.4995355365931795,-0.37639109737484155,1856.838894067759,3977.7985366647927,0.16589145472997438,0.024287291691255007,194
1957,0.0385119265689029,1.3113263396146242,0.14019613650328966,0.047616527294094414,-0.001960178934586006,0.5547384855523854,353.59314246053543,-0.9006490009465478,2.607542513419041,0.5863159979080533,0.3982779774483489,2169.6324443788576,187.440159688504,0.16637916014238463,0.024287291691255007,193
1958,0.03853066073079821,1.6698444609901797,0.5587454938931705,-0.00235469598620975,0.03781936005604594,1.6828447906043578,575.9663510730985,-2.097478619262079,3.099945146205938,5.4991880879406105,-0.9390048077739237,2104.7362409164953,410.42731259409,0.16686549277792317,0.024287291691255007,192
1959,0.03853860219419796,1.7549167819294778,0.45516452191922807,0.045494296520663585,0.038374655818686446,2.120040094660213,344.99370552542723,-0.3761069296393227,0.5180631025094339,4.218896478698702,0.4935618332921761,4408.182803427034,2066.2056844396266,0.16707157917674653,0.05068547901410095,191
1960,0.03856465799750279,1.9643661714240426,0.6455706066596301,0.02568703960449232,-0.0044792109320144664,2.442482986965525,620.7782546015635,-2.4968781809021294,0.10986589700388784,1.352995066886419,-0.1765506956349878,1030.1057896069167,3955.301039483187,0.16774744694764468,0.05068547901410095,190
1961,0.03858276821911865,1.3415909774936117,0.9092565740380147,0.03886466456870226,0.012319396776421195,0.8434166180881609,626.5743355735194,-2.432580706645338,0.9775251236223786,5.913635371025135,-0.17477029547577802,1525.745033719231,3492.3016152624436,0.16821694341267895,0.05068547901410095,189
1962,0.03861158370216497,1.4970326290936693,0.18958382568831006,-0.030634491607742398,-0.014654020373863843,0.9983373065423505,401.72846264134876,-7.140792932242301,0.43090166855523354,4.533733018779734,0.33587022213662,3576.0787041787016,3621.6269111617653,0.16896351317245162,0.05068547901410095,188
1963,0.03870960725920465,1.9493842817443423,0.9876795756376456,-0.0012377967667095296,0.012640862753649076,1.404257228841069,414.39947073398173,-1.006715018959334,1.4382862973089663,5.657483371012027,-0.06823269344154848,385.98916661059087,3220.962792079046,0.17149900462922074,0.024287291691255007,187
1964,0.03872308237041191,1.8325578267363265,0.2805139077816115,0.04573111944691308,-0.04680498047151409,2.7465522091440873,321.5963662153225,-1.235088867747695,0.5413692754936203,2.4670723153228886,-0.6880717364580062,2281.680841000319,914.2480585901232,0.1718470517242493,0.005348167233517009,186
1965,0.03874274637967914,1.6775302600507325,0.14101672035265286,0.005543992684291665,-0.012044533951818487,3.096728385201854,413.78537365066836,-2.835809558718769,1.858386668303605,4.897137025913825,0.39954734377492995,4061.771900653666,4196.708387933266,0.17235473388566125,-0.0063013866026451655,185
1966,0.03874392243421044,1.090649618412603,0.4458119589736556,0.011536868912379825,0.036025004659642444,2.202178864986532,318.4007233911338,-6.88548054209767,0.9678282813998819,2.8860233639051236,1.0227231470092732,567.7541813807712,1801.3065458035246,0.17238508890155924,0.024287291691255007,184
1967,0.038745290354538255,1.9309854451901642,0.18681138431136884,0.01041297820447157,-0.049357883419619615,2.1190964149199356,485.9103890908656,-2.390212463406097,2.02541166211539,6.209126008502511,0.24155531954378354,1375.7694100752901,762.068825659641,0.17242039498560602,0.05068547901410095,183
1968,0.03885488741249154,1.9853942778912512,0.5657465728286282,0.04876158417697194,-0.04889651130193305,1.5276771920276784,524.8786616102667,-0.7427808650284345,0.7668449475409244,4.690681624885701,0.7311394054191248,1814.585619943783,564.5201435594582,0.17524505683498465,-0.013787416297580055,182
1969,0.038858582146374214,1.4207619769590527,0.45346894924021797,0.042981090175851056,-0.035666768728627084,0.6318171612766822,289.8536312020454,-1.89530480527634,1.6564381176107117,1.81130000949355,-0.6899361726951145,4301.208857400952,2875.8311579774304,0.1753401428967618,-0.05147565138044434,181
1970,0.0388702009567259,1.2349576975809298,0.22120399371695293,-0.012844151792958386,-0.032245069449355804,0.7839241192984244,354.37608939719246,-9.32583121800372,0.2711524905088993,1.1505793069945531,0.16594968371928648,3335.8741594585804,560.1119932428724,0.17563910063095053,-0.0014838668781715506,180
1971,0.03890242461143517,1.9949249591262987,0.1990928689346587,0.03538245242882968,-0.02356447305313118,2.940609326315373,562.4298227419013,-4.042002937421088,0.31797461429735,0.2904600547773019,-0.96701726542227,3578.0095031929623,4981.271577711337,0.1764677638352261,0.05068547901410095,179
1972,0.03891836045823565,1.3615505010677695,0.18165724153974555,-0.04418534690729779,-0.016937549433475488,1.3840647240769586,251.30658928621764,-7.007799256913339,2.8277819398989883,1.32784601079179,0.6825785577632292,268.84313837871673,244.78604892121245,0.17687731629627845,-0.02684974113670431,178
1973,0.03894875031569456,1.8392318470810636,0.23171619114114061,0.010824150646560856,0.041259754372629055,2.191363782814638,105.84109568347162,-2.429086269180486,1.8781509092063888,5.829077951498478,0.6192629013783225,4883.646848443295,4528.889317111261,0.17765787329138716,0.05068547901410095,177
1974,0.03895057944745346,1.5402829701560443,0.21404149182291027,0.034283835191949316,0.02057178491405158,1.7081509493495737,345.02600766236884,-6.463667912001232,3.0078730528387396,5.411267137135425,-0.1424901074248592,22.178512853747723,1174.892683155444,0.17770483471622217,,176
1975,0.03899942748372148,1.1840860370214266,0.2393313920247265,-0.0300752387578975,0.044098345276379736,1.3022813116802934,183.3831122250611,-0.397925581867198,1.2576323185832523,3.585453636944668,-0.3993422914224708,3272.5344877010893,1380.5029279589075,0.17895815192771014,0.005348167233517009,175
1976,0.03902375975241691,1.6593979980829552,0.27545670467574324,0.001520793837838131,0.03149712247373297,0.5160448316261378,473.8949137805057,-6.746698213172389,1.9771847025019378,5.56277960624046,1.2262987041603974,3230.3888080731235,4607.539879250128,0.1795818708591601,0.024287291691255007,174
1977,0.03905293415636293,1.8344133915885985,0.2374555397615935,0.049852330539018226,0.049016712317002206,1.5476494776646321,449.18111603699884,-0.6189563078681058,1.8767293241193315,0.44712740273471185,0.11182707522162826,3141.6857832414107,1876.1493487375758,0.18032919772060668,-0.0063013866026451655,173
1978,0.03905651118226101,1.6101118293743477,0.45087390738475974,-0.044033250746444604,0.03605341812989027,2.4210393163603614,536.8922212575072,-4.876181980812969,2.0676018905311055,4.21492005591022,-0.8865829765203962,2700.2358625873385,2463.0794435229577,0.18042078781918935,-0.18152021181509076,172
1979,0.0390905563806086,1.6034125167221063,0.15312827816260277,-0.00036215446815572106,0.03548429579830986,1.2455306962260682,332.7841351075375,-7.921619917089163,2.055027730662767,4.753675304892865,0.6581050098811666,77.21471534705265,2984.6601249978085,0.18129209883729824,0.05068547901410095,171
1980,0.03909085843319198,1.4504577563569163,0.22110842804962277,-0.041840728720198686,-0.04308355650344103,1.0810872906425033,424.66113435057525,-5.8097920025527285,0.03036254814219053,0.9432806203192412,1.215008897252208,3917.5066674111326,4566.227511508093,0.18129982580370102,0.05068547901410095,170
1981,0.039103491702658685,1.436693231232248,0.613836002363703,-0.04105275613928852,-0.032883525170742986,1.7611712347928905,318.9828438734763,-1.9113250171566214,1.0049916780690853,1.8849438471656526,-0.6033281003479432,1837.6348947654192,558.3951138199268,0.18162295067281098,-0.0014838668781715506,169
1982,0.03911053548357526,1.1077916867824442,0.4388054558077603,-0.04998507668434182,0.03344805647574809,2.5817767652305648,355.9368841167851,-8.777362797732978,0.5472536782669162,6.259067397678717,-0.2944560850279439,4007.2046671592184,3104.1650783856203,0.1818030662144594,0.05068547901410095,168
1983,0.039116446249748825,1.421347285755798,0.3291716008138291,-0.015404544063200252,-0.01953342871612508,2.8285308932392637,396.3007387083266,-9.366255668200372,2.6627571598695337,0.6159131637294063,0.8083632496602731,3067.2350821021637,2108.7366322596768,0.18195418456402734,0.05068547901410095,167
1984,0.03912870679565152,1.984403205770803,0.4597366478764481,0.04935910265940198,-0.039167332427941064,2.3294545762585614,469.1642996531841,-1.845938559408596,1.1778652920741541,5.535019528082552,0.43574459556371115,1761.6534144837137,13.762290663792498,0.1822675725638606,0.05068547901410095,166
1985,0.03914365004222017,1.6833977570419068,0.9734624395061301,-0.00913997888758582,0.03952611702197701,1.458376033139705,453.15334927924596,-4.7993812401969285,0.5851088658662974,2.2479416496166027,0.8708905472825886,808.6832937667423,2651.4626311147467,0.182649399491083,-0.0014838668781715506,165
1986,0.039154306555843454,1.2676386838208207,0.3544109839016241,-0.014000328123093903,-0.0491755055278462,2.909149688635371,273.4119082045453,-9.802547640194835,2.4504746639599726,5.143585400623539,0.3884606253736572,3461.81383769573,1982.1845761076152,0.18292160362388166,0.05068547901410095,164
1987,0.03915736358571909,1.702947673726116,0.13989948532473143,0.023044945938706304,-0.003666257339957339,2.059627367474661,500.8594745346094,-4.579991710111348,2.1528155501108697,4.450657371288361,-1.0217843465729526,4459.858954098736,3541.839969943502,0.1829996770418995,-0.0014838668781715506,163
1988,0.03917452847518045,1.2703161223306951,0.5561368604793936,0.004789730361848905,0.02918572618976629,2.2616562817721895,448.73804380648056,-7.2201043588786185,0.6310602442918506,2.721440250221003,1.1919094893934221,2699.2158339705493,1660.6983636015782,0.18343793760946014,0.05068547901410095,162
1989,0.03920468920500382,1.6907991541433949,0.9141185016850049,-0.035856313042074865,-0.002717824367867494,1.3402475162518088,279.44986304604834,-5.802697827732326,1.2703539924901814,0.30689320273210474,-0.19806695770166055,4855.517278438668,946.4774805495168,0.18420754802920614,,161
1990,0.03922840883742631,1.0374364890154444,0.2771883480754674,-0.026946832742955753,-0.011705098699108813,1.713417187235315,378.65700157150735,-7.991489043874782,2.26170368532713,1.2324250025236103,-0.9760030907100284,3674.36712866267,1640.5276016681864,0.1848123853680212,0.05068547901410095,160
1991,0.0393065014894358,1.3727389480567822,0.3310026522982594,0.03302598908584286,0.027535821885756918,1.3776134997856122,529.0328325221976,-2.3952622125880088,1.8229993404692073,4.982365775340004,-0.758304369988826,1117.4769177298506,4353.1711755752085,0.1868011233044269,0.005348167233517009,159
1992,0.03939548552797133,1.0740782510904712,0.47675057707331864,-0.04968300708109234,0.03746984274408235,2.5541594621367953,340.6451974687187,-8.80168261437427,0.5146392734895038,6.268588254121985,-0.23743462218301356,4008.556999097747,2990.2950693378593,0.18906241504110155,-0.0063013866026451655,158
1993,0.039432885928055356,1.258837335395239,0.7157455412499453,-0.042461185617316655,-0.004638008687234283,0.986596343799008,613.6660770867227,-0.9097086141780804,2.1748099078380996,6.197294656818437,-0.5812394057207332,435.59029553142636,192.02367949209966,0.19001132219725436,0.024287291691255007,157
1994,0.039457417485754806,1.8026844904934372,0.6169520637850539,0.023262298593027878,-0.027082525967584,2.1936087269375726,579.6087796446332,-8.660032408442877,0.4346016300962675,0.5476427042353832,0.09506584927082268,4797.836732521319,4516.244869264902,0.19063323788094455,0.024287291691255007,156
1995,0.039532400331821566,1.7967474229413376,0.1302646106012681,0.017812921390740782,0.025685291875896035,1.4109576928298542,313.0829104671969,-8.508924862090925,1.378656870214829,3.635191128284912,0.9219330963501913,705.7228472577974,1631.8826548073873,0.19253178305196528,0.05068547901410095,155
1996,0.03955551378044082,1.492059495602462,0.36235097344466205,0.014333659813920695,0.028248406667116747,0.5516624067217702,622.7119692322598,-4.097907660820858,2.4169887644336416,3.780093673981069,0.08754492900601325,3008.731864184943,2201.773234278013,0.19311628321327234,-0.0014838668781715506,154
1997,0.039633966278975724,1.8865685796813811,0.44916533097151073,0.043030559342876855,-0.013955126570196492,2.83841594106584,581.7728381166149,-3.1625901537256587,0.7342859698596118,4.882126459819454,-0.5441087626865141,3526.027770501562,4580.38973332878,0.19509767074460638,0.024287291691255007,153
1998,0.03965872868231801,1.7998268473629904,0.3279941159894816,-0.047610680511484135,-0.04817849530688952,2.7091290751402877,485.42551634958426,-7.162731277481862,2.215274455311153,5.118926316645458,-0.81392604717086,2371.917451458907,2361.0977001363012,0.19572225297524581,0.05068547901410095,152
1999,0.039664905243141604,1.3000757982892799,0.9006096133148632,0.01873702793568707,-0.0007384608976641147,1.1069647082993206,293.1963240165472,-3.724637839980628,1.2112591245940654,3.069909671438779,-0.06640562028302484,2867.810476782727,1556.2771666430383,0.19587798363278552,0.005348167233517009,151
2000,0.03969800074836799,1.2482604215506221,0.4778378438961341,-0.027781959631538258,-0.02027901609488491,2.1022738190705352,552.2403555653729,-6.826471618879172,2.6917273202374523,6.048231542472721,-0.24293091545938744,4262.897863806607,663.06737987833,0.19671201325234583,0.024287291691255007,150
2001,0.039729916366064016,1.996847999129145,0.2933580824583323,0.017534181594606176,0.04319946886762137,1.9498473235349236,346.25777511552275,-4.423072860792711,0.6955014267830965,4.779207063102924,0.45088378654523453,4737.781209281069,4031.8567481593464,0.1975156505771768,0.024287291691255007,149
2002,0.03973596325389483,1.7374634211578275,0.429515541883868,-0.04494051112287029,0.007643401847660655,2.8975166691946663,728.2881316444334,-7.183104561336745,3.0095000659430586,5.962319441298117,0.22699270404806346,1918.5613405073045,3579.7678252487385,0.19766783885901074,0.05068547901410095,148
2003,0.03974894379107367,1.142193886092631,0.2024385244932427,-0.003875257255452088,-0.03476551175942044,0.35371162368890496,762.2855557398246,-1.1116575378450562,2.9758045870785472,3.4909267298319087,0.3051600737519162,312.57514180712656,2510.168883514137,0.1979944552640222,0.024287291691255007,147
2004,0.03978763054840405,1.754179659886797,0.8981115439932807,-0.02198882827010926,0.04911338812910095,1.8837495301255014,492.5134257327,-4.965662045222126,3.1368244760718733,2.282677424919277,0.5392669000648274,659.3185877771549,3327.7163563113195,0.1989672595544274,0.005348167233517009,146
2005,0.03982094353175159,1.399448117350169,0.28288989050200186,0.01181745042340913,0.010206587511728739,2.833597509251242,599.1548670907023,-0.34192257494508765,0.7759896715215986,3.8999747539326854,-0.31145627934047293,3085.663230058045,3080.607028419581,0.19980417908670722,-0.4902399467185491,145
2006,0.0398626908391434,1.7929224267787474,0.794864219194438,0.033443202911477274,-0.04143749730509618,2.082025386945044,622.8840004531035,-0.9730137698029463,2.4379733372931724,0.9486871174391694,0.379197309636591,2565.993667439157,826.6913474454508,0.2008520055705299,0.05068547901410095,144
2007,0.03989817976853498,1.0366825568796496,0.5986801368509248,-0.04244148424231215,0.035616821006327945,2.362897241609207,336.645522785846,-9.755112616535303,0.48558159409240165,5.258399769454313,-0.5107899036807968,4127.981566327468,3114.9574582053383,0.20174188882941735,-0.0014838668781715506,143
2008,0.039964912129060295,1.8768698413436447,0.5140802396223411,-0.038039391630525325,-0.028429937549847052,2.9152286993324084,595.4188400643076,-3.341571994546109,1.2192266949975048,1.8857120085441603,0.11862285112764623,4474.4222354776975,1440.4413764751616,0.20341305818867622,0.005348167233517009,142
2009,0.04000395302071285,1.1880219552623905,0.5095191357566157,-0.0058699606877617196,-0.0048041724103168775,1.970767112055501,441.8705210758286,-6.564193210675645,0.44189996243842466,2.779460780731651,0.27945616363789777,1888.4868544401193,1891.0117380468323,0.20438946055929152,0.05068547901410095,141
2010,0.04001624766453482,1.897636344404634,0.7073770147946111,-0.004330717688900644,-0.014558564907318688,2.011702659754277,377.08338160211423,-3.2129250500280473,1.6246787030006782,2.0277134859731363,0.1627828577805481,4839.171135722438,2910.794166662571,0.2046967490642868,0.05068547901410095,140
2011,0.04007871679909754,1.3153383686676439,0.6930908055825995,-0.008494717645777887,-0.014310309145502933,1.2520343697885312,223.30829382201424,-2.2159359969963606,1.3955702262138554,2.8913122357914105,0.34685632119274906,2891.9665875218893,971.0514625510265,0.20625662608393158,0.05068547901410095,139
2012,0.040175416880066636,1.2610384233930956,0.4532707900654816,-0.005452986357629429,0.04939233850440872,1.518916652752715,242.64203996258365,-9.798165658628767,1.0505336071562705,6.200317318483418,-0.5119420939930657,3211.824868798092,3673.9620389117454,0.20866647398416016,0.05068547901410095,138
2013,0.04019756879018337,1.3899147988061136,0.26241488530821466,0.03161861312143918,0.03735336878249589,2.352467862515467,559.111025311704,-6.33581165029255,3.0757276403397595,5.5460309177511675,-0.25062618177731283,1667.9862872716665,856.9931187906878,0.20921770175040671,0.05068547901410095,137
2014,0.04042280097242482,1.3788386616028239,0.4531689186716281,-0.04767268969907111,-0.034926891200338435,1.816134290964956,419.19242346961494,-1.685669317867359,2.3577543241432526,0.1412117341270207,-0.24273636955974343,678.9517441910183,555.6932408071988,0.214805192080319,-0.0014838668781715506,136
2015,0.04051234521025096,1.7114541418818006,0.9301825409408082,0.00204371121347959,-0.04223807597196581,2.188237034537217,427.31970585634673,-7.260417729429619,0.017667597553392585,1.9555512446812648,0.18615532719533678,404.1827742156634,4337.736587990732,0.21701793348089837,0.05068547901410095,135
2016,0.040590757372316086,1.4678602211125185,0.3083739998678416,-0.04955289404160141,-0.029460264767957097,1.081012798472545,384.81757652410414,-6.308769821137653,0.01825036802172613,0.2800539356058608,1.4178139353744088,3678.212887874412,4683.903960995419,0.2189515755735182,0.05068547901410095,134
2017,0.04061583180114987,1.684108563915243,0.2505952824359793,-0.0059754606190210655,-0.02960091038395726,0.2769745962844772,715.8381064213593,-3.556117947567307,3.1345993624374735,5.15324780362076,-0.12000864253667821,602.1819826656188,3327.1559865693093,0.21956912225012276,0.005348167233517009,133
2018,0.040728325277175695,1.452472670938598,0.5883503423026992,0.016462001690542464,0.04820790186053743,1.844636464149786,168.79929191741692,-8.227370241154428,0.8844600360721048,0.8681524022494731,-0.9659607815993583,3007.5201301132133,3240.497336779717,0.2223349889523003,-0.18152021181509076,132
2019,0.04077113878381877,1.405950556205173,0.1383986932622965,-0.04666851171698805,0.001980405333564877,1.9734180608617264,150.89890688110677,-6.205495399385549,2.422620473717436,2.6899656252372552,-0.09486643068355743,4072.3944090077944,3164.28749726316,0.2233856341577769,0.024287291691255007,131
2020,0.040783825422991374,1.1230760861060978,0.265326299677109,0.03903621368594273,-0.01901942876257788,2.7770493982276894,439.8716404506203,-5.567558071311373,0.18084632164652706,1.5310535297033598,-0.4034777130537776,1436.6741542108434,775.0152541563034,0.22369675290815133,0.05068547901410095,130
2021,0.04080115851045546,1.2230941833355924,0.700713430386687,0.009126478476564831,0.029922527809728452,2.086597740118312,321.5948446164176,-0.03186881614513077,0.4319787882659051,5.919069608635463,-1.030310242204625,989.7011314734726,2144.4077703644143,0.22412166168151892,0.024287291691255007,129
2022,0.04085189722491539,1.06535990877345,0.8704795063375627,0.022800060057473884,0.01078088257233546,1.2009072222767039,221.50686316294758,-2.3557131206303836,1.2915979486642126,3.759578981301673,-0.8292103396657085,3505.079586217114,1197.9488283934693,0.22536444973235092,0.024287291691255007,128
2023,0.04086562411701068,1.7648223968573962,0.9131135106622357,-0.04156639049186294,0.042888189815788826,2.3708239050705178,266.1171147076868,-2.5650079725867374,2.1972346460636154,1.8147818424027506,0.16160492000002907,1098.6815640536047,3975.006217251901,0.22570040931603153,0.024287291691255007,127
2024,0.04095655069789892,1.3983855434772658,0.7625319230244366,-0.0031269230974822443,0.018092666482008427,1.4770395783769756,172.92874824581546,-1.4203696209015257,1.5668515893789232,2.3244438816393815,0.047209459655219596,4836.519029638674,2547.0073159052927,0.22792295151865083,0.005348167233517009,126
2025,0.04097551776517857,1.3518274395206928,0.3844916625471724,0.014616166203237123,-0.037970293895538486,2.166434298800262,335.61838001014587,-0.33446941724662416,0.8435326783105409,3.292037041692352,-0.13439938634270032,3685.3830863221447,2460.2598443931256,0.22838594648444788,-0.0014838668781715506,125
2026,0.040985393350825995,1.4822010592982438,0.9065251931274523,-0.030779202878012387,0.024591666371430034,2.1085274855198963,301.9782968232749,-0.7101375440328805,1.1961318449830205,3.4001136029019183,0.8920229073683172,816.2490889402814,2590.896440358332,0.22862692930321638,-0.0014838668781715506,124
2027,0.04126351839413886,1.1711724660700802,0.2907166344457366,0.017102271036804624,0.03599296486342236,2.518662694996468,490.32734309826174,-6.521024892774852,2.244620318833743,0.11623961023641198,-0.8745966122669608,2063.035929912402,128.05071467431188,0.23538996354888475,0.05068547901410095,123
2028,0.04131310872776947,1.221441234400933,0.8464959383761412,-0.03247003318383614,0.045422793501194464,2.0030526143603002,115.36003255308937,-3.637034528782128,2.775118756267637,4.355600960039532,0.19742269189354386,1169.573776260891,508.8829291347153,0.23659103802528358,-0.02684974113670431,122
2029,0.04133044545252451,1.5297258435388768,0.1909191302792058,-0.006309135719513499,0.015496677539396476,0.4016534404821482,373.0282111193502,-6.331356097305922,3.011681297886357,2.518485349903952,-0.11832273111568148,4798.014547002309,3040.942663472938,0.2370105922224166,-0.0063013866026451655,121
2030,0.04147191039628522,1.14089078519256,0.14296361915327152,-0.008082508430147562,-0.04831445010973683,1.8770917116310104,150.09777031113674,-0.9572973751708829,1.3710876423852276,2.6542610966694307,0.25753940872700315,3690.5211099772587,1923.3415457430303,0.24042752595455408,0.05068547901410095,120
2031,0.04148225941490121,1.827299391379231,0.7425787950817474,0.04923042949535043,0.029270942125121123,1.8922719623488646,439.52313747519713,-2.372008091144081,0.29921317212044685,4.504770843064277,0.7166778650234339,3316.5014575340715,2993.4250105592764,0.24067703767150284,-0.05147565138044434,119
2032,0.04160079590777703,1.981552463353687,0.4409235289928565,-0.010638340649761926,0.010171576208232194,1.5467742720063327,555.8080874307536,-4.590780196942312,1.8449667239271366,0.6474337460845566,-0.13231444978209927,2256.9700433647745,4062.667049810737,0.24353048529310656,0.024287291691255007,118
2033,0.041776017504752974,1.9233775299808413,0.45959652960577135,-0.04773287285952932,-0.04431550865410788,2.3234148219233295,630.7677071450046,-4.836748647356697,1.315122100576875,2.5880046850649943,-0.13743242284642435,4932.942406569584,1690.7032073915368,0.24773361678166095,0.05068547901410095,117
2034,0.04178475802806497,1.9514255866379318,0.3379128913671954,0.04631390596276124,-0.04085362976567097,1.2756260709572258,289.1597918492218,-4.798801392643536,0.6603663720433819,3.2729034761425715,-0.1559867048999147,3390.7400508909554,4912.196779983871,0.2479428183667174,0.024287291691255007,116
2035,0.041854765349318986,1.0712233697156088,0.15131305622615418,0.002960718022673279,0.009300151175960041,0.8274483844244382,349.7440724242319,-2.0976527141403105,0.6506151627345872,0.8106632645449223,1.2578457954042408,4321.990982690748,4298.868303531816,0.24961684363077297,0.05068547901410095,115
2036,0.04185743224639226,1.112844505747164,0.3545605423232017,-4.73747738568604e-05,0.027235426407817863,2.104743665206909,308.07309344458173,-6.856991319569345,0.9594403238768205,3.3257409346179525,1.005322679648801,930.2309504082875,1898.7721321662916,0.2496805594846221,0.005348167233517009,114
2037,0.04186442586951583,1.986305617785269,0.37987417248519206,-0.03396525936174,-0.02440386167853181,1.9827058880647133,323.37423892730226,-2.5801406210103095,1.9213500774181158,5.601898407800044,0.20206314991932658,4729.621442703349,3383.8073738449752,0.2498476275191276,-0.013787416297580055,113
2038,0.04187225560068823,1.9795220334114814,0.1672208269821553,0.0303172636292435,-0.005644676647148667,1.2343045124782368,286.15124684972733,-0.6744108038778315,2.2988764579996883,0.9985433730461848,0.4079020430641966,3856.5205250405165,549.971168258352,0.2500346359139688,0.024287291691255007,112
2039,0.041936210948995585,1.7045480932797321,0.24073647243619734,0.02582268508705256,0.0020181566551680206,1.9735178769544908,520.6256857519897,-4.591872051026342,2.4469974407607626,5.484054167686029,0.2481629463905883,958.8288487488916,3122.8211195750546,0.25156086263910915,-0.02684974113670431,111
2040,0.041973148843849326,1.242447994328242,0.24387099246798277,0.003486815096225412,-0.012925093456058525,2.7922568213952577,529.411211162465,-7.013527036391905,0.954644513961879,2.403775357428952,0.1027304097597555,3488.8754113663886,3449.9224522613313,0.25244128640425767,0.05068547901410095,110
2041,0.041994168370835444,1.4227190384043018,0.9260998013572556,0.03968696731795688,0.03673310725229027,2.216653662235538,286.1547614440044,-0.9755616227696939,1.679000955321365,1.731727905160043,0.25034144689281523,2738.351567842277,495.3137883381567,0.2529419461400787,0.05068547901410095,109
2042,0.042067240279797864,1.869203188182213,0.4820701040873672,0.04940687739131109,-0.03402254259554513,1.8986501538362177,428.94796737410707,-1.051448916672926,1.1295175898090115,5.382549868445029,0.6369715234629622,1466.4303061618414,458.1963444831961,0.2546804829678678,0.024287291691255007,108
2043,0.04207762656007316,1.2280876681458757,0.8991933081561657,0.002051078250274655,-0.015416255449618744,1.2220640517707748,184.3422690372945,-0.43511725688709024,1.9823450378528236,2.720612490752169,0.06498188558030685,2605.38466188353,1619.139968239839,0.2549273496091109,0.05068547901410095,107
2044,0.04213415704356123,1.377449134148079,0.47545674442752245,-0.011393796648359992,0.04106667236141747,1.1945679246242098,365.1958951734882,-1.2609470407510934,1.8892710748039734,5.524656366649576,-0.9756669722931831,3768.079397841945,1511.2724334831162,0.2562699287485016,0.024287291691255007,106
2045,0.04220712204480717,1.7200087488579694,0.56607137582739,0.03094137652208295,-0.03501135747149158,2.9461614886880056,214.56583285861336,-1.0385095842991958,3.1054582186482196,1.233592651948156,-0.046395561317442546,2539.5356346862804,1767.721866224282,0.2580001614468287,0.024287291691255007,105
2046,0.04221073746432196,1.3125822636606486,0.19099242593027277,0.002107329214236955,0.020849645555822003,0.7765807351457482,266.7335072920663,-0.38214673518469694,0.612593993200065,5.809590762682977,1.1260004653811226,2016.9317546509083,4617.749224840969,0.2580858167699781,0.005348167233517009,104
2047,0.04221952868494836,1.4841807002147096,0.30759147922343094,-0.03256812948278139,0.03917712955365841,2.374978642916898,687.4533870025648,-4.770151048655057,0.8199944777889631,5.099737713685183,-0.9971585172110596,1499.0800714680904,2392.804321683457,0.2582940648558745,-0.0014838668781715506,103
2048,0.04233966530892687,1.6972899430578596,0.33608444069093174,0.045023547106282,-0.012409232544080936,1.3760810005722188,407.6717551632332,-2.823300707359638,2.2330274882270698,6.056183849219755,-0.5530555142221801,2589.7929444484785,1447.2562405453746,0.26113554664242367,0.005348167233517009,102
2049,0.042521718055594966,1.6451111611714926,0.14570015005550999,-0.018783546809846563,0.010820176097803004,0.580664003373291,265.8740595195282,-8.219593605741531,0.8309318653626263,1.0628496269016308,0.6326650570214745,2212.838765001537,1569.7997828858192,0.26542614429090317,0.024287291691255007,101
2050,0.04254578420279281,1.2327055441784935,0.17477273133372745,-0.022231067246095585,-0.0028694816696893063,0.3556621756618161,483.2650170500804,-4.822681423633151,1.0232933171502032,4.7657993191120855,-0.6083392870252805,1925.3600787711796,4772.658742981643,0.2659919572559523,0.05068547901410095,100
2051,0.04257706713836472,1.674851906746807,0.28371303378055074,-0.01935947261443654,-0.02992850623498822,0.5164386578262481,615.1888715738104,-4.565492284185795,1.3527647852532454,3.61171102684436,-0.2461460093614556,1649.7642825130056,1535.7554215754662,0.26672696404874974,0.024287291691255007,99
2052,0.04273911862788989,1.8399760483450809,0.7739669159972388,0.016153360955972376,-0.043871911270146224,1.6658693299077383,228.6136252652081,-0.5932119014561472,2.4609588929270667,0.6918085316847115,0.9989175523066842,1058.9005548846983,1968.5133263226642,0.2705258137735072,0.005348167233517009,98
2053,0.042773613661418214,1.0420164677840031,0.20100292107931708,-0.03131341759505712,-0.03767498092269405,0.7259952882193491,501.1388775893773,-3.525771951238482,1.9193728758044089,5.476239419204476,-0.5904606378300796,2091.909617812689,12.362430965753504,0.27133259504399954,0.005348167233517009,97
2054,0.042807487186931205,1.942934432518862,0.12631794973037183,0.016698980857528786,-0.00956338896681843,1.9177758242646297,211.55595905395091,-0.09163191088502329,1.5751075760994977,6.000636537220656,0.1727904459617523,168.36868255583568,2712.720915150643,0.2721242073730529,-0.013787416297580055,96
2055,0.04291861018323423,1.0479517679766244,0.5227478644418212,-0.017280229825227113,-0.023969076454110422,0.21641363196913643,528.3405301309351,-0.26505823693211833,0.7324344757378464,0.5674822357694036,-0.046612546961270054,813.5801737145318,1425.298452933492,0.27471672148372717,-0.0063013866026451655,95
2056,0.04295924640246218,1.5227410066529297,0.6159123241862776,0.005642101178249736,-0.04529893072953847,0.3791535713805344,552.5733030297688,-0.8589705457797525,2.3820292700351073,6.131605101979252,-0.2407526421136364,876.7692247170804,2379.60494031623,0.2756630940150664,-0.013787416297580055,94
2057,0.04318955597677252,1.1404471077027818,0.5335802199971568,-0.026008689461877343,-0.038611528854411124,2.8020115629426385,296.3033433199031,-5.154418667117308,1.540214988799631,1.7991652053483218,-1.3111156923879734,3013.8891842319617,2171.710857885834,0.28100989203495796,0.05068547901410095,93
2058,0.04331242148060004,1.0086061287440917,0.4268837950243955,-0.0207009812600528,-0.00827300956173907,1.6371832762644507,344.50229702348815,-1.2566745190892978,1.2936316203839813,0.9054899898943396,-1.3664738310303386,1574.1181755701243,2269.6091262137443,0.28385064990115555,-0.013787416297580055,92
2059,0.043545812061364673,1.034034776748769,0.2617064992740976,0.04589956965004936,-0.01150915962906335,1.9092319601466061,281.48334766403786,-4.463437030488051,2.396050584203086,5.714282063940748,-0.4753830053007927,1446.7736142859742,1404.99689013444,0.2892247205667353,-0.09310262642668454,91
2060,0.04354996040902663,1.5717039956152112,0.9012387795109948,-0.03565383478916252,0.031697267493550466,2.3463965627558308,563.8902333574239,-5.384718875974373,0.42742487781789523,1.1557829731756855,1.1968797799747797,3316.438090183405,3515.1440187186367,0.28931998001614345,0.05068547901410095,90
2061,0.043558518052819184,1.6115505267111663,0.17582486777676207,0.012471809537935337,0.04101697492418103,1.178678468263505,264.0212228738527,-1.3726094565676186,0.4938438550666597,5.298500781118341,-0.9292156339948835,4442.255179675635,2433.4715574670363,0.2895164624704377,0.024287291691255007,89
2062,0.04397796358333363,1.1278660217663323,0.7776999971375637,-0.030126124094595523,-0.008167927762335075,2.0273341634177533,586.0607210057093,-8.582264389934695,2.96452110132123,2.827306340683287,0.5377644320630695,4042.4663045070047,3327.1296845911324,0.29909986662108956,0.024287291691255007,88
2063,0.04413938174950181,1.358335579550964,0.964656098698107,-0.030985640252901736,0.03796854114925281,1.6166173438174076,287.84024880804895,-0.938776037626159,0.7407606309343808,3.2180360010758076,1.059057952824973,675.8659465672799,1789.6522515711317,0.30276357995959935,-0.02684974113670431,87
2064,0.044416695956073275,1.3038543013527084,0.4277902902298173,0.006673632046534948,0.036572930529284044,0.7156878133008191,509.14354207575815,-9.464149928375017,1.3417419132729018,0.809942302276643,-0.2980172557149658,111.0632004410678,4353.139836843113,0.3090266196118149,-0.05147565138044434,86
2065,0.0445523313620797,1.4047570115849133,0.15142218102018243,-0.0009206221742335363,0.03179476308827069,1.1740260145247225,351.049576733418,-1.3322790592715086,2.3820340365824704,2.360973491058699,0.8412389988789133,2977.4966460386872,1594.4516967635918,0.3120756697178305,0.005348167233517009,85
2066,0.04455677239579178,1.4852988209903641,0.42373573265603987,0.0122089112080213,0.023902761515122335,2.153309800667366,188.00040912564668,-0.8243380302919046,0.03724340069990395,1.2246781516386145,0.0579496457713451,1363.6865444150576,3989.8238336878285,0.3121753460365959,0.005348167233517009,84
2067,0.04459298933378985,1.5719068237890164,0.42921539132907843,0.03527090219221651,-0.012305830873645087,0.9217559795134201,181.03564768237655,-1.6406017953470993,0.9686905258489104,3.4260448772739687,0.4544110288602229,487.11179292422935,1030.8072838225485,0.31298784265547575,0.05068547901410095,83
2068,0.044613499081195315,1.2071906902344094,0.41890603754190847,-0.017257007749692327,0.040508000086771294,0.9092719513722511,244.84373404247114,-0.005521092513322376,1.53186283046937,4.263077364285794,-0.4810390292430396,1207.3110773903077,2704.0271456599935,0.31344766902308674,-0.0014838668781715506,82
2069,0.044618972492331044,1.359523871341139,0.14073840576056365,-0.04050925000041902,0.0078671543356175,1.3837736856557594,37.47304840440968,-4.465459396295454,1.6696566283113485,4.0537363905863,-0.48532460371172265,2800.279581154128,3202.6149463003294,0.3135703465875732,-0.0014838668781715506,81
2070,0.0447575453292476,1.0284160281687253,0.4366404140693607,0.020807195025732774,0.03985054910141761,2.534051738300335,469.8813473277999,-6.985608868160817,2.1901744317071206,0.08577869812773917,-0.7680448639123332,2236.60036398125,123.62939598597976,0.31667122702756956,-0.013787416297580055,80
2071,0.044794812486138855,1.652658339495872,0.2401382693632261,0.0035088867425276723,0.03606425341666261,1.9946969609570138,318.84206833939373,-1.7207141782350104,0.5037896695810065,1.1612241788927455,0.6460847504891314,2368.2065833293,4467.131669084846,0.3175035258067715,-0.02684974113670431,79
2072,0.04497151727728588,1.9456518034149355,0.14348661270656235,0.014982689909583551,-0.01430181261364722,2.1144075437919905,245.81265279616179,-0.7127992836675219,1.5633568346862672,6.079848476598213,0.2854598179881911,542.1301197102179,2531.6032945430993,0.32144052579007976,0.05068547901410095,78
2073,0.045030068594179004,1.3455753615161496,0.3186944323598983,0.0044165528881470895,-0.02691226600541607,2.520316513106739,350.5605667013145,-9.59284551357627,2.0745462513338357,0.41919459664607533,0.3338275139311019,2894.008039648774,3336.2254879111024,0.32274164342230227,0.024287291691255007,77
2074,0.04513487892418367,1.64033455606458,0.1281397377222529,-0.04462315184312057,-0.0061181675582941165,2.0423830326218573,282.0208426814648,-4.978943062499278,2.305769632567143,1.7728374639484799,-0.68467960685337,494.4285564869831,3694.746643488692,0.325066502030807,0.05068547901410095,76
2075,0.04514965798463143,1.8809996569449445,0.5454337518183437,0.032749269007288154,-0.0463190389335011,1.6408396216132815,511.64687186367144,-2.4056111199238677,0.9735392442494855,5.2066855830415575,0.6573918907443641,1200.7398877180742,354.2915136171757,0.3253938905534963,0.05068547901410095,75
2076,0.045243829935283975,1.3521153845108773,0.8972825796015045,-0.04502894190642805,0.020459031753310597,2.7809942878367893,578.4984312964071,-1.76393793240248,2.3209351028052243,1.9119397798759281,0.3851763205932597,2909.670366641326,1244.0262664412758,0.3274774916378292,0.05068547901410095,74
2077,0.04544056244652803,1.0463533617616212,0.5370776524102113,-0.03276771179870095,-0.03052932521544234,1.9226925101043948,173.48545424080737,-3.5041883336630892,1.3559157660491608,0.8972956743423728,-1.17436459216843,2042.4270425469372,2505.8719370077197,0.3318163379312429,,73
2078,0.04555742198853364,1.3777479627327904,0.21302890473866104,0.0301893268145739,0.00402977426681437,0.6137397644535475,373.57815602954696,-1.0703785604653062,2.1836162694622625,5.900755701818247,0.09459608932116673,2492.489956415388,837.6947839222403,0.3343847378133089,0.024287291691255007,72
2079,0.045615308703554326,1.849701891285393,0.12580424854624142,-0.004537420541550141,0.022557922767618102,1.3665380964520448,350.06319081510287,-6.2873914411910725,1.2949849353492542,3.2538397798481893,0.21564343953081075,946.3946848561121,915.9837544292718,0.33565456317358344,-0.0014838668781715506,71
2080,0.04570348895907831,1.0704610765161162,0.37704295165703805,-0.048820995386313196,0.048928165479138065,2.670777828586755,399.4988211619141,-8.780543203224193,0.2126230384785798,0.3861944315060578,-0.12879328567065007,3828.712179072845,3200.9702090953174,0.3375858256340776,0.05068547901410095,70
2081,0.0457436941705538,1.5134882231948261,0.24817634663536287,0.01679858856215725,-0.017410369234044563,2.1492753562424785,155.78122905523952,-7.2486467189049275,1.4003349993957632,1.670105324064112,1.1757148792253693,1924.3549362332842,3759.1062477485025,0.33846513569458203,0.05068547901410095,69
2082,0.04577834946329532,1.3402726005846601,0.5078356628238718,0.009722287872495987,0.03949638549306222,0.8256982692666078,204.39241195601778,-0.1788950846494556,1.8581498594238102,6.239252753030063,0.44436312526936733,1778.765146191896,3824.6842071812357,0.339222446021632,-0.05147565138044434,68
2083,0.04596496487580371,1.2198474720497638,0.3361459576402825,-0.027467444652936053,0.03455950881353476,1.0515000701257462,173.06941797500417,-0.46816670506037633,1.7731583177658656,5.057485307679943,-0.05386283923246324,406.8763781275817,899.5878564723323,0.3432906589749577,-0.09310262642668454,67
2084,0.04599158095818279,1.4711477454549835,0.2881595137715725,0.04931165693024134,-0.039628646178428185,0.9773833208293596,566.1529773279642,-1.1691905379199825,0.9719437605709087,0.48022550208541065,-1.1038771486798271,1044.7487440705822,835.8175094621305,0.34386954290063465,-0.013787416297580055,66
2085,0.04640380309664161,1.8426472612406988,0.4023215623372004,0.04411407610552172,-0.016497316425272683,2.7190490847122923,631.546156738168,-3.153345394907639,0.666952159526784,5.173592271528295,-0.11249633616553636,3581.9886502117147,4682.806596161015,0.35279260497352094,,65
2086,0.04644396767672068,1.190619380594691,0.45087792050979747,-0.02850652270540145,-0.005035359397439891,1.4518852963470703,164.4315717031889,-4.256534689976735,1.920753649116977,0.4323340481026685,-0.3995243486147795,3922.6627426810005,3927.330854354596,0.3536577756125161,0.024287291691255007,64
2087,0.04652290384385974,1.6563850495086818,0.2456440013082401,0.0007062553975230838,0.03179638840669996,1.1965965249241237,345.2799333169723,-2.4343138590004636,0.037415168513280354,0.13718221112702977,-0.7165073340550077,4056.747809002077,2879.011864963835,0.3553559329199003,0.05068547901410095,63
2088,0.046524345302192176,1.6518309833645262,0.32522918459917166,-0.019335111499721846,-0.004869043981329355,0.25376374047085015,257.65672966184917,-7.592201854945343,1.7267398500262459,0.1871178934326783,0.5432704263195113,523.3375011498038,2120.523277133482,0.3553869162825567,-0.0014838668781715506,62
2089,0.046583773808031796,1.1883932903332866,0.6083673057132334,-0.0035747093597125,0.01765210663595183,1.4338759594427808,69.78898376159619,-0.35338715045474,1.4096056532863632,2.281555635587137,-0.3713733615827341,4877.880098060561,2501.26116515248,0.35666346476139854,0.024287291691255007,61
2090,0.0466378732493145,1.1435050887010738,0.38537132151428544,-0.0405101983709319,-0.0407087567023154,0.7269690541555321,448.8399458989143,-3.1120263102251107,1.1458452971920374,0.09142173552538041,-0.31470743380053656,2156.8126482342727,550.912034336291,0.3578241275272531,0.05068547901410095,60
2091,0.04693370827384613,1.5760038881764342,0.301629662724726,-0.03671079095724116,0.011526785843941146,0.05676716422077471,605.2732408278564,-7.498826434470354,1.2654398200035692,2.3159346533583083,0.2270261031084898,82.35292522932963,155.13250748233384,0.36414732962368435,0.005348167233517009,59
2092,0.04697110267221727,1.6471511039412239,0.3847891398675186,0.03157556155530277,-0.025131762610530198,1.2454727832647163,564.3997051763255,-1.2677775929166604,0.37387455207142417,3.1321757513674333,0.8467679681892629,2694.0691005536073,2264.8828134888468,0.3649437616695412,-0.013787416297580055,58
2093,0.04701075204700009,1.3782418257561937,0.15734358957280334,-0.043067857805495276,0.009503322544461523,1.3414142785554788,44.34670300958876,-4.483208585258016,1.651179061051466,3.896574923181147,-0.5181949033632121,2900.144231023491,3336.5664647301564,0.3657875283147809,-0.0063013866026451655,57
2094,0.04729542905852058,1.2656800802488786,0.6629859663299048,-0.04181037783514403,0.039412941307260654,2.5767018839244407,224.75091520407284,-9.345065017151594,0.4086085770100232,3.5762502401247227,-0.3847745074956706,3958.723589182154,3310.8431585237795,0.37182483939805877,,56
2095,0.04733819440836829,1.6176832927777922,0.16644797669620065,0.020222394634744765,-0.04206139186292244,1.7141932578808134,177.49769258944247,-7.501362728502895,2.0989176136631853,0.36318304441295207,0.4963427243031819,2898.0683475095884,3637.013531805428,0.3727286482387553,0.005348167233517009,55
2096,0.047407817189099775,1.9092031831645155,0.3646824350213641,-0.02918827754046555,-0.04943925415276914,2.6047976376487254,478.9522475965208,-9.257043497966055,2.033374771753064,3.9599493992825003,-0.7525716452467366,2062.033933704817,2840.1214534440014,0.37419832051498436,-0.0014838668781715506,54
2097,0.0475802212726354,1.3274678126391815,0.28012821379773895,0.04821255706241568,-0.00013393881916275876,2.0222493132464887,195.1784263304292,-0.7892030724344625,2.2257338463427447,3.4223843366775153,0.4926120697684775,2779.0208780708035,1783.7253221878723,0.3778283412132213,0.05068547901410095,53
2098,0.047720254309020466,1.6006092716809224,0.18373678273787974,-0.04247569623868226,-0.038119101269289454,1.0665111832209193,401.13443133689657,-6.197503434945606,0.6605719186220405,0.8235884172170704,1.3576645094937931,3660.018192091977,4805.809198573896,0.3807671122174803,-0.013787416297580055,52
2099,0.0478815987730101,1.9469980640769173,0.13518144302077328,0.010724706511204274,-0.02909761025474765,2.1315557418062117,244.55983242859932,-7.839100541365648,0.5232082664463829,4.819006793680906,-0.448463615377293,4137.193302033056,1143.4461535888795,0.38414245719188156,-0.18152021181509076,51
2100,0.047985283753827906,1.2961136472652366,0.6357666725544248,0.0005294822634645644,-0.006712041734122823,1.2758273743568949,216.86513367250947,-1.5860067933894857,1.3354378263882396,2.9712463088413124,0.3268100904519774,2855.8849026863295,1071.4117066929775,0.3863055612485473,0.024287291691255007,50
2101,0.04800447960711343,1.8482404815336633,0.790626893396575,0.035286110305556936,0.040664253187592966,0.5340236720025585,760.9325419325546,-0.9353542083540555,0.23536471180964558,6.044055509361168,-1.0874666792192154,2058.814210116604,1576.4108270937572,0.3867055175120008,-0.0014838668781715506,49
2102,0.048004817514266634,1.92178832411063,0.2587210773284886,0.02943926142487297,0.03608577135248377,0.7381354267128092,334.4477005782554,-4.811384576757327,2.8387814385339896,0.08796109770050192,1.4656947077519344,2061.455946656169,3447.27961269072,0.3867125565626641,0.024287291691255007,48
2103,0.04820591093314466,1.2215150106292996,0.2617633552412863,-0.013652290230197369,-0.02642343065933161,0.6918762734170605,420.6261561130875,-9.993940459443952,0.5392652382347509,1.9640347368642603,0.3197688496796792,2929.9477155127797,859.4729561711488,0.39089283281584963,0.005348167233517009,47
2104,0.04834597683398275,1.0595240228520817,0.8401872410825659,-0.047190062930587015,0.0006308850854433552,2.5878417041590147,655.4386795525094,-9.667114151322188,3.0182787078815982,2.816278551733818,0.41917653292391815,3505.660309919522,2523.754485839219,0.3937941950228891,-0.0063013866026451655,46
2105,0.04872377424365134,1.9835184782647588,0.12812038935016692,0.027042119439759867,0.03734576994763401,0.6342155684502899,301.6977032910766,-4.956156020699442,2.963148461674797,1.143488236771383,1.1769664043129144,1639.5643973824563,4994.241692639468,0.4015782742667984,0.005348167233517009,45
2106,0.048886405597624194,1.8407081397225555,0.9771055884321841,0.04126513652793342,-0.023130818506932375,0.8815603677403866,678.0893727122541,-1.7235952253874722,0.8186333921611664,2.790042201644704,1.3634403582591295,2391.5994097110324,3524.4187295499487,0.4049105395023672,0.05068547901410095,44
2107,0.04898273271903682,1.2998995906065363,0.2926884898129507,0.0072061801665680315,0.034915680340434956,0.6612830794464404,189.06609296179948,-1.0597028171500835,1.494644998459548,0.9116130980976881,0.8056814318174887,1751.8025931628522,1263.9756841008818,0.4068790283268373,0.05068547901410095,43
2108,0.049084278878761385,1.797254459525775,0.777414952195064,0.011579946346036879,0.049250607208553066,1.5241301432680963,338.0610738252682,-1.9099241092509187,1.863495623748259,0.03709403805877022,-1.4155733169413562,1304.2524951803512,316.07386749594343,0.4089499835718816,-0.0014838668781715506,42
2109,0.04911289428757135,1.6872484798573837,0.6145205613365426,0.0333722136567116,-0.03027300265597204,0.23144061194474486,559.1970930961726,-1.2190918308252443,1.5742817409708652,1.9306780403498855,-0.44414991524667324,445.4312361696491,2673.7652819691984,0.4095327989156907,0.05068547901410095,41
2110,0.04929156178916366,1.2923537418040967,0.1456748587812742,0.024650546182137835,-0.04076124755764876,1.8040184064902434,625.8636125552706,-9.811829988266737,2.250491160591002,6.130331267446657,-0.5826128101966863,2159.113283569706,1479.2829536582738,0.41316409174624846,0.024287291691255007,40
2111,0.04933818937527045,1.057275486057569,0.7678867336558884,0.03302096428332243,0.04648574431168651,1.1082834441089244,437.16862311976126,-0.31492763522037964,1.0565142594822863,5.752466418341928,-0.654413924333543,2485.9389651497727,3910.5617893347335,0.4141095993447106,-0.05147565138044434,39
2112,0.04941092625248618,1.3051419130771642,0.3997247670924535,-0.039271934940897125,-0.04830526667612902,1.8409098526896603,190.7976819278291,-3.941945068758652,2.067509377727375,1.3220258067189485,-0.6544082017323728,3204.6525985777525,1299.0089069153921,0.4155827647479222,0.005348167233517009,38
2113,0.049479325551913964,1.1679679683838762,0.461772149018152,0.012888192495393053,0.03733439771204994,2.5569499622925758,577.7812845271504,-6.611055021213394,2.2676539552606267,1.17333199894163,-0.6966428572249179,1105.18436718417,692.734356862158,0.4169661025206084,,37
2114,0.049791649574001416,1.3519066671610502,0.16434878189336963,0.03305461277868499,0.03235055706649643,1.2277203113255672,201.92696569206956,-1.845912427353268,2.1250537997358054,0.8333886388065174,0.002454328137658217,3669.955915198557,2270.693137153725,0.4232584765443924,0.05068547901410095,36
2115,0.04998937484672878,1.0993780210785096,0.49340398241770583,-0.03178217293714708,-0.03790395240117452,1.9730272597270442,113.63584523581459,-2.1501669039011437,1.7781954774870263,0.9510647011262159,-1.047130084169583,2811.5783735113373,2310.892133331553,0.4272216655911736,0.005348167233517009,35
2116,0.05025606627156874,1.7542601884076154,0.3371487501119337,-0.025306844274312016,0.042298073197900805,2.3695118361292975,475.9566089817274,-1.228458035374137,1.8328923683707548,5.796297357584981,0.03525729760154133,69.66627993164795,587.5267552870528,0.43254244728558466,0.05068547901410095,34
2117,0.05030172808814858,1.68505850540867,0.5027692571114012,0.0013433734646178099,0.044483193519438885,2.1702677714710688,254.9620939103701,-1.0730481997831163,0.8144238910068322,0.8460048847683675,0.8394696452000309,1058.787752397036,4582.1624493756035,0.4334506179551769,0.005348167233517009,33
2118,0.05038895046546638,1.1873067450463286,0.14483816360784896,0.004458927799159865,-0.04950985909648561,2.4659471011249483,511.7928455752282,-5.977433904645965,1.6853772793378168,3.1867924129370193,0.24726609387815882,3471.3194534382337,185.68267051522494,0.4351831000555386,0.024287291691255007,32
2119,0.05070532308974512,1.1027637656815477,0.4472862077222605,-0.009901212796162745,0.044563984618608186,2.425827114423333,404.9311738729721,-7.04510200098042,0.8210169544435555,3.1051529338409463,1.0821187905814253,1950.1287724400795,3508.1190500073,0.44144208280447317,0.05068547901410095,31
2120,0.05077525767586444,1.5355614494766037,0.521830844330203,-0.039828000408171804,-0.017524215755187884,1.3068870630043377,230.50769714012515,-4.158972740105986,1.298557742082011,0.3488377336532348,-0.1022069388612801,3649.394602801218,3694.4258942792226,0.44282036812099623,0.05068547901410095,30
2121,0.05079649397780592,1.9167616884136245,0.2255214580276712,0.017829275919590187,0.0437278378173563,2.041954063420761,247.11105374974773,-3.416942483541851,0.6497192151331855,5.158974667274718,0.41065214167131137,4660.481940244642,4249.302779798424,0.4432385218282078,0.05068547901410095,29
2122,0.05122920914836428,1.8601159566693621,0.37122136247625265,-0.049505368428593,-0.04961057374009897,2.748915357649394,505.7979670793478,-7.728564950914316,2.2265051281935038,5.10684161695309,-0.5913475732489896,2360.975534023541,2524.2457078049656,0.4517210463666419,0.005348167233517009,28
2123,0.05128690515398626,1.0746128101464836,0.13896605781432056,-0.03586204046759663,-0.030813727707888698,0.7097612603064014,452.46249724345495,-3.4285403717932903,1.666709104825184,5.805328080293178,-0.6412025941973188,2328.805674680825,122.23005044892506,0.4528466452465074,0.024287291691255007,27
2124,0.0527275501840968,1.1223675182935702,0.6609568181280407,-0.048672356290329996,0.010049729030729244,2.492239106991702,400.263134023615,-9.439927979854712,0.45361844350978264,6.260772864528577,-0.6913986434885746,4746.133204359076,2768.4030349512727,0.48054927865084807,0.05068547901410095,26
2125,0.05277747541314201,1.8151612426627846,0.17734330244875363,0.012002974440560168,-0.029914229788004752,2.015198770172829,531.3899961595948,-7.657440730124337,0.8989778206580116,2.85873422584773,1.1637612266779722,4126.755448106329,776.0467280989404,0.48149568347828553,0.005348167233517009,25
2126,0.053157071870176494,1.9228533258761398,0.18523517345486556,0.038080495179419784,0.03174748202721068,0.6441678939477578,346.6347254444897,-5.043423759352834,2.5585330920880947,0.4867265406601539,1.2771644371875939,2414.08695368411,4426.244862192681,0.4886623366895406,-0.0014838668781715506,24
2127,0.053342214100076744,1.2783323283653636,0.8640038152000892,0.048127303785118467,0.049531615348809524,0.4115005552671984,570.5094793537627,-0.9686305397575523,0.5722720028340821,0.8540723321086175,-1.452837168089782,1533.1225309425326,3356.455809058908,0.4921392128906089,0.005348167233517009,23
2128,0.05374522327240756,1.218168603031299,0.19125838728322692,-0.049825339405844424,-0.007011195332420748,2.0430398943036527,235.74422961065156,-6.024448799204423,2.260368360118342,2.140672590252318,-0.14477733974747406,3768.7976421264584,3405.845322461815,0.499665979518531,-0.0014838668781715506,22
2129,0.05390140384172221,1.4474695113564056,0.17849490227884512,-0.030285393209465133,-0.037301305728201256,2.122696474282082,256.00418016628123,-5.416666602227954,1.7749325322785237,0.8221743924307122,-0.334458377773338,2738.6816136898874,332.23998453338766,0.502567708687174,0.05068547901410095,21
2130,0.05394123985253311,1.7901010242734665,0.2963089964213937,0.01054896642229233,0.041551965221900945,2.435852464897577,544.1769885287154,-2.172004390811694,2.975422042730837,1.1770265416303467,-0.9249036715838672,3345.9681500946044,3718.1661966777406,0.503306489029684,-0.05147565138044434,20
2131,0.055229653045253575,1.699853000777161,0.5313963691165423,0.02662735129412476,-0.04839879713768037,0.9147806124444777,315.1770899582766,-5.71940906860156,0.459736415576198,2.896648789072248,-0.06106679885537284,2944.4820180815314,4163.9880021498575,0.5269111877058492,0.05068547901410095,19
2132,0.05564687997610272,1.679958850679283,0.15548456484116238,0.04929479495808168,-0.03137794013516852,1.0550225772342463,498.26399633817385,-1.6901695655590332,0.9847218998197477,0.916956562734318,-0.8705618071189231,1549.6547218660974,948.4281969236552,0.534437196840826,0.05068547901410095,18
2133,0.05695733601785848,1.7232927937540223,0.9434709793346397,0.012316526231378843,-0.04572294072399708,2.5482861447912324,553.2729181445878,-8.863154232532745,2.60612647304397,2.0266853645326233,0.11656497384762321,330.983629155948,4363.9360028439,0.5577136824710358,0.05068547901410095,17
2134,0.058147273086532905,1.4231925342217726,0.9990009866758441,-0.045898803468375896,0.0224614430618544,1.8139898376018284,226.5041128166258,-1.0694913690214645,1.2765927054755712,4.291773721263718,0.8814342271054318,1533.6789225793336,3721.788474342144,0.5783901692048923,0.05068547901410095,16
2135,0.06171054728506879,1.2877606104922084,0.7511080374064926,-0.006991922262523461,6.01191422106395e-05,2.5376767130368987,354.5457873152361,-0.030624171316103566,2.4923899111000334,3.490158934191652,-0.09746846522867032,3603.6554175525816,4322.83154651623,0.6378660467650485,-0.0014838668781715506,15
2136,0.061816594148511525,1.212660841615366,0.8442411613237151,0.04760943012381584,0.0300962904569042,0.7021751899810668,600.1026006575248,-1.5573072537435102,0.6221195346604812,0.20058010448124056,-0.6759321439327752,1625.3866906675305,3481.786931961732,0.6395830279606696,-0.0063013866026451655,14
2137,0.06354923593151901,1.0980328737501999,0.4971307848587915,-0.030490997231321513,-0.041683802234889884,2.0093607722788063,119.23790851143124,-2.0831567022441124,1.7692704290023933,0.9795356837756359,-1.1062477025440278,2842.2865007257615,2285.5801044899786,0.6672261602661216,-0.0014838668781715506,13
2138,0.06885287423753686,1.5247623789912417,0.2542549192263016,0.016674294018298588,-0.015508743600089483,2.1707493928432804,160.70232727977051,-7.150073323008329,1.384549296061871,1.6967184064307013,1.1269966139863392,1970.099543118397,3793.23750590441,0.7473831564831848,-0.02684974113670431,12
2139,0.07156565255071735,1.5906370470943876,0.6237325374176057,-0.0022719230188065712,-0.0476307578862211,0.44304968611976364,522.8364099814485,-1.264944364393929,2.4749599024648825,6.0048197892076605,-0.45222151855214876,1196.157460598811,2768.7835953675203,0.786026431699133,0.005348167233517009,11
2140,0.07670665514269492,1.3692971935932752,0.14217579372474212,-0.04377156461316674,0.010719105725211852,1.3077751728474432,43.93489236194348,-4.058314239592667,1.6471518059636205,4.0038949903636,-0.5335611996213607,2895.1096220405134,3238.709191151555,0.855399658903107,-0.0014838668781715506,10
2141,0.0777356241850913,1.0672944273283773,0.46822024630939035,-0.04032421442365161,-0.039199952549475,1.9407096356301192,141.33061634980982,-3.036935694307675,1.6948857472552312,0.682621842770485,-1.1750472187064764,3225.858177477482,2192.4885579087354,0.8687248218330881,0.024287291691255007,9
2142,0.0809024166576451,1.3904628415523848,0.17753058496792412,-0.04710605121967877,0.006772497024253105,1.0820690822062788,133.1520076700037,-4.297911544358398,1.3455989513954845,3.693080698087297,-0.2416300638179752,2332.6886952057207,3184.2706065953785,0.9086548815874824,0.024287291691255007,8
2143,0.08403085684481273,1.1964187133524364,0.2825336180754696,0.03346547536259531,0.040146769722589126,2.5328197506425227,439.8165602749221,-5.523227197886561,0.18064068587156104,6.14161928590223,-0.36341197045364537,2100.5363562902617,1692.6295076101105,0.9465952605902999,0.024287291691255007,7
2144,0.0941331701004916,1.5232419733110116,0.4080594808440513,0.03367821333824848,-0.009792379564322662,0.8768154875346849,173.16328867898116,-1.4786467860840085,0.9189126270249507,3.859983980357766,0.38648405699519744,635.3754028221039,1210.138978658214,1.0601216686999635,0.005348167233517009,6
2145,0.09652966116616216,1.835721404573541,0.21216666399925288,0.010847099340921344,-0.04156195505867473,2.619298698089714,360.9773763004529,-1.5959473369293906,2.010146258741778,0.7918396797943617,0.359112750387084,1052.2954139460444,130.8296380492575,1.0852615165245418,-0.05147565138044434,5
2146,0.09727946618493333,1.1884356665539741,0.8314931168616427,0.04818503303652977,-0.011848814028792782,1.9962264193203305,126.33721298518363,-2.7146554680541444,1.5307593517561013,2.4013778997553663,0.06872087108624629,467.6339105844314,3930.6430881556225,1.0929991166050548,0.05068547901410095,4
2147,0.12118005050951343,1.3797914597352845,0.3918051981513882,-0.004181190725635469,0.019327235421653464,2.6664813088737294,81.12360176168583,-1.8492707963079194,1.4005240661718112,3.070167271289632,-0.6655119214914541,2929.739406188734,277.8692377677955,1.3126886461411242,-0.0063013866026451655,3
2148,0.13158371588025475,1.9640181406586896,0.3994484072878705,-0.03066070867261829,0.04003951224450631,1.563846140354308,205.1544724054093,-5.242697530230182,0.8653153741955194,2.894121220704025,0.0717872058851236,1276.6376405274073,618.8414496897475,1.3950544575335382,-0.013787416297580055,2
2149,0.23805049966996572,1.274167436595714,0.5840987774757274,0.02636735252763156,-0.011267792681283844,0.8283053375970618,265.7227264572093,-0.792921072320027,0.7084387011007744,3.22576440215982,0.5266818374125896,2192.5663141593745,83.78343615026587,1.9878940204614195,0.05068547901410095,1
